id_maintenance,id_host,date,type,duration_min,technician,notes
0,0,2024-11-15 13:54:29,Patch,345,tech045,Server rebooted successfully.
1,1,2024-07-12 10:46:53,Patch,28,tech048,Performed kernel update and rebooted.
2,0,2024-09-19 16:30:47,Network,112,tech044,Applied security patch and verified.
3,0,2024-08-28 06:10:18,Incident,316,tech016,Adjusted firewall rules.
4,1,2024-06-24 01:28:11,Upgrade,226,tech007,Updated TLS certificates.
5,2,2024-06-30 13:08:47,Security,170,tech020,Updated TLS certificates.
6,0,2024-02-05 11:51:47,Incident,366,tech035,Updated TLS certificates.
7,1,2025-02-24 05:11:37,Network,300,tech007,Performed kernel update and rebooted.
8,2,2025-09-22 12:58:46,Network,414,tech018,Applied security patch and verified.
9,3,2024-07-02 20:25:37,Upgrade,85,tech019,Updated TLS certificates.
10,0,2025-01-25 03:16:14,Upgrade,64,tech040,Replaced faulty NIC and tested connectivity.
11,1,2024-06-12 06:02:48,Network,234,tech001,Updated TLS certificates.
12,2,2024-11-22 12:16:25,Incident,72,tech047,Updated TLS certificates.
13,3,2024-10-24 05:24:14,Network,409,tech027,Database service restarted after crash.
14,4,2024-06-16 23:22:15,Incident,153,tech027,Server rebooted successfully.
15,0,2024-07-27 21:23:17,Incident,278,tech011,Database service restarted after crash.
16,1,2025-01-07 16:46:37,Patch,407,tech004,Updated TLS certificates.
17,2,2025-08-01 06:58:11,Security,254,tech043,Performed kernel update and rebooted.
18,0,2024-03-02 22:26:18,Upgrade,396,tech001,Adjusted firewall rules.
19,1,2024-09-06 13:23:55,Network,254,tech043,Updated TLS certificates.
20,0,2024-04-01 02:08:55,Patch,330,tech045,Replaced faulty NIC and tested connectivity.
21,1,2024-03-27 18:11:48,Security,237,tech008,Checked disk health; replaced failing disk.
22,0,2024-04-23 17:39:27,Network,311,tech041,Applied security patch and verified.
23,1,2024-09-29 07:39:21,Patch,171,tech045,Performed kernel update and rebooted.
24,2,2025-04-03 21:49:11,Network,237,tech015,Updated TLS certificates.
25,3,2025-07-28 09:26:24,Patch,135,tech018,Adjusted firewall rules.
26,0,2024-12-16 11:56:22,Upgrade,234,tech014,Applied security patch and verified.
27,1,2025-07-17 17:11:24,Incident,365,tech001,Applied security patch and verified.
28,0,2024-03-31 22:05:09,Upgrade,81,tech028,Replaced faulty NIC and tested connectivity.
29,1,2025-05-14 01:34:45,Patch,120,tech034,Updated TLS certificates.
30,2,2024-02-19 18:37:06,Incident,361,tech013,Database service restarted after crash.
31,3,2024-04-24 20:02:23,Incident,63,tech024,Updated TLS certificates.
32,4,2025-06-06 05:52:36,Incident,159,tech025,Database service restarted after crash.
33,5,2024-09-14 10:36:04,Upgrade,333,tech027,Updated TLS certificates.
34,6,2025-03-24 04:28:44,Incident,259,tech025,Applied security patch and verified.
35,0,2024-05-01 22:28:20,Upgrade,309,tech047,Replaced faulty NIC and tested connectivity.
36,0,2024-09-08 15:33:30,Upgrade,67,tech021,Applied security patch and verified.
37,1,2025-03-02 20:38:48,Security,330,tech022,Adjusted firewall rules.
38,2,2025-03-03 00:08:00,Security,349,tech022,Performed kernel update and rebooted.
39,0,2024-10-29 00:46:47,Patch,162,tech016,Checked disk health; replaced failing disk.
40,1,2025-01-11 09:15:22,Security,377,tech042,Adjusted firewall rules.
41,2,2025-03-26 00:01:47,Incident,175,tech011,Updated TLS certificates.
42,0,2024-04-16 22:27:22,Network,210,tech022,Updated TLS certificates.
43,1,2025-01-29 04:39:55,Incident,91,tech027,Adjusted firewall rules.
44,2,2024-12-31 02:47:04,Patch,305,tech031,Applied security patch and verified.
45,0,2025-08-26 15:05:09,Incident,57,tech020,Replaced faulty NIC and tested connectivity.
46,1,2024-05-12 01:50:40,Upgrade,64,tech031,Applied security patch and verified.
47,2,2025-09-18 19:02:38,Network,257,tech042,Database service restarted after crash.
48,3,2024-10-05 23:39:40,Incident,146,tech045,Server rebooted successfully.
49,4,2024-05-04 05:23:56,Network,390,tech008,Adjusted firewall rules.
50,5,2025-05-30 12:11:43,Upgrade,264,tech029,Server rebooted successfully.
51,6,2025-09-09 15:18:43,Security,314,tech020,Server rebooted successfully.
52,7,2024-01-18 04:18:39,Network,272,tech017,Database service restarted after crash.
53,0,2025-08-28 15:54:18,Patch,389,tech020,Applied security patch and verified.
54,1,2024-05-09 18:49:31,Security,385,tech005,Database service restarted after crash.
55,0,2024-10-18 14:09:28,Patch,89,tech014,Checked disk health; replaced failing disk.
56,1,2024-10-30 20:02:02,Incident,195,tech008,Adjusted firewall rules.
57,0,2024-07-14 01:54:20,Incident,258,tech045,Database service restarted after crash.
58,1,2025-02-01 14:29:16,Security,140,tech028,Applied security patch and verified.
59,2,2024-12-08 20:54:34,Incident,300,tech005,Checked disk health; replaced failing disk.
60,3,2025-05-18 07:31:12,Patch,245,tech010,Replaced faulty NIC and tested connectivity.
61,0,2024-10-10 16:00:17,Security,112,tech043,Performed kernel update and rebooted.
62,1,2024-05-15 21:23:15,Upgrade,281,tech040,Replaced faulty NIC and tested connectivity.
63,2,2024-08-27 22:39:44,Upgrade,248,tech050,Database service restarted after crash.
64,3,2024-06-17 06:49:09,Patch,174,tech020,Adjusted firewall rules.
65,4,2024-07-17 05:34:13,Upgrade,152,tech019,Adjusted firewall rules.
66,0,2024-04-06 15:00:10,Network,19,tech034,Replaced faulty NIC and tested connectivity.
67,1,2025-07-23 23:41:16,Upgrade,34,tech021,Performed kernel update and rebooted.
68,0,2024-11-29 16:35:56,Patch,137,tech038,Adjusted firewall rules.
69,1,2024-05-19 11:42:17,Incident,303,tech028,Database service restarted after crash.
70,0,2025-01-12 12:22:09,Patch,166,tech024,Replaced faulty NIC and tested connectivity.
71,1,2025-09-25 13:38:14,Incident,240,tech030,Server rebooted successfully.
72,2,2025-03-30 05:04:49,Network,368,tech016,Updated TLS certificates.
73,0,2024-02-22 17:41:28,Upgrade,349,tech006,Database service restarted after crash.
74,0,2024-01-02 04:21:54,Security,127,tech046,Checked disk health; replaced failing disk.
75,1,2024-09-14 18:21:08,Security,163,tech011,Applied security patch and verified.
76,2,2025-08-28 11:28:27,Incident,207,tech025,Performed kernel update and rebooted.
77,0,2024-06-21 23:38:22,Network,242,tech048,Performed kernel update and rebooted.
78,1,2025-09-25 17:46:22,Patch,333,tech040,Adjusted firewall rules.
79,2,2024-04-21 12:51:04,Upgrade,144,tech001,Updated TLS certificates.
80,3,2024-04-09 10:53:42,Patch,346,tech023,Checked disk health; replaced failing disk.
81,0,2024-06-01 16:19:16,Upgrade,228,tech047,Checked disk health; replaced failing disk.
82,1,2025-06-15 10:23:22,Security,112,tech005,Updated TLS certificates.
83,2,2024-06-07 03:15:52,Incident,98,tech009,Applied security patch and verified.
84,3,2024-07-18 16:04:02,Patch,241,tech016,Database service restarted after crash.
85,0,2024-10-14 04:15:37,Network,30,tech018,Updated TLS certificates.
86,1,2025-05-23 01:42:38,Network,381,tech034,Server rebooted successfully.
87,0,2024-09-11 13:40:44,Upgrade,122,tech043,Adjusted firewall rules.
88,1,2025-07-31 01:30:16,Upgrade,164,tech002,Server rebooted successfully.
89,2,2024-04-19 16:19:59,Upgrade,175,tech048,Applied security patch and verified.
90,3,2025-04-28 02:30:00,Network,72,tech004,Replaced faulty NIC and tested connectivity.
91,0,2024-01-04 10:34:00,Network,211,tech005,Updated TLS certificates.
92,1,2024-08-05 12:19:08,Incident,127,tech004,Performed kernel update and rebooted.
93,0,2025-02-17 19:40:28,Upgrade,35,tech039,Updated TLS certificates.
94,1,2025-09-10 19:07:27,Patch,371,tech013,Adjusted firewall rules.
95,2,2024-06-08 10:27:59,Upgrade,117,tech033,Checked disk health; replaced failing disk.
96,3,2025-03-26 11:57:07,Patch,341,tech009,Performed kernel update and rebooted.
97,4,2024-05-26 06:59:22,Patch,96,tech021,Applied security patch and verified.
98,5,2024-08-02 02:11:27,Upgrade,205,tech050,Updated TLS certificates.
99,6,2024-02-04 04:03:15,Network,170,tech042,Checked disk health; replaced failing disk.
100,0,2025-07-24 07:35:21,Security,349,tech017,Server rebooted successfully.
101,1,2024-12-29 04:24:18,Security,75,tech035,Updated TLS certificates.
102,0,2024-10-14 03:35:58,Security,391,tech027,Updated TLS certificates.
103,1,2025-09-10 16:15:28,Network,416,tech025,Adjusted firewall rules.
104,0,2024-08-24 11:39:39,Incident,269,tech027,Replaced faulty NIC and tested connectivity.
105,1,2025-09-07 06:56:11,Network,138,tech034,Updated TLS certificates.
106,0,2024-01-09 02:03:18,Network,205,tech036,Replaced faulty NIC and tested connectivity.
107,1,2024-10-02 03:57:01,Network,204,tech030,Checked disk health; replaced failing disk.
108,2,2025-07-16 04:47:29,Security,169,tech009,Checked disk health; replaced failing disk.
109,0,2025-08-30 06:25:00,Security,347,tech026,Applied security patch and verified.
110,0,2025-07-10 17:59:56,Incident,380,tech038,Performed kernel update and rebooted.
111,1,2025-01-28 14:16:35,Security,420,tech042,Checked disk health; replaced failing disk.
112,2,2024-09-23 03:05:37,Network,404,tech039,Database service restarted after crash.
113,3,2025-04-07 20:45:53,Patch,352,tech032,Updated TLS certificates.
114,4,2025-05-03 16:30:03,Incident,191,tech027,Updated TLS certificates.
115,0,2025-04-21 12:22:52,Security,14,tech047,Checked disk health; replaced failing disk.
116,1,2025-06-21 21:02:25,Patch,168,tech024,Server rebooted successfully.
117,2,2025-06-15 17:01:35,Network,159,tech014,Adjusted firewall rules.
118,0,2025-09-12 06:37:25,Upgrade,94,tech005,Updated TLS certificates.
119,0,2025-01-13 23:07:34,Incident,168,tech049,Replaced faulty NIC and tested connectivity.
120,1,2025-01-14 14:23:31,Patch,316,tech007,Applied security patch and verified.
121,2,2024-11-11 20:05:15,Network,365,tech008,Adjusted firewall rules.
122,0,2024-03-31 02:03:30,Incident,401,tech009,Applied security patch and verified.
123,1,2024-08-24 00:11:41,Security,85,tech035,Performed kernel update and rebooted.
124,2,2025-04-12 05:49:11,Incident,30,tech032,Replaced faulty NIC and tested connectivity.
125,0,2025-05-08 01:14:54,Security,362,tech014,Server rebooted successfully.
126,1,2024-09-15 05:38:39,Security,19,tech025,Server rebooted successfully.
127,2,2024-05-22 22:22:47,Incident,361,tech033,Performed kernel update and rebooted.
128,3,2024-08-13 03:27:26,Network,51,tech046,Replaced faulty NIC and tested connectivity.
129,0,2025-05-13 06:48:41,Incident,239,tech019,Updated TLS certificates.
130,0,2024-06-16 01:15:01,Incident,103,tech027,Adjusted firewall rules.
131,1,2024-11-11 16:11:21,Patch,120,tech049,Adjusted firewall rules.
132,2,2024-02-10 19:13:18,Upgrade,98,tech048,Database service restarted after crash.
133,0,2024-06-14 18:05:14,Network,24,tech035,Checked disk health; replaced failing disk.
134,0,2025-02-01 19:55:22,Network,83,tech048,Adjusted firewall rules.
135,1,2024-08-02 14:56:24,Incident,103,tech032,Updated TLS certificates.
136,2,2024-08-14 22:14:24,Incident,200,tech041,Adjusted firewall rules.
137,3,2024-03-22 05:35:54,Upgrade,410,tech013,Checked disk health; replaced failing disk.
138,4,2024-05-19 03:16:14,Patch,151,tech046,Updated TLS certificates.
139,5,2024-04-26 05:41:16,Network,276,tech048,Updated TLS certificates.
140,0,2025-03-31 09:55:33,Incident,363,tech050,Server rebooted successfully.
141,1,2025-08-23 14:57:28,Network,151,tech038,Adjusted firewall rules.
142,0,2024-06-01 02:34:56,Upgrade,405,tech010,Applied security patch and verified.
143,0,2024-09-13 01:54:03,Incident,200,tech038,Applied security patch and verified.
144,1,2025-07-18 11:33:27,Security,318,tech049,Server rebooted successfully.
145,2,2025-03-04 22:09:36,Network,271,tech048,Updated TLS certificates.
146,0,2024-05-20 20:55:37,Network,330,tech033,Database service restarted after crash.
147,1,2024-02-24 01:09:43,Network,354,tech023,Adjusted firewall rules.
148,2,2024-11-17 08:49:15,Incident,248,tech012,Updated TLS certificates.
149,3,2024-06-24 17:39:52,Upgrade,119,tech031,Performed kernel update and rebooted.
150,0,2025-01-22 09:42:13,Network,28,tech017,Updated TLS certificates.
151,1,2025-04-17 09:39:58,Security,278,tech033,Replaced faulty NIC and tested connectivity.
152,0,2025-04-05 23:15:47,Security,206,tech023,Checked disk health; replaced failing disk.
153,0,2024-03-29 23:49:26,Incident,51,tech020,Adjusted firewall rules.
154,0,2024-10-15 21:10:57,Patch,90,tech017,Applied security patch and verified.
155,1,2024-09-17 17:33:28,Upgrade,382,tech016,Database service restarted after crash.
156,2,2025-04-14 11:39:36,Network,79,tech025,Updated TLS certificates.
157,3,2025-04-12 02:56:42,Network,352,tech010,Performed kernel update and rebooted.
158,0,2024-06-20 04:36:38,Security,169,tech002,Checked disk health; replaced failing disk.
159,1,2025-01-10 02:01:36,Upgrade,332,tech011,Database service restarted after crash.
160,2,2025-07-20 22:30:31,Patch,349,tech021,Checked disk health; replaced failing disk.
161,3,2025-02-10 13:05:07,Security,83,tech028,Applied security patch and verified.
162,0,2025-03-27 08:36:29,Upgrade,367,tech004,Database service restarted after crash.
163,1,2025-05-26 02:27:11,Network,284,tech042,Applied security patch and verified.
164,0,2025-05-13 21:14:15,Network,171,tech015,Server rebooted successfully.
165,1,2024-01-06 10:43:20,Incident,165,tech019,Updated TLS certificates.
166,2,2024-10-19 06:55:15,Upgrade,301,tech037,Performed kernel update and rebooted.
167,0,2024-03-24 12:00:34,Upgrade,368,tech003,Adjusted firewall rules.
168,1,2024-02-03 06:02:57,Incident,127,tech019,Updated TLS certificates.
169,2,2025-09-06 16:04:59,Upgrade,16,tech046,Updated TLS certificates.
170,0,2024-11-08 12:24:41,Patch,230,tech006,Performed kernel update and rebooted.
171,1,2025-02-25 22:55:42,Security,343,tech034,Adjusted firewall rules.
172,2,2025-08-08 09:11:49,Security,168,tech006,Adjusted firewall rules.
173,3,2024-03-13 11:34:51,Security,194,tech016,Replaced faulty NIC and tested connectivity.
174,4,2024-10-31 11:35:41,Security,20,tech035,Database service restarted after crash.
175,0,2025-02-23 23:21:44,Incident,162,tech022,Server rebooted successfully.
176,1,2025-07-12 05:47:18,Security,117,tech003,Server rebooted successfully.
177,2,2024-03-08 01:16:18,Security,281,tech010,Server rebooted successfully.
178,0,2025-05-21 15:08:58,Patch,210,tech045,Server rebooted successfully.
179,1,2024-09-17 02:24:50,Upgrade,80,tech042,Updated TLS certificates.
180,2,2024-06-27 19:13:40,Network,284,tech026,Checked disk health; replaced failing disk.
181,3,2025-06-12 10:12:03,Upgrade,15,tech024,Applied security patch and verified.
182,4,2024-07-15 02:20:51,Patch,418,tech009,Replaced faulty NIC and tested connectivity.
183,0,2024-04-19 11:32:36,Incident,16,tech026,Performed kernel update and rebooted.
184,1,2024-02-07 16:36:19,Security,209,tech021,Server rebooted successfully.
185,2,2024-03-20 05:25:24,Incident,329,tech025,Database service restarted after crash.
186,0,2024-09-15 16:48:33,Upgrade,48,tech028,Applied security patch and verified.
187,1,2024-01-08 18:21:29,Network,20,tech017,Performed kernel update and rebooted.
188,0,2025-05-09 22:45:03,Security,140,tech008,Database service restarted after crash.
189,1,2024-03-01 07:35:00,Upgrade,210,tech031,Applied security patch and verified.
190,2,2024-05-01 01:42:52,Patch,371,tech044,Performed kernel update and rebooted.
191,3,2025-07-31 23:21:13,Incident,75,tech027,Updated TLS certificates.
192,0,2024-03-29 18:13:36,Network,327,tech050,Performed kernel update and rebooted.
193,1,2024-01-26 05:25:23,Upgrade,314,tech025,Adjusted firewall rules.
194,2,2024-01-16 21:29:24,Patch,394,tech036,Replaced faulty NIC and tested connectivity.
195,0,2024-03-18 07:45:56,Upgrade,14,tech045,Database service restarted after crash.
196,0,2024-03-06 02:41:40,Upgrade,368,tech010,Adjusted firewall rules.
197,1,2024-06-01 14:44:42,Patch,313,tech047,Database service restarted after crash.
198,2,2025-04-24 16:28:19,Upgrade,189,tech023,Server rebooted successfully.
199,0,2025-02-01 09:57:46,Incident,287,tech004,Replaced faulty NIC and tested connectivity.
200,1,2024-07-14 15:25:59,Upgrade,229,tech027,Server rebooted successfully.
201,2,2025-05-08 03:54:36,Network,409,tech025,Replaced faulty NIC and tested connectivity.
202,3,2025-05-07 18:39:52,Upgrade,293,tech011,Checked disk health; replaced failing disk.
203,0,2024-06-01 10:47:22,Network,413,tech010,Performed kernel update and rebooted.
204,1,2025-01-05 23:10:00,Security,120,tech038,Server rebooted successfully.
205,2,2024-05-18 10:49:16,Patch,224,tech036,Server rebooted successfully.
206,0,2024-08-11 06:23:11,Upgrade,68,tech041,Replaced faulty NIC and tested connectivity.
207,0,2024-09-24 13:40:17,Security,325,tech034,Adjusted firewall rules.
208,1,2024-03-08 04:49:23,Upgrade,377,tech043,Applied security patch and verified.
209,2,2024-09-10 18:56:16,Upgrade,219,tech044,Adjusted firewall rules.
210,0,2024-12-24 17:10:21,Incident,241,tech046,Checked disk health; replaced failing disk.
211,1,2025-08-07 18:37:27,Security,326,tech041,Checked disk health; replaced failing disk.
212,0,2024-03-24 09:08:56,Network,249,tech041,Updated TLS certificates.
213,1,2025-06-24 05:27:40,Network,187,tech022,Updated TLS certificates.
214,2,2025-07-22 14:40:01,Patch,413,tech011,Performed kernel update and rebooted.
215,3,2024-05-10 21:00:31,Network,206,tech009,Applied security patch and verified.
216,0,2025-02-01 22:18:01,Patch,273,tech020,Applied security patch and verified.
217,1,2024-06-03 15:13:49,Security,248,tech033,Applied security patch and verified.
218,2,2024-02-05 18:06:49,Patch,179,tech012,Updated TLS certificates.
219,0,2024-06-03 05:13:56,Network,417,tech049,Database service restarted after crash.
220,0,2025-05-01 20:16:09,Upgrade,310,tech016,Replaced faulty NIC and tested connectivity.
221,1,2024-01-21 05:20:31,Upgrade,354,tech044,Checked disk health; replaced failing disk.
222,0,2024-03-22 21:26:12,Network,100,tech002,Database service restarted after crash.
223,1,2024-05-13 03:24:41,Incident,140,tech016,Performed kernel update and rebooted.
224,2,2024-08-05 13:47:19,Incident,147,tech028,Server rebooted successfully.
225,0,2024-01-30 08:27:36,Incident,374,tech022,Server rebooted successfully.
226,1,2025-06-12 16:22:44,Patch,402,tech010,Replaced faulty NIC and tested connectivity.
227,2,2024-08-07 23:10:38,Network,372,tech022,Server rebooted successfully.
228,0,2025-05-23 09:43:04,Patch,355,tech018,Checked disk health; replaced failing disk.
229,1,2025-01-11 16:13:20,Patch,309,tech042,Performed kernel update and rebooted.
230,2,2025-06-05 11:11:28,Security,343,tech009,Performed kernel update and rebooted.
231,0,2025-09-24 06:07:07,Patch,239,tech037,Performed kernel update and rebooted.
232,0,2024-10-20 10:16:19,Security,220,tech024,Database service restarted after crash.
233,1,2025-09-26 02:38:43,Security,241,tech028,Adjusted firewall rules.
234,0,2025-03-11 19:09:00,Network,44,tech031,Applied security patch and verified.
235,1,2024-04-06 15:48:26,Upgrade,86,tech038,Checked disk health; replaced failing disk.
236,2,2025-08-19 02:00:10,Upgrade,219,tech005,Replaced faulty NIC and tested connectivity.
237,3,2024-11-06 04:50:29,Upgrade,172,tech014,Server rebooted successfully.
238,4,2024-06-16 18:59:53,Incident,112,tech050,Database service restarted after crash.
239,0,2025-08-08 18:44:37,Upgrade,97,tech008,Applied security patch and verified.
240,1,2024-10-18 21:27:36,Patch,331,tech004,Performed kernel update and rebooted.
241,2,2024-08-22 03:45:49,Patch,392,tech027,Applied security patch and verified.
242,0,2025-07-01 03:03:16,Patch,78,tech030,Server rebooted successfully.
243,1,2025-04-29 01:24:14,Patch,352,tech027,Updated TLS certificates.
244,2,2024-09-14 04:51:05,Network,365,tech016,Checked disk health; replaced failing disk.
245,3,2024-01-24 11:31:43,Upgrade,135,tech036,Applied security patch and verified.
246,4,2024-11-25 17:13:26,Upgrade,401,tech011,Adjusted firewall rules.
247,5,2024-10-19 02:02:39,Incident,37,tech023,Updated TLS certificates.
248,6,2024-03-25 23:13:11,Incident,314,tech021,Updated TLS certificates.
249,0,2024-10-20 01:43:54,Incident,118,tech015,Updated TLS certificates.
250,1,2024-05-08 19:52:47,Security,400,tech014,Performed kernel update and rebooted.
251,0,2024-12-26 01:59:34,Security,250,tech024,Updated TLS certificates.
252,1,2025-04-20 08:45:52,Network,122,tech019,Updated TLS certificates.
253,2,2024-03-26 08:24:31,Patch,14,tech012,Database service restarted after crash.
254,0,2025-07-23 14:58:39,Incident,330,tech033,Checked disk health; replaced failing disk.
255,0,2024-01-09 18:53:39,Security,206,tech013,Adjusted firewall rules.
256,1,2024-09-24 10:24:03,Security,104,tech026,Checked disk health; replaced failing disk.
257,0,2024-10-26 02:51:07,Patch,102,tech041,Updated TLS certificates.
258,0,2024-01-29 02:28:10,Upgrade,11,tech016,Updated TLS certificates.
259,1,2025-05-25 13:13:38,Upgrade,172,tech034,Applied security patch and verified.
260,2,2025-02-06 03:07:42,Incident,410,tech044,Database service restarted after crash.
261,3,2024-03-08 14:29:12,Incident,7,tech005,Adjusted firewall rules.
262,4,2025-05-16 23:54:43,Patch,247,tech002,Database service restarted after crash.
263,0,2024-10-23 08:22:51,Incident,271,tech022,Updated TLS certificates.
264,1,2024-03-24 12:59:56,Incident,166,tech009,Updated TLS certificates.
265,0,2024-12-11 12:25:48,Network,324,tech016,Applied security patch and verified.
266,1,2025-01-28 14:07:52,Patch,407,tech044,Updated TLS certificates.
267,2,2025-06-24 21:35:10,Upgrade,300,tech032,Server rebooted successfully.
268,3,2025-03-11 04:54:33,Incident,328,tech028,Performed kernel update and rebooted.
269,4,2024-10-27 17:04:14,Security,332,tech048,Server rebooted successfully.
270,0,2025-06-17 09:25:49,Security,276,tech044,Updated TLS certificates.
271,1,2024-03-03 01:47:49,Patch,362,tech023,Updated TLS certificates.
272,0,2025-03-01 23:51:27,Network,35,tech037,Database service restarted after crash.
273,1,2025-04-04 06:26:34,Network,94,tech019,Adjusted firewall rules.
274,2,2024-02-03 06:26:09,Upgrade,333,tech003,Adjusted firewall rules.
275,0,2025-03-15 15:47:28,Security,79,tech007,Server rebooted successfully.
276,1,2025-09-03 06:26:31,Upgrade,374,tech041,Performed kernel update and rebooted.
277,2,2025-06-06 18:54:24,Incident,221,tech020,Checked disk health; replaced failing disk.
278,3,2025-01-31 18:42:46,Incident,224,tech046,Checked disk health; replaced failing disk.
279,0,2024-03-08 15:47:05,Upgrade,141,tech005,Applied security patch and verified.
280,1,2024-02-17 19:05:18,Network,17,tech043,Adjusted firewall rules.
281,2,2025-08-06 04:27:34,Incident,416,tech021,Adjusted firewall rules.
282,3,2025-08-04 00:27:44,Patch,25,tech004,Replaced faulty NIC and tested connectivity.
283,4,2025-03-14 16:14:01,Patch,187,tech035,Applied security patch and verified.
284,0,2025-01-18 19:49:52,Security,19,tech012,Server rebooted successfully.
285,0,2024-04-21 07:44:18,Security,334,tech037,Updated TLS certificates.
286,1,2024-09-02 05:51:29,Patch,94,tech029,Replaced faulty NIC and tested connectivity.
287,0,2024-08-11 04:20:43,Network,116,tech020,Applied security patch and verified.
288,1,2024-11-05 10:47:59,Security,93,tech037,Database service restarted after crash.
289,0,2024-07-16 14:10:52,Patch,308,tech006,Applied security patch and verified.
290,1,2024-07-03 05:46:52,Network,356,tech033,Applied security patch and verified.
291,2,2025-02-06 15:14:25,Patch,207,tech024,Replaced faulty NIC and tested connectivity.
292,0,2025-04-20 12:28:38,Network,313,tech050,Checked disk health; replaced failing disk.
293,1,2024-11-02 09:53:05,Upgrade,377,tech020,Replaced faulty NIC and tested connectivity.
294,2,2025-08-31 11:58:52,Incident,404,tech019,Adjusted firewall rules.
295,0,2025-09-27 12:24:05,Incident,169,tech010,Performed kernel update and rebooted.
296,1,2024-09-18 18:18:31,Patch,395,tech043,Checked disk health; replaced failing disk.
297,2,2025-04-18 21:09:19,Upgrade,246,tech021,Adjusted firewall rules.
298,0,2025-08-18 06:24:11,Upgrade,146,tech009,Updated TLS certificates.
299,1,2024-04-08 14:50:57,Network,104,tech005,Replaced faulty NIC and tested connectivity.
300,0,2025-08-11 14:34:41,Network,239,tech025,Applied security patch and verified.
301,1,2024-03-12 08:34:42,Security,278,tech048,Performed kernel update and rebooted.
302,2,2025-05-11 20:22:59,Upgrade,344,tech005,Database service restarted after crash.
303,3,2025-08-11 23:53:28,Security,345,tech042,Server rebooted successfully.
304,4,2024-09-11 17:46:08,Incident,223,tech032,Performed kernel update and rebooted.
305,5,2024-12-07 09:23:52,Patch,335,tech021,Server rebooted successfully.
306,6,2024-11-21 08:49:50,Patch,410,tech003,Applied security patch and verified.
307,0,2025-04-26 18:38:24,Security,15,tech040,Applied security patch and verified.
308,1,2024-07-27 05:54:24,Network,325,tech043,Updated TLS certificates.
309,0,2024-11-04 18:55:46,Incident,339,tech025,Updated TLS certificates.
310,1,2024-10-23 13:10:49,Network,350,tech015,Checked disk health; replaced failing disk.
311,2,2024-02-22 00:28:50,Upgrade,332,tech032,Server rebooted successfully.
312,3,2024-12-03 09:56:55,Incident,23,tech007,Checked disk health; replaced failing disk.
313,0,2025-05-10 14:25:55,Patch,405,tech042,Applied security patch and verified.
314,1,2025-09-29 21:20:23,Security,20,tech013,Adjusted firewall rules.
315,2,2024-09-08 17:05:40,Security,372,tech021,Performed kernel update and rebooted.
316,0,2025-03-02 20:28:01,Network,225,tech024,Applied security patch and verified.
317,0,2024-05-13 01:13:55,Security,245,tech010,Applied security patch and verified.
318,1,2024-08-01 19:40:29,Upgrade,191,tech029,Server rebooted successfully.
319,2,2025-03-04 04:40:54,Patch,283,tech024,Replaced faulty NIC and tested connectivity.
320,3,2024-02-29 16:20:37,Upgrade,9,tech034,Adjusted firewall rules.
321,4,2025-06-10 23:31:22,Network,48,tech004,Database service restarted after crash.
322,5,2025-08-05 22:53:06,Incident,277,tech007,Adjusted firewall rules.
323,6,2025-05-08 20:15:29,Security,296,tech045,Server rebooted successfully.
324,0,2025-09-16 00:06:46,Patch,257,tech003,Performed kernel update and rebooted.
325,1,2025-06-30 22:44:50,Incident,305,tech046,Updated TLS certificates.
326,2,2024-02-13 09:54:15,Incident,167,tech021,Server rebooted successfully.
327,0,2024-09-09 23:42:21,Security,59,tech008,Replaced faulty NIC and tested connectivity.
328,1,2025-07-21 17:20:18,Security,246,tech017,Database service restarted after crash.
329,2,2024-03-17 16:29:55,Security,124,tech038,Replaced faulty NIC and tested connectivity.
330,3,2025-05-05 19:40:45,Patch,245,tech010,Server rebooted successfully.
331,0,2025-03-03 04:58:46,Patch,7,tech016,Checked disk health; replaced failing disk.
332,1,2024-07-24 01:10:05,Network,125,tech049,Performed kernel update and rebooted.
333,0,2024-08-03 23:06:04,Network,213,tech033,Updated TLS certificates.
334,1,2024-05-26 12:11:41,Patch,288,tech010,Adjusted firewall rules.
335,2,2025-04-14 21:28:09,Incident,385,tech016,Database service restarted after crash.
336,3,2025-04-04 14:03:13,Incident,37,tech015,Applied security patch and verified.
337,4,2024-01-24 14:20:28,Patch,413,tech040,Adjusted firewall rules.
338,0,2024-03-26 03:00:35,Security,123,tech030,Checked disk health; replaced failing disk.
339,1,2024-09-01 03:28:18,Upgrade,129,tech017,Adjusted firewall rules.
340,2,2025-01-21 23:35:36,Security,258,tech013,Replaced faulty NIC and tested connectivity.
341,3,2025-02-10 23:00:50,Upgrade,212,tech038,Checked disk health; replaced failing disk.
342,4,2025-05-14 10:47:03,Patch,404,tech033,Replaced faulty NIC and tested connectivity.
343,0,2025-06-19 23:16:43,Network,400,tech009,Updated TLS certificates.
344,1,2025-05-31 15:01:09,Network,173,tech005,Performed kernel update and rebooted.
345,2,2024-06-29 01:03:19,Security,183,tech040,Performed kernel update and rebooted.
346,0,2024-07-09 11:26:48,Upgrade,220,tech014,Applied security patch and verified.
347,1,2025-05-15 01:30:17,Network,136,tech037,Checked disk health; replaced failing disk.
348,2,2025-05-13 09:16:15,Network,9,tech034,Updated TLS certificates.
349,0,2024-05-30 06:55:12,Security,31,tech019,Database service restarted after crash.
350,1,2025-08-01 20:57:53,Patch,220,tech013,Performed kernel update and rebooted.
351,2,2024-01-03 15:58:29,Incident,153,tech009,Performed kernel update and rebooted.
352,0,2024-01-29 11:29:51,Network,101,tech043,Database service restarted after crash.
353,0,2025-05-23 17:32:23,Network,409,tech048,Checked disk health; replaced failing disk.
354,0,2024-08-05 22:36:26,Upgrade,142,tech013,Server rebooted successfully.
355,1,2024-08-08 10:25:22,Upgrade,98,tech046,Applied security patch and verified.
356,2,2025-08-13 02:34:01,Network,165,tech015,Applied security patch and verified.
357,0,2025-04-12 20:54:07,Security,70,tech029,Checked disk health; replaced failing disk.
358,1,2024-11-13 00:50:57,Patch,200,tech004,Replaced faulty NIC and tested connectivity.
359,0,2024-05-09 18:44:44,Upgrade,42,tech025,Checked disk health; replaced failing disk.
360,1,2024-07-19 10:43:15,Incident,370,tech008,Server rebooted successfully.
361,0,2025-04-11 04:45:23,Upgrade,171,tech032,Database service restarted after crash.
362,1,2025-03-08 01:10:15,Security,280,tech006,Applied security patch and verified.
363,2,2025-01-11 00:06:25,Incident,311,tech046,Database service restarted after crash.
364,3,2025-08-02 04:41:37,Patch,308,tech039,Server rebooted successfully.
365,0,2024-10-17 07:22:55,Network,155,tech008,Updated TLS certificates.
366,1,2024-10-25 04:24:33,Security,101,tech049,Checked disk health; replaced failing disk.
367,2,2025-07-09 18:24:46,Patch,136,tech004,Checked disk health; replaced failing disk.
368,3,2025-03-12 14:03:49,Network,373,tech048,Checked disk health; replaced failing disk.
369,0,2024-12-07 21:11:01,Upgrade,270,tech024,Applied security patch and verified.
370,1,2024-09-04 04:19:37,Network,343,tech047,Database service restarted after crash.
371,2,2024-02-15 15:21:53,Incident,82,tech028,Performed kernel update and rebooted.
372,0,2025-05-15 02:59:55,Patch,125,tech005,Performed kernel update and rebooted.
373,1,2024-01-26 12:42:00,Security,17,tech021,Adjusted firewall rules.
374,2,2024-06-14 10:42:04,Security,143,tech024,Checked disk health; replaced failing disk.
375,0,2024-07-12 15:37:45,Security,326,tech019,Replaced faulty NIC and tested connectivity.
376,1,2025-09-12 04:03:13,Network,290,tech025,Updated TLS certificates.
377,2,2024-07-10 10:52:04,Upgrade,90,tech001,Adjusted firewall rules.
378,3,2025-02-03 05:11:58,Incident,165,tech020,Adjusted firewall rules.
379,0,2025-02-05 10:53:23,Patch,343,tech022,Adjusted firewall rules.
380,1,2024-01-13 20:59:56,Patch,371,tech009,Server rebooted successfully.
381,2,2024-08-13 21:15:18,Network,169,tech032,Server rebooted successfully.
382,3,2025-06-10 04:54:58,Security,414,tech038,Checked disk health; replaced failing disk.
383,0,2025-07-20 20:29:29,Patch,79,tech033,Database service restarted after crash.
384,1,2025-01-28 04:00:46,Network,281,tech038,Replaced faulty NIC and tested connectivity.
385,2,2025-06-24 04:28:10,Incident,313,tech042,Updated TLS certificates.
386,0,2025-06-16 22:10:54,Network,404,tech026,Checked disk health; replaced failing disk.
387,1,2024-03-02 02:35:16,Incident,53,tech003,Applied security patch and verified.
388,2,2025-02-11 00:42:17,Network,39,tech023,Performed kernel update and rebooted.
389,0,2025-01-25 08:40:56,Patch,344,tech003,Adjusted firewall rules.
390,1,2024-02-06 06:31:04,Upgrade,65,tech025,Performed kernel update and rebooted.
391,0,2024-06-10 00:23:48,Incident,303,tech044,Adjusted firewall rules.
392,1,2024-04-22 09:46:11,Patch,292,tech045,Adjusted firewall rules.
393,2,2025-02-28 12:28:43,Network,15,tech020,Server rebooted successfully.
394,3,2025-05-11 08:45:40,Security,32,tech050,Database service restarted after crash.
395,4,2024-11-28 15:43:42,Patch,54,tech039,Replaced faulty NIC and tested connectivity.
396,5,2024-02-16 00:45:51,Security,168,tech048,Adjusted firewall rules.
397,6,2024-10-29 04:33:55,Upgrade,205,tech027,Adjusted firewall rules.
398,0,2024-10-19 04:11:46,Upgrade,244,tech008,Server rebooted successfully.
399,1,2025-05-31 02:00:33,Network,88,tech005,Applied security patch and verified.
400,2,2025-06-20 17:58:46,Patch,368,tech018,Replaced faulty NIC and tested connectivity.
401,3,2025-08-27 05:01:32,Network,384,tech003,Replaced faulty NIC and tested connectivity.
402,4,2024-10-25 22:12:37,Upgrade,232,tech041,Applied security patch and verified.
403,0,2024-07-09 01:06:24,Upgrade,65,tech043,Replaced faulty NIC and tested connectivity.
404,1,2024-04-27 01:50:40,Network,179,tech047,Database service restarted after crash.
405,0,2024-02-01 12:01:18,Security,197,tech042,Server rebooted successfully.
406,1,2024-10-24 10:43:19,Network,336,tech004,Server rebooted successfully.
407,2,2024-05-30 04:55:34,Upgrade,195,tech016,Adjusted firewall rules.
408,0,2024-10-23 23:05:14,Incident,72,tech023,Replaced faulty NIC and tested connectivity.
409,1,2025-07-23 06:11:44,Upgrade,225,tech016,Checked disk health; replaced failing disk.
410,2,2024-09-01 21:48:59,Incident,404,tech010,Applied security patch and verified.
411,3,2024-06-23 20:33:19,Network,322,tech044,Database service restarted after crash.
412,0,2024-08-23 15:29:33,Upgrade,295,tech020,Updated TLS certificates.
413,1,2024-08-30 10:32:08,Network,180,tech019,Replaced faulty NIC and tested connectivity.
414,0,2024-04-13 16:33:52,Upgrade,45,tech020,Checked disk health; replaced failing disk.
415,1,2025-04-26 21:01:06,Incident,285,tech007,Server rebooted successfully.
416,2,2024-01-04 18:40:53,Upgrade,164,tech007,Performed kernel update and rebooted.
417,3,2024-12-12 11:54:18,Patch,165,tech036,Replaced faulty NIC and tested connectivity.
418,4,2024-09-14 12:59:23,Security,383,tech046,Adjusted firewall rules.
419,0,2024-02-20 10:33:09,Incident,118,tech016,Checked disk health; replaced failing disk.
420,1,2024-07-20 03:18:32,Security,252,tech050,Applied security patch and verified.
421,2,2025-08-30 11:16:10,Network,229,tech047,Database service restarted after crash.
422,0,2024-04-25 21:48:07,Upgrade,357,tech030,Updated TLS certificates.
423,1,2024-11-09 08:25:14,Security,321,tech027,Updated TLS certificates.
424,2,2025-02-17 12:02:53,Security,256,tech038,Updated TLS certificates.
425,3,2024-08-08 16:24:56,Security,188,tech045,Updated TLS certificates.
426,0,2024-12-05 02:29:00,Network,120,tech029,Applied security patch and verified.
427,1,2025-09-02 18:46:18,Upgrade,58,tech040,Checked disk health; replaced failing disk.
428,0,2024-06-03 22:29:47,Patch,374,tech038,Adjusted firewall rules.
429,1,2025-01-25 07:26:56,Network,194,tech038,Applied security patch and verified.
430,0,2025-09-26 09:08:55,Network,380,tech016,Checked disk health; replaced failing disk.
431,1,2024-07-03 04:24:19,Incident,310,tech031,Server rebooted successfully.
432,0,2025-01-22 17:16:51,Security,224,tech035,Server rebooted successfully.
433,1,2025-04-20 03:23:30,Upgrade,261,tech023,Updated TLS certificates.
434,2,2025-03-20 08:59:25,Network,146,tech002,Replaced faulty NIC and tested connectivity.
435,3,2024-09-12 14:22:05,Incident,394,tech018,Performed kernel update and rebooted.
436,4,2024-04-05 08:52:08,Network,19,tech030,Checked disk health; replaced failing disk.
437,5,2025-03-13 01:50:59,Upgrade,347,tech009,Performed kernel update and rebooted.
438,0,2024-06-07 03:41:08,Security,10,tech026,Adjusted firewall rules.
439,1,2025-03-16 12:31:45,Incident,235,tech017,Replaced faulty NIC and tested connectivity.
440,0,2025-02-27 07:44:34,Security,233,tech043,Checked disk health; replaced failing disk.
441,1,2024-06-28 04:47:26,Network,380,tech032,Performed kernel update and rebooted.
442,2,2025-05-22 02:23:43,Patch,381,tech008,Performed kernel update and rebooted.
443,0,2025-07-05 07:13:43,Incident,300,tech010,Server rebooted successfully.
444,1,2024-10-24 12:48:31,Upgrade,161,tech025,Adjusted firewall rules.
445,2,2024-02-26 17:31:51,Security,230,tech031,Updated TLS certificates.
446,3,2024-04-28 04:25:20,Incident,288,tech038,Replaced faulty NIC and tested connectivity.
447,4,2024-08-06 17:05:31,Incident,396,tech020,Replaced faulty NIC and tested connectivity.
448,5,2024-11-04 15:34:36,Incident,224,tech046,Database service restarted after crash.
449,0,2025-04-02 12:19:37,Patch,112,tech013,Server rebooted successfully.
450,1,2024-09-27 14:37:34,Network,212,tech014,Replaced faulty NIC and tested connectivity.
451,2,2024-11-15 23:59:21,Upgrade,371,tech023,Performed kernel update and rebooted.
452,3,2024-09-15 21:01:14,Patch,11,tech033,Updated TLS certificates.
453,0,2025-02-18 23:03:01,Incident,135,tech029,Server rebooted successfully.
454,1,2025-01-14 06:13:22,Patch,205,tech005,Applied security patch and verified.
455,0,2024-10-18 06:55:42,Security,106,tech014,Performed kernel update and rebooted.
456,0,2024-10-23 22:11:31,Patch,85,tech006,Server rebooted successfully.
457,1,2025-09-09 08:43:53,Security,5,tech001,Applied security patch and verified.
458,2,2025-01-22 14:00:08,Incident,96,tech027,Server rebooted successfully.
459,0,2024-03-03 13:01:51,Upgrade,18,tech048,Replaced faulty NIC and tested connectivity.
460,1,2025-09-05 10:51:18,Security,276,tech009,Database service restarted after crash.
461,2,2024-05-12 20:21:05,Security,30,tech041,Updated TLS certificates.
462,0,2025-04-29 01:43:13,Security,346,tech009,Database service restarted after crash.
463,1,2024-09-05 07:36:45,Network,365,tech034,Performed kernel update and rebooted.
464,2,2025-02-18 13:33:19,Patch,225,tech012,Updated TLS certificates.
465,0,2025-08-31 21:02:37,Patch,24,tech009,Performed kernel update and rebooted.
466,1,2025-01-09 09:36:15,Security,87,tech026,Replaced faulty NIC and tested connectivity.
467,2,2024-12-03 12:40:28,Network,6,tech039,Server rebooted successfully.
468,3,2025-01-14 01:23:26,Security,150,tech020,Performed kernel update and rebooted.
469,0,2025-09-11 14:26:57,Security,289,tech018,Performed kernel update and rebooted.
470,0,2025-06-14 13:31:50,Upgrade,39,tech038,Updated TLS certificates.
471,1,2025-04-28 01:07:05,Upgrade,235,tech018,Replaced faulty NIC and tested connectivity.
472,0,2025-07-29 02:07:45,Security,326,tech034,Performed kernel update and rebooted.
473,1,2025-09-10 03:04:53,Upgrade,262,tech025,Updated TLS certificates.
474,2,2025-04-25 08:50:53,Patch,73,tech014,Updated TLS certificates.
475,3,2024-11-20 11:45:27,Upgrade,179,tech026,Performed kernel update and rebooted.
476,4,2024-02-25 01:06:13,Patch,272,tech008,Server rebooted successfully.
477,0,2024-06-18 09:24:04,Network,60,tech023,Replaced faulty NIC and tested connectivity.
478,0,2025-07-24 00:35:44,Network,364,tech034,Replaced faulty NIC and tested connectivity.
479,1,2024-01-25 00:23:26,Upgrade,194,tech015,Updated TLS certificates.
480,2,2024-05-12 08:39:17,Security,41,tech039,Server rebooted successfully.
481,3,2025-01-01 10:25:32,Patch,304,tech026,Applied security patch and verified.
482,4,2024-03-14 21:56:37,Upgrade,224,tech036,Performed kernel update and rebooted.
483,0,2025-07-13 11:54:48,Network,318,tech023,Updated TLS certificates.
484,1,2024-07-16 04:15:55,Incident,301,tech020,Checked disk health; replaced failing disk.
485,2,2024-11-24 02:52:01,Network,283,tech004,Replaced faulty NIC and tested connectivity.
486,3,2024-05-10 19:19:25,Security,68,tech047,Adjusted firewall rules.
487,0,2024-03-25 20:44:50,Network,227,tech012,Updated TLS certificates.
488,1,2024-12-19 05:38:42,Patch,223,tech022,Server rebooted successfully.
489,2,2025-05-10 06:18:33,Network,53,tech035,Performed kernel update and rebooted.
490,3,2024-05-19 14:17:14,Patch,78,tech016,Adjusted firewall rules.
491,0,2024-09-15 23:26:39,Network,374,tech047,Checked disk health; replaced failing disk.
492,1,2024-05-28 04:40:27,Security,293,tech018,Replaced faulty NIC and tested connectivity.
493,0,2024-09-29 18:04:35,Patch,40,tech028,Database service restarted after crash.
494,1,2024-01-27 18:22:30,Security,275,tech042,Replaced faulty NIC and tested connectivity.
495,2,2024-01-17 18:00:01,Security,205,tech020,Checked disk health; replaced failing disk.
496,0,2024-01-06 17:27:52,Security,358,tech005,Database service restarted after crash.
497,1,2024-08-16 12:32:24,Upgrade,115,tech002,Replaced faulty NIC and tested connectivity.
498,2,2024-07-19 12:13:15,Patch,212,tech005,Applied security patch and verified.
499,0,2025-02-11 15:54:02,Network,364,tech027,Performed kernel update and rebooted.
500,0,2024-05-25 21:44:58,Network,379,tech030,Updated TLS certificates.
501,0,2024-06-08 04:23:26,Network,186,tech018,Adjusted firewall rules.
502,1,2025-02-01 22:46:44,Incident,240,tech025,Database service restarted after crash.
503,2,2024-06-03 23:22:55,Upgrade,276,tech039,Applied security patch and verified.
504,3,2025-09-26 08:16:13,Incident,413,tech012,Updated TLS certificates.
505,4,2024-03-31 05:30:00,Upgrade,344,tech013,Applied security patch and verified.
506,0,2025-07-30 14:38:26,Security,252,tech037,Updated TLS certificates.
507,1,2025-02-12 06:16:39,Incident,55,tech017,Adjusted firewall rules.
508,2,2024-06-11 23:49:08,Upgrade,298,tech009,Server rebooted successfully.
509,0,2024-10-29 23:07:55,Patch,327,tech024,Checked disk health; replaced failing disk.
510,0,2024-10-14 15:33:23,Patch,419,tech022,Checked disk health; replaced failing disk.
511,1,2024-02-04 02:33:14,Network,183,tech030,Database service restarted after crash.
512,2,2024-07-17 08:40:37,Patch,218,tech017,Replaced faulty NIC and tested connectivity.
513,0,2024-09-02 15:27:30,Security,266,tech039,Applied security patch and verified.
514,1,2024-03-29 20:49:02,Security,408,tech045,Performed kernel update and rebooted.
515,2,2024-06-17 02:58:13,Patch,54,tech015,Checked disk health; replaced failing disk.
516,0,2025-03-14 00:25:06,Security,12,tech031,Replaced faulty NIC and tested connectivity.
517,0,2025-01-02 19:47:49,Upgrade,99,tech026,Database service restarted after crash.
518,1,2024-05-12 00:42:04,Incident,414,tech038,Performed kernel update and rebooted.
519,2,2025-08-27 10:07:09,Incident,208,tech007,Checked disk health; replaced failing disk.
520,3,2025-03-11 05:25:11,Network,275,tech040,Updated TLS certificates.
521,4,2025-04-11 14:34:11,Incident,200,tech037,Adjusted firewall rules.
522,5,2024-12-27 03:26:41,Upgrade,135,tech041,Updated TLS certificates.
523,6,2024-09-24 08:12:35,Security,23,tech016,Performed kernel update and rebooted.
524,7,2025-06-18 06:13:52,Security,355,tech011,Performed kernel update and rebooted.
525,0,2024-05-30 14:59:48,Upgrade,240,tech017,Updated TLS certificates.
526,0,2024-07-02 18:20:28,Upgrade,199,tech005,Checked disk health; replaced failing disk.
527,1,2024-09-06 07:08:58,Upgrade,281,tech002,Performed kernel update and rebooted.
528,2,2024-10-29 05:18:51,Security,174,tech040,Adjusted firewall rules.
529,0,2025-06-25 02:56:06,Incident,200,tech001,Applied security patch and verified.
530,1,2025-06-02 16:32:18,Incident,141,tech028,Replaced faulty NIC and tested connectivity.
531,2,2025-01-30 18:42:15,Upgrade,99,tech028,Performed kernel update and rebooted.
532,3,2024-08-15 03:48:51,Security,221,tech008,Server rebooted successfully.
533,0,2024-09-09 15:01:28,Patch,182,tech029,Checked disk health; replaced failing disk.
534,1,2024-01-20 04:27:38,Network,316,tech001,Performed kernel update and rebooted.
535,2,2024-12-26 12:49:46,Patch,61,tech009,Checked disk health; replaced failing disk.
536,3,2024-10-29 17:11:26,Network,176,tech047,Performed kernel update and rebooted.
537,0,2025-07-27 13:46:09,Security,361,tech004,Server rebooted successfully.
538,1,2024-09-18 22:12:49,Upgrade,359,tech046,Updated TLS certificates.
539,2,2024-10-04 17:49:34,Security,124,tech004,Database service restarted after crash.
540,3,2024-07-14 12:15:47,Upgrade,217,tech023,Updated TLS certificates.
541,4,2024-05-13 18:41:30,Incident,399,tech037,Server rebooted successfully.
542,5,2024-08-21 06:05:59,Security,119,tech037,Replaced faulty NIC and tested connectivity.
543,6,2024-09-23 18:16:59,Incident,249,tech026,Performed kernel update and rebooted.
544,7,2025-07-25 06:00:23,Security,32,tech012,Updated TLS certificates.
545,0,2025-02-05 13:48:16,Patch,110,tech011,Checked disk health; replaced failing disk.
546,1,2024-06-06 01:37:53,Patch,12,tech002,Server rebooted successfully.
547,2,2025-02-09 04:12:31,Incident,415,tech018,Applied security patch and verified.
548,3,2025-01-21 15:08:41,Patch,312,tech050,Adjusted firewall rules.
549,4,2025-08-09 06:11:36,Incident,152,tech014,Applied security patch and verified.
550,5,2024-03-18 10:47:24,Patch,212,tech047,Updated TLS certificates.
551,0,2025-07-26 17:40:26,Incident,277,tech040,Checked disk health; replaced failing disk.
552,1,2024-06-09 09:10:54,Patch,34,tech029,Checked disk health; replaced failing disk.
553,2,2024-03-02 17:17:47,Upgrade,106,tech024,Adjusted firewall rules.
554,3,2025-08-02 04:19:43,Security,245,tech011,Server rebooted successfully.
555,0,2025-06-21 03:49:31,Upgrade,200,tech041,Performed kernel update and rebooted.
556,1,2024-01-06 00:45:12,Upgrade,248,tech048,Server rebooted successfully.
557,0,2025-02-06 12:11:17,Incident,418,tech013,Applied security patch and verified.
558,1,2024-09-17 00:27:27,Security,87,tech040,Checked disk health; replaced failing disk.
559,2,2025-08-18 01:48:27,Patch,164,tech007,Replaced faulty NIC and tested connectivity.
560,0,2024-02-03 04:30:48,Security,109,tech029,Replaced faulty NIC and tested connectivity.
561,1,2025-08-11 15:30:26,Patch,15,tech037,Server rebooted successfully.
562,2,2024-05-24 16:10:43,Patch,228,tech015,Server rebooted successfully.
563,3,2024-11-30 11:08:40,Network,375,tech042,Replaced faulty NIC and tested connectivity.
564,4,2024-12-23 10:18:18,Patch,77,tech037,Updated TLS certificates.
565,5,2025-03-27 17:17:23,Security,334,tech047,Database service restarted after crash.
566,0,2025-09-28 18:08:13,Security,15,tech002,Database service restarted after crash.
567,1,2025-07-24 17:48:30,Incident,68,tech018,Server rebooted successfully.
568,2,2025-08-01 12:51:56,Incident,108,tech029,Updated TLS certificates.
569,0,2025-09-09 18:02:05,Patch,335,tech001,Performed kernel update and rebooted.
570,1,2024-10-14 21:55:04,Incident,329,tech002,Updated TLS certificates.
571,0,2025-08-20 04:06:41,Incident,265,tech015,Server rebooted successfully.
572,1,2025-02-07 04:08:07,Upgrade,298,tech023,Performed kernel update and rebooted.
573,2,2025-06-27 13:16:23,Security,93,tech036,Adjusted firewall rules.
574,3,2025-07-31 15:26:31,Patch,168,tech022,Database service restarted after crash.
575,4,2025-07-29 06:17:26,Security,226,tech037,Server rebooted successfully.
576,0,2024-04-30 07:16:42,Incident,315,tech031,Adjusted firewall rules.
577,1,2024-03-10 15:53:17,Incident,397,tech020,Performed kernel update and rebooted.
578,2,2024-02-19 02:09:48,Upgrade,361,tech011,Updated TLS certificates.
579,0,2024-02-08 16:44:55,Upgrade,253,tech009,Server rebooted successfully.
580,0,2025-04-17 10:55:23,Upgrade,341,tech039,Applied security patch and verified.
581,0,2025-04-11 11:58:52,Patch,344,tech048,Applied security patch and verified.
582,1,2024-02-23 12:02:01,Patch,141,tech026,Performed kernel update and rebooted.
583,2,2024-09-18 05:25:37,Network,352,tech023,Database service restarted after crash.
584,0,2024-08-18 06:28:06,Patch,374,tech008,Checked disk health; replaced failing disk.
585,1,2024-08-10 03:46:29,Upgrade,365,tech013,Checked disk health; replaced failing disk.
586,2,2024-04-06 21:44:04,Upgrade,105,tech012,Adjusted firewall rules.
587,0,2025-08-25 16:14:35,Upgrade,345,tech048,Performed kernel update and rebooted.
588,1,2025-01-06 07:00:54,Network,192,tech022,Adjusted firewall rules.
589,0,2024-12-12 02:23:21,Patch,15,tech021,Server rebooted successfully.
590,1,2025-01-07 10:35:44,Security,115,tech031,Adjusted firewall rules.
591,2,2024-08-24 15:50:35,Upgrade,417,tech047,Replaced faulty NIC and tested connectivity.
592,0,2024-05-14 18:24:09,Upgrade,267,tech038,Updated TLS certificates.
593,1,2024-06-04 03:37:18,Security,232,tech025,Applied security patch and verified.
594,2,2024-01-25 07:58:38,Patch,359,tech008,Adjusted firewall rules.
595,3,2025-07-31 14:38:22,Network,19,tech046,Database service restarted after crash.
596,0,2024-11-28 06:11:25,Patch,15,tech049,Database service restarted after crash.
597,1,2025-09-10 02:30:39,Network,333,tech026,Updated TLS certificates.
598,0,2025-09-16 22:06:52,Patch,234,tech026,Adjusted firewall rules.
599,1,2024-06-03 08:38:25,Patch,302,tech031,Adjusted firewall rules.
600,2,2024-08-03 15:53:35,Network,350,tech004,Performed kernel update and rebooted.
601,0,2025-06-09 11:45:52,Network,138,tech032,Replaced faulty NIC and tested connectivity.
602,1,2025-02-17 11:57:58,Incident,8,tech022,Server rebooted successfully.
603,2,2024-04-27 17:09:16,Security,350,tech023,Adjusted firewall rules.
604,3,2025-08-23 02:09:14,Security,257,tech027,Checked disk health; replaced failing disk.
605,4,2025-05-08 16:24:29,Patch,326,tech026,Performed kernel update and rebooted.
606,0,2024-09-25 02:05:25,Upgrade,182,tech020,Checked disk health; replaced failing disk.
607,1,2024-02-16 12:50:16,Incident,263,tech006,Performed kernel update and rebooted.
608,2,2024-04-10 21:54:14,Incident,158,tech024,Replaced faulty NIC and tested connectivity.
609,3,2024-01-27 23:40:15,Incident,122,tech049,Performed kernel update and rebooted.
610,0,2024-03-16 00:32:38,Network,164,tech046,Updated TLS certificates.
611,1,2024-01-14 11:29:30,Security,112,tech031,Database service restarted after crash.
612,2,2024-09-10 03:13:20,Upgrade,357,tech045,Adjusted firewall rules.
613,3,2024-09-05 11:55:19,Patch,96,tech011,Updated TLS certificates.
614,4,2024-02-27 06:56:33,Upgrade,219,tech028,Server rebooted successfully.
615,0,2025-08-28 15:50:59,Security,261,tech006,Replaced faulty NIC and tested connectivity.
616,0,2024-02-04 08:30:35,Patch,236,tech050,Updated TLS certificates.
617,1,2025-02-20 19:35:46,Patch,356,tech019,Replaced faulty NIC and tested connectivity.
618,2,2024-07-10 17:58:04,Security,344,tech030,Replaced faulty NIC and tested connectivity.
619,3,2024-06-17 15:46:57,Upgrade,143,tech015,Updated TLS certificates.
620,0,2024-07-31 00:00:03,Incident,27,tech029,Checked disk health; replaced failing disk.
621,0,2024-11-14 05:02:40,Security,210,tech010,Updated TLS certificates.
622,0,2024-06-10 02:11:02,Upgrade,361,tech001,Replaced faulty NIC and tested connectivity.
623,1,2024-09-03 10:56:59,Patch,148,tech035,Database service restarted after crash.
624,2,2024-08-31 04:08:52,Security,315,tech008,Adjusted firewall rules.
625,3,2025-07-04 07:15:47,Network,239,tech019,Updated TLS certificates.
626,4,2024-05-05 01:31:26,Network,400,tech003,Checked disk health; replaced failing disk.
627,5,2024-05-22 16:04:33,Security,45,tech041,Updated TLS certificates.
628,6,2024-01-30 01:10:14,Security,105,tech048,Performed kernel update and rebooted.
629,7,2025-06-29 21:51:45,Patch,12,tech046,Updated TLS certificates.
630,0,2024-04-18 12:07:57,Incident,71,tech008,Database service restarted after crash.
631,0,2025-08-05 03:47:44,Incident,377,tech039,Database service restarted after crash.
632,1,2024-05-22 05:49:30,Patch,205,tech036,Checked disk health; replaced failing disk.
633,2,2025-09-25 16:46:32,Incident,91,tech016,Applied security patch and verified.
634,3,2024-04-23 00:37:40,Upgrade,351,tech030,Updated TLS certificates.
635,0,2025-08-15 10:27:49,Network,89,tech018,Server rebooted successfully.
636,1,2024-05-20 08:42:39,Upgrade,73,tech042,Updated TLS certificates.
637,0,2025-09-03 04:21:20,Incident,249,tech035,Adjusted firewall rules.
638,1,2024-05-25 20:08:46,Upgrade,96,tech013,Performed kernel update and rebooted.
639,0,2024-11-19 06:15:25,Security,322,tech018,Applied security patch and verified.
640,1,2025-04-05 21:59:15,Incident,329,tech018,Server rebooted successfully.
641,2,2024-02-17 03:37:21,Security,147,tech030,Server rebooted successfully.
642,3,2024-09-10 19:19:11,Upgrade,388,tech008,Replaced faulty NIC and tested connectivity.
643,0,2024-01-28 09:34:11,Patch,48,tech001,Performed kernel update and rebooted.
644,1,2024-04-26 15:02:02,Security,137,tech041,Applied security patch and verified.
645,2,2025-01-22 03:58:07,Incident,260,tech002,Applied security patch and verified.
646,0,2025-05-05 15:41:17,Incident,264,tech041,Performed kernel update and rebooted.
647,1,2024-07-11 20:25:57,Incident,213,tech029,Database service restarted after crash.
648,2,2024-03-01 19:52:31,Network,322,tech036,Applied security patch and verified.
649,0,2024-07-14 09:33:08,Security,197,tech002,Server rebooted successfully.
650,1,2024-05-11 16:58:29,Network,172,tech015,Applied security patch and verified.
651,2,2024-07-22 13:53:57,Patch,417,tech037,Adjusted firewall rules.
652,3,2024-05-04 00:35:04,Network,389,tech028,Updated TLS certificates.
653,4,2025-07-25 17:45:53,Incident,111,tech045,Applied security patch and verified.
654,0,2025-07-28 19:58:11,Patch,9,tech018,Adjusted firewall rules.
655,1,2025-02-17 05:16:12,Upgrade,247,tech022,Applied security patch and verified.
656,2,2024-04-13 10:39:38,Upgrade,236,tech010,Adjusted firewall rules.
657,3,2025-01-24 15:04:53,Incident,27,tech027,Applied security patch and verified.
658,0,2025-09-23 22:55:24,Security,271,tech032,Updated TLS certificates.
659,1,2024-11-10 03:50:30,Upgrade,67,tech028,Database service restarted after crash.
660,2,2025-09-19 10:19:00,Incident,140,tech007,Replaced faulty NIC and tested connectivity.
661,0,2024-01-21 13:55:37,Incident,101,tech009,Adjusted firewall rules.
662,1,2024-10-20 14:59:34,Patch,380,tech026,Database service restarted after crash.
663,2,2025-01-12 12:15:48,Incident,221,tech004,Adjusted firewall rules.
664,0,2024-04-09 07:34:42,Security,138,tech044,Adjusted firewall rules.
665,1,2024-08-11 02:49:08,Upgrade,159,tech048,Checked disk health; replaced failing disk.
666,0,2025-04-10 20:04:08,Patch,315,tech001,Checked disk health; replaced failing disk.
667,1,2024-05-22 19:45:22,Upgrade,283,tech032,Updated TLS certificates.
668,0,2025-02-27 03:33:44,Upgrade,188,tech046,Checked disk health; replaced failing disk.
669,0,2025-02-13 14:56:33,Security,5,tech015,Database service restarted after crash.
670,1,2024-11-21 08:36:23,Patch,350,tech018,Database service restarted after crash.
671,0,2024-04-18 19:40:17,Patch,380,tech010,Updated TLS certificates.
672,1,2025-08-15 16:45:48,Security,318,tech049,Applied security patch and verified.
673,2,2024-12-06 13:11:42,Upgrade,63,tech046,Checked disk health; replaced failing disk.
674,3,2024-10-11 14:47:40,Patch,285,tech013,Checked disk health; replaced failing disk.
675,0,2024-03-15 02:02:08,Upgrade,204,tech021,Adjusted firewall rules.
676,1,2024-08-01 07:24:12,Incident,334,tech030,Applied security patch and verified.
677,2,2024-07-30 15:54:51,Incident,352,tech013,Performed kernel update and rebooted.
678,0,2025-08-18 07:57:41,Security,339,tech011,Applied security patch and verified.
679,0,2024-03-13 11:30:58,Upgrade,59,tech014,Updated TLS certificates.
680,1,2024-02-14 09:30:53,Network,245,tech025,Server rebooted successfully.
681,2,2024-05-26 11:48:35,Network,125,tech002,Replaced faulty NIC and tested connectivity.
682,3,2025-01-14 11:14:24,Patch,356,tech010,Database service restarted after crash.
683,4,2024-12-19 19:18:34,Incident,336,tech036,Checked disk health; replaced failing disk.
684,5,2025-06-13 07:59:32,Security,318,tech045,Checked disk health; replaced failing disk.
685,0,2025-08-04 02:02:23,Patch,138,tech007,Database service restarted after crash.
686,1,2024-06-19 16:27:02,Network,350,tech021,Checked disk health; replaced failing disk.
687,2,2025-08-09 14:58:22,Upgrade,58,tech014,Replaced faulty NIC and tested connectivity.
688,3,2024-06-25 18:06:52,Incident,405,tech026,Updated TLS certificates.
689,4,2025-04-11 12:59:11,Patch,328,tech001,Applied security patch and verified.
690,0,2025-04-16 19:55:12,Upgrade,189,tech021,Applied security patch and verified.
691,1,2025-05-31 07:59:47,Patch,323,tech017,Updated TLS certificates.
692,2,2025-08-28 18:35:28,Upgrade,133,tech016,Applied security patch and verified.
693,3,2024-03-05 05:15:13,Patch,184,tech050,Checked disk health; replaced failing disk.
694,0,2025-02-03 05:50:00,Security,79,tech039,Adjusted firewall rules.
695,1,2024-06-29 20:05:35,Patch,193,tech033,Updated TLS certificates.
696,2,2025-08-28 11:50:55,Upgrade,372,tech009,Server rebooted successfully.
697,3,2024-01-13 04:39:51,Incident,381,tech011,Performed kernel update and rebooted.
698,4,2025-03-26 07:26:46,Upgrade,171,tech041,Updated TLS certificates.
699,0,2024-11-21 14:29:37,Upgrade,299,tech014,Replaced faulty NIC and tested connectivity.
700,1,2025-03-12 04:10:22,Network,136,tech035,Applied security patch and verified.
701,0,2024-06-04 09:41:06,Security,380,tech006,Database service restarted after crash.
702,1,2024-10-14 00:56:16,Upgrade,279,tech049,Replaced faulty NIC and tested connectivity.
703,0,2025-07-10 09:04:19,Security,327,tech030,Adjusted firewall rules.
704,1,2025-04-29 17:02:02,Network,17,tech016,Server rebooted successfully.
705,0,2024-05-18 23:10:44,Incident,257,tech021,Adjusted firewall rules.
706,0,2025-09-12 14:49:16,Network,263,tech045,Applied security patch and verified.
707,1,2025-06-03 09:55:28,Security,89,tech008,Checked disk health; replaced failing disk.
708,0,2025-04-07 22:55:18,Security,83,tech002,Adjusted firewall rules.
709,0,2025-05-23 08:31:31,Network,75,tech003,Replaced faulty NIC and tested connectivity.
710,1,2024-10-02 00:06:40,Upgrade,335,tech047,Performed kernel update and rebooted.
711,2,2024-04-26 15:58:43,Network,300,tech018,Performed kernel update and rebooted.
712,3,2024-03-04 18:06:33,Network,65,tech007,Server rebooted successfully.
713,0,2025-04-05 08:48:02,Network,276,tech025,Database service restarted after crash.
714,1,2025-07-31 13:17:42,Network,132,tech038,Server rebooted successfully.
715,2,2024-03-12 23:36:48,Security,84,tech008,Applied security patch and verified.
716,0,2025-06-03 21:53:22,Upgrade,194,tech005,Applied security patch and verified.
717,1,2025-07-30 00:48:03,Incident,68,tech003,Applied security patch and verified.
718,2,2024-09-06 10:27:08,Incident,198,tech007,Applied security patch and verified.
719,3,2025-09-02 10:45:05,Upgrade,56,tech004,Checked disk health; replaced failing disk.
720,4,2025-07-28 23:46:06,Patch,334,tech036,Applied security patch and verified.
721,5,2025-04-04 01:26:10,Patch,343,tech010,Adjusted firewall rules.
722,6,2025-02-23 11:50:57,Network,200,tech014,Adjusted firewall rules.
723,0,2024-11-08 19:44:24,Network,109,tech015,Replaced faulty NIC and tested connectivity.
724,1,2024-09-29 17:36:42,Patch,22,tech031,Performed kernel update and rebooted.
725,0,2024-01-14 16:56:22,Network,146,tech038,Performed kernel update and rebooted.
726,0,2024-10-26 22:23:38,Network,376,tech032,Updated TLS certificates.
727,1,2025-02-05 04:20:57,Network,30,tech014,Server rebooted successfully.
728,0,2025-09-28 09:51:04,Security,258,tech013,Checked disk health; replaced failing disk.
729,1,2024-01-20 01:55:04,Network,382,tech029,Updated TLS certificates.
730,2,2024-09-21 14:41:25,Patch,16,tech044,Replaced faulty NIC and tested connectivity.
731,3,2024-04-29 23:29:41,Security,158,tech049,Database service restarted after crash.
732,4,2024-08-10 08:59:37,Upgrade,325,tech045,Checked disk health; replaced failing disk.
733,0,2024-07-12 09:03:03,Patch,210,tech038,Database service restarted after crash.
734,1,2025-08-31 10:06:28,Upgrade,333,tech035,Database service restarted after crash.
735,0,2025-08-20 13:19:53,Incident,218,tech029,Checked disk health; replaced failing disk.
736,1,2024-11-20 21:45:49,Incident,308,tech018,Database service restarted after crash.
737,2,2025-02-23 12:21:58,Network,250,tech034,Performed kernel update and rebooted.
738,0,2024-02-10 20:43:18,Upgrade,145,tech004,Adjusted firewall rules.
739,1,2024-01-31 14:01:21,Patch,81,tech029,Updated TLS certificates.
740,2,2024-08-23 10:29:52,Upgrade,413,tech017,Updated TLS certificates.
741,3,2024-07-18 01:22:20,Upgrade,255,tech010,Adjusted firewall rules.
742,0,2025-06-03 00:05:33,Upgrade,91,tech011,Server rebooted successfully.
743,1,2025-05-01 16:31:47,Upgrade,292,tech013,Applied security patch and verified.
744,0,2025-01-19 07:18:47,Network,177,tech034,Updated TLS certificates.
745,1,2024-03-21 03:22:34,Network,159,tech010,Applied security patch and verified.
746,2,2025-05-04 06:48:21,Upgrade,267,tech024,Checked disk health; replaced failing disk.
747,0,2024-08-11 07:24:40,Network,53,tech001,Applied security patch and verified.
748,1,2024-12-25 09:17:24,Patch,339,tech040,Adjusted firewall rules.
749,0,2025-08-22 19:42:16,Upgrade,382,tech002,Replaced faulty NIC and tested connectivity.
750,1,2025-05-22 10:39:22,Patch,29,tech036,Applied security patch and verified.
751,2,2025-08-03 00:29:25,Patch,157,tech028,Performed kernel update and rebooted.
752,0,2025-03-24 11:01:38,Security,115,tech012,Updated TLS certificates.
753,1,2025-09-17 19:04:52,Incident,138,tech020,Checked disk health; replaced failing disk.
754,2,2025-07-21 14:47:24,Incident,97,tech028,Replaced faulty NIC and tested connectivity.
755,0,2024-12-02 20:14:20,Security,131,tech018,Adjusted firewall rules.
756,1,2024-10-08 07:52:25,Network,231,tech015,Performed kernel update and rebooted.
757,2,2025-03-19 03:56:12,Incident,403,tech002,Database service restarted after crash.
758,0,2024-01-08 20:21:24,Patch,311,tech044,Updated TLS certificates.
759,1,2024-07-04 12:32:50,Upgrade,142,tech014,Checked disk health; replaced failing disk.
760,2,2024-01-16 09:49:07,Incident,348,tech030,Checked disk health; replaced failing disk.
761,3,2024-01-03 18:26:25,Network,337,tech011,Checked disk health; replaced failing disk.
762,0,2024-04-16 04:36:23,Incident,80,tech033,Database service restarted after crash.
763,0,2024-11-29 13:49:29,Patch,25,tech006,Database service restarted after crash.
764,1,2025-07-14 19:43:45,Security,366,tech035,Database service restarted after crash.
765,0,2024-05-26 10:54:44,Upgrade,250,tech012,Adjusted firewall rules.
766,1,2025-08-24 16:55:17,Upgrade,33,tech001,Database service restarted after crash.
767,2,2024-01-12 17:01:33,Network,112,tech049,Database service restarted after crash.
768,0,2024-08-21 15:43:15,Network,335,tech001,Adjusted firewall rules.
769,1,2025-07-05 22:03:16,Incident,233,tech009,Adjusted firewall rules.
770,2,2025-09-24 08:34:33,Incident,17,tech017,Database service restarted after crash.
771,3,2025-09-03 16:20:18,Upgrade,203,tech014,Performed kernel update and rebooted.
772,4,2024-09-21 11:49:15,Security,100,tech036,Replaced faulty NIC and tested connectivity.
773,0,2025-01-02 02:00:57,Network,37,tech016,Database service restarted after crash.
774,1,2025-08-31 17:42:59,Patch,402,tech002,Applied security patch and verified.
775,2,2024-04-12 15:21:17,Upgrade,143,tech028,Server rebooted successfully.
776,0,2024-04-14 19:14:25,Upgrade,321,tech020,Database service restarted after crash.
777,1,2024-07-30 20:56:49,Network,117,tech022,Replaced faulty NIC and tested connectivity.
778,2,2025-08-29 16:30:16,Network,66,tech021,Database service restarted after crash.
779,0,2024-08-06 06:38:58,Network,26,tech042,Checked disk health; replaced failing disk.
780,1,2024-10-06 22:38:24,Patch,204,tech011,Checked disk health; replaced failing disk.
781,0,2024-05-11 22:13:08,Incident,227,tech018,Adjusted firewall rules.
782,0,2024-01-22 06:30:58,Upgrade,115,tech033,Database service restarted after crash.
783,1,2024-09-13 15:48:50,Patch,257,tech006,Replaced faulty NIC and tested connectivity.
784,0,2024-06-26 11:51:25,Security,154,tech023,Replaced faulty NIC and tested connectivity.
785,0,2025-03-31 10:56:29,Patch,302,tech004,Updated TLS certificates.
786,1,2025-08-04 12:12:52,Incident,114,tech027,Database service restarted after crash.
787,2,2025-09-10 06:08:50,Network,171,tech037,Performed kernel update and rebooted.
788,0,2025-07-04 04:30:50,Network,60,tech039,Updated TLS certificates.
789,1,2024-11-01 06:06:58,Security,114,tech007,Replaced faulty NIC and tested connectivity.
790,2,2024-03-06 08:55:43,Patch,241,tech036,Adjusted firewall rules.
791,3,2024-01-31 12:03:58,Patch,271,tech004,Replaced faulty NIC and tested connectivity.
792,4,2025-06-21 07:06:24,Network,278,tech002,Applied security patch and verified.
793,0,2025-08-10 03:20:58,Patch,86,tech040,Performed kernel update and rebooted.
794,1,2025-07-01 17:11:56,Patch,161,tech007,Checked disk health; replaced failing disk.
795,2,2025-01-24 12:16:54,Patch,311,tech014,Updated TLS certificates.
796,3,2025-02-20 06:37:53,Upgrade,242,tech033,Checked disk health; replaced failing disk.
797,4,2024-08-09 11:26:09,Network,296,tech002,Applied security patch and verified.
798,0,2024-05-26 00:01:06,Patch,147,tech006,Database service restarted after crash.
799,1,2025-06-07 11:10:09,Patch,176,tech041,Checked disk health; replaced failing disk.
800,2,2024-08-18 05:24:17,Network,55,tech029,Updated TLS certificates.
801,3,2024-02-18 05:11:18,Network,53,tech029,Applied security patch and verified.
802,4,2024-01-04 04:44:41,Security,390,tech038,Applied security patch and verified.
803,0,2025-02-20 18:38:31,Upgrade,404,tech024,Applied security patch and verified.
804,1,2024-09-03 22:36:03,Security,244,tech014,Server rebooted successfully.
805,2,2024-09-04 07:17:55,Network,131,tech044,Checked disk health; replaced failing disk.
806,3,2024-04-19 18:14:00,Network,394,tech011,Applied security patch and verified.
807,4,2024-04-05 20:56:57,Patch,174,tech050,Server rebooted successfully.
808,0,2025-07-04 00:47:55,Incident,202,tech035,Updated TLS certificates.
809,1,2025-09-13 22:14:32,Patch,318,tech049,Adjusted firewall rules.
810,2,2024-10-25 16:00:26,Network,100,tech049,Replaced faulty NIC and tested connectivity.
811,0,2024-01-04 01:35:22,Upgrade,256,tech041,Database service restarted after crash.
812,1,2025-05-29 14:20:01,Security,277,tech026,Applied security patch and verified.
813,2,2025-05-26 11:19:02,Patch,156,tech035,Replaced faulty NIC and tested connectivity.
814,3,2025-07-08 15:45:56,Upgrade,249,tech010,Server rebooted successfully.
815,0,2024-05-11 20:46:54,Incident,347,tech041,Applied security patch and verified.
816,1,2024-03-16 06:57:03,Incident,416,tech010,Performed kernel update and rebooted.
817,2,2025-07-15 05:42:14,Incident,348,tech012,Database service restarted after crash.
818,3,2025-07-22 06:15:25,Patch,211,tech028,Applied security patch and verified.
819,0,2025-08-21 10:43:27,Incident,82,tech021,Performed kernel update and rebooted.
820,1,2024-03-11 14:25:52,Upgrade,235,tech044,Applied security patch and verified.
821,2,2025-05-29 03:03:59,Upgrade,402,tech049,Database service restarted after crash.
822,3,2024-11-26 00:43:00,Patch,45,tech024,Server rebooted successfully.
823,4,2025-06-03 05:48:22,Patch,246,tech004,Applied security patch and verified.
824,5,2024-06-24 13:41:27,Incident,177,tech036,Applied security patch and verified.
825,0,2024-04-27 08:14:33,Network,297,tech029,Adjusted firewall rules.
826,1,2025-08-24 22:24:03,Upgrade,283,tech038,Database service restarted after crash.
827,2,2024-04-24 17:01:39,Upgrade,140,tech013,Performed kernel update and rebooted.
828,3,2025-09-11 12:54:36,Security,110,tech011,Database service restarted after crash.
829,0,2024-03-22 07:54:12,Incident,87,tech006,Applied security patch and verified.
830,1,2024-01-09 05:54:50,Security,173,tech025,Checked disk health; replaced failing disk.
831,0,2025-06-23 11:32:39,Incident,392,tech003,Applied security patch and verified.
832,1,2024-02-07 01:00:40,Upgrade,65,tech048,Performed kernel update and rebooted.
833,2,2024-04-20 11:24:46,Network,107,tech010,Updated TLS certificates.
834,0,2025-07-06 11:03:57,Security,344,tech038,Checked disk health; replaced failing disk.
835,0,2025-03-31 17:31:13,Incident,16,tech002,Checked disk health; replaced failing disk.
836,1,2024-04-27 02:00:52,Security,337,tech035,Updated TLS certificates.
837,2,2024-02-25 10:49:13,Patch,293,tech001,Applied security patch and verified.
838,3,2024-07-25 12:40:21,Incident,404,tech017,Applied security patch and verified.
839,0,2025-05-14 08:43:33,Network,312,tech008,Adjusted firewall rules.
840,1,2025-08-20 04:38:35,Patch,419,tech042,Performed kernel update and rebooted.
841,2,2024-11-19 02:00:19,Security,182,tech017,Adjusted firewall rules.
842,0,2024-04-01 14:52:36,Network,64,tech003,Performed kernel update and rebooted.
843,1,2024-03-06 03:10:42,Security,224,tech035,Updated TLS certificates.
844,2,2024-09-15 06:58:46,Patch,296,tech016,Server rebooted successfully.
845,3,2024-04-06 13:32:03,Patch,300,tech014,Applied security patch and verified.
846,4,2024-01-18 21:07:38,Upgrade,175,tech019,Adjusted firewall rules.
847,0,2024-01-12 16:36:59,Upgrade,113,tech047,Updated TLS certificates.
848,0,2025-04-07 04:26:47,Incident,96,tech017,Database service restarted after crash.
849,1,2024-11-01 00:48:04,Incident,175,tech005,Database service restarted after crash.
850,2,2025-04-02 17:45:07,Patch,255,tech019,Updated TLS certificates.
851,3,2025-03-16 01:48:43,Network,87,tech027,Replaced faulty NIC and tested connectivity.
852,4,2025-01-22 16:10:18,Incident,7,tech001,Server rebooted successfully.
853,0,2024-07-03 14:00:28,Network,178,tech013,Adjusted firewall rules.
854,1,2024-05-15 15:28:06,Incident,249,tech027,Updated TLS certificates.
855,2,2024-04-23 14:10:30,Network,33,tech019,Adjusted firewall rules.
856,0,2024-09-13 19:49:06,Security,248,tech029,Server rebooted successfully.
857,1,2025-05-27 02:06:42,Security,38,tech038,Adjusted firewall rules.
858,2,2024-08-09 05:38:50,Patch,65,tech013,Performed kernel update and rebooted.
859,3,2025-07-01 06:34:50,Patch,182,tech007,Applied security patch and verified.
860,4,2024-04-23 20:38:39,Security,309,tech046,Updated TLS certificates.
861,0,2024-04-03 03:57:13,Network,57,tech013,Checked disk health; replaced failing disk.
862,1,2025-06-24 23:30:14,Incident,58,tech021,Database service restarted after crash.
863,2,2025-09-12 12:06:29,Network,237,tech027,Performed kernel update and rebooted.
864,3,2024-10-24 21:18:17,Patch,347,tech010,Performed kernel update and rebooted.
865,4,2025-08-11 13:08:31,Patch,15,tech022,Updated TLS certificates.
866,5,2025-07-20 07:15:13,Upgrade,335,tech020,Checked disk health; replaced failing disk.
867,6,2025-07-29 03:08:00,Upgrade,239,tech041,Performed kernel update and rebooted.
868,0,2025-03-29 22:05:59,Patch,42,tech036,Replaced faulty NIC and tested connectivity.
869,0,2024-06-07 23:48:25,Network,62,tech046,Server rebooted successfully.
870,1,2024-04-15 19:33:30,Upgrade,89,tech029,Performed kernel update and rebooted.
871,0,2025-01-19 00:04:21,Security,268,tech009,Applied security patch and verified.
872,0,2024-05-03 05:30:51,Upgrade,269,tech024,Replaced faulty NIC and tested connectivity.
873,0,2025-04-20 00:15:16,Security,262,tech012,Performed kernel update and rebooted.
874,1,2025-09-18 02:10:52,Security,142,tech017,Database service restarted after crash.
875,2,2024-01-09 01:47:56,Incident,289,tech045,Applied security patch and verified.
876,3,2024-01-01 03:13:27,Network,327,tech035,Database service restarted after crash.
877,0,2024-08-19 17:27:14,Incident,30,tech031,Adjusted firewall rules.
878,1,2025-06-03 01:27:16,Patch,72,tech043,Updated TLS certificates.
879,2,2024-08-26 13:22:00,Network,197,tech049,Checked disk health; replaced failing disk.
880,3,2024-10-20 17:44:17,Upgrade,240,tech005,Database service restarted after crash.
881,0,2024-06-12 18:37:22,Security,320,tech003,Updated TLS certificates.
882,1,2025-07-26 17:52:24,Incident,388,tech028,Replaced faulty NIC and tested connectivity.
883,2,2024-09-28 06:39:23,Network,81,tech046,Server rebooted successfully.
884,0,2024-04-12 10:32:14,Security,140,tech028,Replaced faulty NIC and tested connectivity.
885,1,2024-04-24 14:20:36,Patch,188,tech050,Performed kernel update and rebooted.
886,0,2025-03-16 23:15:19,Patch,142,tech012,Checked disk health; replaced failing disk.
887,1,2024-02-04 15:29:09,Upgrade,137,tech042,Applied security patch and verified.
888,0,2025-03-22 02:21:49,Security,178,tech022,Replaced faulty NIC and tested connectivity.
889,0,2025-01-26 19:07:08,Patch,93,tech043,Performed kernel update and rebooted.
890,1,2025-07-28 01:13:33,Security,404,tech003,Replaced faulty NIC and tested connectivity.
891,2,2024-10-03 21:04:14,Patch,24,tech021,Applied security patch and verified.
892,3,2025-08-12 17:07:02,Incident,109,tech034,Applied security patch and verified.
893,4,2024-05-11 17:44:48,Network,236,tech039,Adjusted firewall rules.
894,5,2025-01-26 12:43:10,Incident,256,tech039,Checked disk health; replaced failing disk.
895,6,2025-01-02 06:34:12,Incident,287,tech004,Checked disk health; replaced failing disk.
896,0,2025-07-29 20:38:42,Upgrade,319,tech044,Performed kernel update and rebooted.
897,0,2024-03-03 23:02:20,Security,332,tech007,Database service restarted after crash.
898,1,2025-08-18 10:42:10,Upgrade,335,tech030,Performed kernel update and rebooted.
899,2,2025-03-04 07:17:10,Patch,124,tech019,Server rebooted successfully.
900,3,2024-02-07 16:36:05,Security,84,tech021,Checked disk health; replaced failing disk.
901,0,2024-05-20 22:18:50,Incident,250,tech026,Applied security patch and verified.
902,1,2024-09-30 00:10:37,Network,101,tech012,Applied security patch and verified.
903,0,2025-03-10 05:00:42,Upgrade,154,tech021,Server rebooted successfully.
904,1,2024-05-06 17:32:17,Incident,223,tech013,Server rebooted successfully.
905,2,2025-04-24 14:24:29,Upgrade,138,tech030,Checked disk health; replaced failing disk.
906,3,2024-04-05 16:48:58,Security,241,tech005,Applied security patch and verified.
907,0,2024-03-02 05:46:12,Patch,256,tech043,Replaced faulty NIC and tested connectivity.
908,1,2025-02-11 20:55:36,Network,122,tech030,Performed kernel update and rebooted.
909,2,2024-08-04 04:03:23,Incident,398,tech012,Updated TLS certificates.
910,0,2024-10-08 21:33:53,Security,274,tech042,Updated TLS certificates.
911,1,2025-04-06 11:20:56,Patch,259,tech004,Adjusted firewall rules.
912,2,2025-01-23 02:29:58,Network,306,tech028,Checked disk health; replaced failing disk.
913,0,2024-08-19 12:44:24,Network,172,tech041,Checked disk health; replaced failing disk.
914,1,2025-08-14 03:08:15,Patch,327,tech042,Replaced faulty NIC and tested connectivity.
915,2,2024-12-02 01:42:54,Incident,328,tech021,Performed kernel update and rebooted.
916,0,2024-06-02 09:17:20,Upgrade,279,tech030,Updated TLS certificates.
917,1,2025-01-25 13:50:51,Upgrade,227,tech030,Adjusted firewall rules.
918,0,2024-07-30 19:31:40,Security,87,tech008,Adjusted firewall rules.
919,1,2025-05-23 03:35:08,Security,213,tech031,Database service restarted after crash.
920,2,2024-09-06 21:50:42,Network,11,tech044,Replaced faulty NIC and tested connectivity.
921,0,2024-06-24 19:55:34,Upgrade,231,tech005,Checked disk health; replaced failing disk.
922,1,2025-03-17 01:51:29,Upgrade,91,tech034,Adjusted firewall rules.
923,2,2025-01-01 15:26:43,Network,264,tech008,Checked disk health; replaced failing disk.
924,0,2024-02-29 17:24:21,Upgrade,68,tech014,Applied security patch and verified.
925,1,2024-05-31 07:05:19,Network,227,tech043,Server rebooted successfully.
926,2,2025-08-31 21:35:39,Security,124,tech009,Updated TLS certificates.
927,3,2024-12-30 09:02:21,Patch,78,tech028,Adjusted firewall rules.
928,0,2025-08-12 18:11:00,Security,316,tech045,Applied security patch and verified.
929,1,2024-03-01 13:32:53,Upgrade,260,tech036,Updated TLS certificates.
930,2,2024-03-22 22:37:30,Incident,231,tech033,Checked disk health; replaced failing disk.
931,3,2024-05-16 04:59:07,Security,285,tech036,Performed kernel update and rebooted.
932,4,2025-07-26 03:00:22,Upgrade,325,tech028,Performed kernel update and rebooted.
933,5,2024-06-30 07:49:13,Incident,207,tech038,Adjusted firewall rules.
934,0,2024-03-15 12:40:05,Incident,193,tech031,Database service restarted after crash.
935,1,2025-06-20 00:29:38,Upgrade,209,tech032,Updated TLS certificates.
936,2,2024-05-04 11:10:52,Security,49,tech006,Adjusted firewall rules.
937,0,2024-04-06 04:07:13,Network,122,tech045,Applied security patch and verified.
938,1,2025-08-24 18:27:51,Patch,131,tech002,Adjusted firewall rules.
939,0,2025-06-20 01:34:15,Incident,213,tech027,Database service restarted after crash.
940,0,2025-09-06 13:21:21,Network,370,tech006,Applied security patch and verified.
941,1,2024-09-09 17:15:29,Network,264,tech031,Server rebooted successfully.
942,2,2024-04-28 16:09:25,Patch,130,tech010,Replaced faulty NIC and tested connectivity.
943,0,2024-06-19 14:44:43,Patch,241,tech030,Adjusted firewall rules.
944,1,2024-05-15 19:53:19,Network,74,tech035,Server rebooted successfully.
945,2,2024-09-13 22:49:35,Upgrade,354,tech007,Checked disk health; replaced failing disk.
946,3,2024-12-01 01:36:13,Incident,144,tech037,Server rebooted successfully.
947,4,2025-05-31 03:54:07,Upgrade,245,tech011,Checked disk health; replaced failing disk.
948,0,2025-09-06 14:47:48,Upgrade,255,tech004,Server rebooted successfully.
949,1,2024-12-28 12:09:56,Incident,183,tech037,Adjusted firewall rules.
950,2,2024-05-17 20:03:53,Network,64,tech034,Replaced faulty NIC and tested connectivity.
951,3,2024-07-20 22:40:35,Upgrade,375,tech019,Adjusted firewall rules.
952,0,2024-04-14 14:58:04,Security,23,tech029,Database service restarted after crash.
953,1,2025-03-12 05:01:14,Patch,267,tech042,Server rebooted successfully.
954,2,2024-07-17 01:12:21,Upgrade,119,tech045,Updated TLS certificates.
955,3,2024-02-25 11:15:50,Security,381,tech002,Adjusted firewall rules.
956,0,2025-06-24 01:23:54,Security,224,tech029,Updated TLS certificates.
957,1,2024-04-09 09:49:16,Security,12,tech003,Adjusted firewall rules.
958,2,2024-03-27 14:23:58,Security,154,tech045,Checked disk health; replaced failing disk.
959,0,2025-05-14 17:16:34,Incident,357,tech005,Updated TLS certificates.
960,1,2025-01-21 17:52:36,Security,63,tech004,Server rebooted successfully.
961,2,2024-04-09 18:12:23,Incident,272,tech009,Adjusted firewall rules.
962,0,2024-09-19 17:29:27,Network,211,tech014,Updated TLS certificates.
963,0,2025-05-23 01:03:15,Security,415,tech010,Replaced faulty NIC and tested connectivity.
964,1,2025-04-07 14:57:37,Network,370,tech045,Database service restarted after crash.
965,2,2025-05-29 19:12:08,Incident,293,tech017,Database service restarted after crash.
966,3,2024-02-11 18:51:08,Patch,412,tech024,Checked disk health; replaced failing disk.
967,4,2025-07-11 19:23:43,Network,102,tech034,Replaced faulty NIC and tested connectivity.
968,5,2025-09-17 19:15:08,Incident,43,tech006,Updated TLS certificates.
969,0,2025-09-09 05:19:02,Upgrade,291,tech043,Server rebooted successfully.
970,0,2024-06-11 02:40:26,Patch,26,tech044,Replaced faulty NIC and tested connectivity.
971,0,2025-07-15 07:52:48,Network,375,tech007,Checked disk health; replaced failing disk.
972,1,2024-08-29 08:48:42,Patch,96,tech009,Applied security patch and verified.
973,0,2025-05-02 22:06:42,Incident,351,tech011,Checked disk health; replaced failing disk.
974,0,2024-01-18 05:41:03,Patch,124,tech047,Updated TLS certificates.
975,1,2024-05-21 02:40:27,Upgrade,96,tech010,Replaced faulty NIC and tested connectivity.
976,2,2024-03-31 03:53:41,Security,254,tech035,Server rebooted successfully.
977,3,2025-08-02 01:28:42,Network,252,tech003,Replaced faulty NIC and tested connectivity.
978,4,2024-10-09 10:52:29,Upgrade,42,tech048,Checked disk health; replaced failing disk.
979,0,2025-06-13 16:38:55,Patch,113,tech037,Performed kernel update and rebooted.
980,1,2024-04-29 19:22:41,Patch,324,tech045,Updated TLS certificates.
981,2,2025-05-28 04:11:20,Security,170,tech026,Applied security patch and verified.
982,0,2024-05-09 21:57:39,Incident,101,tech026,Adjusted firewall rules.
983,0,2024-05-16 19:14:06,Upgrade,91,tech006,Checked disk health; replaced failing disk.
984,1,2024-03-08 14:51:38,Upgrade,79,tech034,Updated TLS certificates.
985,2,2024-02-18 13:57:15,Security,170,tech008,Database service restarted after crash.
986,0,2024-06-23 21:11:31,Network,111,tech023,Applied security patch and verified.
987,1,2024-03-07 01:52:05,Upgrade,391,tech001,Performed kernel update and rebooted.
988,2,2025-04-15 18:32:12,Incident,262,tech001,Performed kernel update and rebooted.
989,0,2024-04-28 14:26:08,Upgrade,364,tech048,Server rebooted successfully.
990,1,2024-07-03 14:44:42,Patch,15,tech011,Performed kernel update and rebooted.
991,0,2025-05-17 03:14:03,Incident,29,tech005,Database service restarted after crash.
992,1,2024-03-22 21:59:43,Network,374,tech039,Adjusted firewall rules.
993,2,2025-02-20 05:51:09,Security,309,tech045,Replaced faulty NIC and tested connectivity.
994,3,2025-07-13 06:53:11,Patch,247,tech002,Applied security patch and verified.
995,4,2025-03-30 01:50:50,Patch,370,tech018,Server rebooted successfully.
996,0,2025-09-10 03:15:23,Incident,283,tech043,Server rebooted successfully.
997,1,2024-12-08 02:41:26,Incident,121,tech016,Performed kernel update and rebooted.
998,0,2024-03-01 18:10:36,Incident,180,tech043,Updated TLS certificates.
999,1,2024-03-28 04:53:51,Patch,133,tech007,Adjusted firewall rules.
1000,0,2024-03-29 17:57:44,Network,307,tech047,Database service restarted after crash.
1001,1,2024-11-16 21:10:24,Incident,143,tech029,Database service restarted after crash.
1002,2,2025-03-08 17:31:50,Patch,261,tech008,Checked disk health; replaced failing disk.
1003,3,2024-12-17 13:16:48,Incident,375,tech019,Adjusted firewall rules.
1004,4,2024-02-08 13:09:00,Patch,337,tech038,Server rebooted successfully.
1005,5,2024-02-11 16:24:21,Upgrade,284,tech003,Database service restarted after crash.
1006,6,2024-02-22 11:26:55,Upgrade,313,tech026,Applied security patch and verified.
1007,7,2024-09-09 06:02:55,Incident,260,tech003,Updated TLS certificates.
1008,0,2024-03-07 13:07:40,Network,37,tech008,Performed kernel update and rebooted.
1009,1,2025-06-16 03:30:47,Security,194,tech050,Applied security patch and verified.
1010,2,2024-02-14 11:25:28,Upgrade,302,tech019,Server rebooted successfully.
1011,3,2024-03-28 13:34:47,Security,291,tech015,Checked disk health; replaced failing disk.
1012,0,2024-02-07 06:22:30,Network,321,tech006,Database service restarted after crash.
1013,0,2025-03-30 13:32:03,Upgrade,141,tech033,Updated TLS certificates.
1014,0,2025-03-16 08:21:24,Patch,199,tech049,Server rebooted successfully.
1015,0,2024-12-11 07:12:03,Incident,58,tech045,Applied security patch and verified.
1016,1,2024-01-18 15:14:43,Security,346,tech027,Applied security patch and verified.
1017,2,2024-08-12 06:50:54,Patch,270,tech046,Applied security patch and verified.
1018,3,2024-01-04 11:21:28,Upgrade,136,tech048,Updated TLS certificates.
1019,4,2024-01-18 21:39:00,Patch,185,tech005,Updated TLS certificates.
1020,0,2024-03-18 22:12:15,Security,392,tech037,Replaced faulty NIC and tested connectivity.
1021,1,2025-02-06 20:30:19,Incident,361,tech007,Updated TLS certificates.
1022,2,2025-04-25 20:38:44,Security,115,tech014,Applied security patch and verified.
1023,0,2025-06-13 04:14:55,Network,41,tech026,Updated TLS certificates.
1024,1,2025-05-13 19:32:49,Network,6,tech023,Database service restarted after crash.
1025,2,2025-09-17 07:32:24,Security,174,tech043,Replaced faulty NIC and tested connectivity.
1026,0,2025-08-04 00:52:12,Incident,191,tech032,Updated TLS certificates.
1027,1,2025-07-14 21:25:37,Patch,384,tech017,Server rebooted successfully.
1028,2,2024-01-30 10:29:41,Incident,120,tech010,Database service restarted after crash.
1029,3,2025-04-15 12:49:43,Incident,310,tech001,Adjusted firewall rules.
1030,0,2024-03-08 04:53:14,Incident,87,tech003,Applied security patch and verified.
1031,1,2024-08-23 00:09:03,Security,237,tech024,Database service restarted after crash.
1032,2,2024-02-05 21:02:01,Network,351,tech003,Replaced faulty NIC and tested connectivity.
1033,0,2024-05-06 01:49:48,Security,329,tech001,Updated TLS certificates.
1034,1,2025-04-23 04:20:09,Security,11,tech008,Checked disk health; replaced failing disk.
1035,2,2024-11-05 01:07:02,Security,278,tech031,Adjusted firewall rules.
1036,3,2025-08-20 04:27:25,Patch,405,tech035,Adjusted firewall rules.
1037,4,2024-01-27 23:10:11,Incident,105,tech004,Checked disk health; replaced failing disk.
1038,5,2025-04-19 04:32:43,Upgrade,29,tech004,Adjusted firewall rules.
1039,0,2024-11-15 14:35:54,Security,309,tech011,Database service restarted after crash.
1040,1,2024-10-16 05:29:08,Upgrade,343,tech018,Database service restarted after crash.
1041,2,2024-03-27 22:13:32,Incident,52,tech040,Applied security patch and verified.
1042,0,2024-09-03 21:47:42,Security,419,tech015,Performed kernel update and rebooted.
1043,1,2024-01-05 21:58:37,Security,125,tech040,Performed kernel update and rebooted.
1044,2,2024-11-29 21:41:30,Patch,157,tech014,Adjusted firewall rules.
1045,0,2024-03-24 00:04:45,Incident,328,tech026,Updated TLS certificates.
1046,1,2025-06-12 19:47:15,Security,242,tech049,Checked disk health; replaced failing disk.
1047,0,2025-05-08 22:49:04,Network,391,tech006,Applied security patch and verified.
1048,1,2025-05-27 21:32:20,Patch,202,tech004,Performed kernel update and rebooted.
1049,0,2025-06-18 12:21:59,Upgrade,370,tech017,Database service restarted after crash.
1050,1,2024-10-20 06:09:17,Security,52,tech025,Applied security patch and verified.
1051,2,2025-05-26 03:46:18,Security,350,tech015,Updated TLS certificates.
1052,3,2025-07-09 20:56:49,Network,34,tech024,Adjusted firewall rules.
1053,4,2024-01-12 03:35:57,Incident,118,tech020,Performed kernel update and rebooted.
1054,0,2025-06-16 23:11:01,Upgrade,31,tech029,Updated TLS certificates.
1055,1,2024-10-21 13:43:56,Network,394,tech027,Checked disk health; replaced failing disk.
1056,2,2025-07-12 22:18:39,Patch,200,tech036,Server rebooted successfully.
1057,0,2024-08-22 16:05:42,Security,124,tech037,Updated TLS certificates.
1058,1,2024-11-29 15:24:07,Incident,416,tech048,Applied security patch and verified.
1059,0,2024-12-10 18:56:15,Security,395,tech047,Applied security patch and verified.
1060,1,2024-10-27 23:10:22,Incident,383,tech036,Server rebooted successfully.
1061,0,2025-04-02 23:02:38,Network,302,tech014,Checked disk health; replaced failing disk.
1062,1,2024-05-05 09:42:50,Upgrade,285,tech006,Database service restarted after crash.
1063,2,2024-05-20 23:12:32,Network,335,tech025,Server rebooted successfully.
1064,3,2024-10-30 14:36:19,Network,408,tech005,Updated TLS certificates.
1065,4,2025-04-08 11:13:11,Upgrade,181,tech050,Checked disk health; replaced failing disk.
1066,0,2025-07-04 16:51:35,Upgrade,181,tech034,Adjusted firewall rules.
1067,1,2024-05-27 00:09:02,Security,197,tech029,Replaced faulty NIC and tested connectivity.
1068,2,2025-08-28 03:13:53,Patch,391,tech042,Applied security patch and verified.
1069,0,2024-07-11 20:56:57,Network,16,tech044,Adjusted firewall rules.
1070,0,2024-10-11 09:33:58,Incident,133,tech035,Replaced faulty NIC and tested connectivity.
1071,1,2024-11-05 06:19:08,Upgrade,296,tech042,Checked disk health; replaced failing disk.
1072,2,2024-10-05 04:32:52,Network,373,tech030,Updated TLS certificates.
1073,3,2025-06-27 04:31:51,Upgrade,119,tech030,Database service restarted after crash.
1074,4,2024-04-16 16:36:11,Upgrade,237,tech008,Database service restarted after crash.
1075,0,2025-09-26 14:20:36,Upgrade,418,tech014,Performed kernel update and rebooted.
1076,1,2024-11-27 14:38:27,Network,345,tech020,Performed kernel update and rebooted.
1077,0,2025-08-02 23:22:18,Network,398,tech049,Replaced faulty NIC and tested connectivity.
1078,1,2024-04-06 16:59:03,Patch,85,tech045,Performed kernel update and rebooted.
1079,2,2024-04-20 04:19:38,Network,46,tech037,Database service restarted after crash.
1080,0,2025-07-27 03:30:52,Upgrade,192,tech040,Performed kernel update and rebooted.
1081,1,2024-01-15 00:11:09,Security,312,tech023,Server rebooted successfully.
1082,2,2024-03-07 14:29:21,Patch,407,tech045,Adjusted firewall rules.
1083,0,2024-02-23 15:19:45,Incident,264,tech038,Replaced faulty NIC and tested connectivity.
1084,1,2025-05-01 09:40:36,Network,54,tech018,Performed kernel update and rebooted.
1085,2,2025-01-14 09:22:11,Security,90,tech007,Server rebooted successfully.
1086,3,2024-07-28 06:41:30,Network,27,tech021,Replaced faulty NIC and tested connectivity.
1087,4,2025-06-21 08:39:38,Security,15,tech020,Performed kernel update and rebooted.
1088,5,2024-03-03 20:06:45,Patch,378,tech047,Server rebooted successfully.
1089,0,2025-06-03 10:10:33,Patch,340,tech036,Updated TLS certificates.
1090,1,2025-03-14 16:08:10,Security,298,tech049,Replaced faulty NIC and tested connectivity.
1091,2,2024-12-14 22:45:20,Incident,50,tech031,Checked disk health; replaced failing disk.
1092,3,2024-06-21 00:43:09,Security,225,tech016,Server rebooted successfully.
1093,0,2025-09-06 15:56:37,Security,226,tech006,Updated TLS certificates.
1094,1,2025-07-31 11:25:23,Patch,316,tech030,Database service restarted after crash.
1095,2,2024-02-09 01:05:22,Upgrade,405,tech015,Adjusted firewall rules.
1096,3,2025-01-19 14:09:58,Patch,133,tech036,Checked disk health; replaced failing disk.
1097,0,2024-12-06 14:22:44,Network,205,tech046,Performed kernel update and rebooted.
1098,1,2025-07-19 14:32:09,Patch,395,tech010,Updated TLS certificates.
1099,2,2024-09-23 02:21:53,Network,131,tech012,Server rebooted successfully.
1100,3,2024-02-05 18:59:14,Incident,419,tech010,Applied security patch and verified.
1101,4,2024-04-20 20:53:08,Incident,42,tech047,Updated TLS certificates.
1102,5,2025-01-27 08:19:45,Patch,403,tech030,Updated TLS certificates.
1103,0,2024-09-07 07:30:00,Network,216,tech022,Updated TLS certificates.
1104,1,2024-08-02 07:24:55,Incident,364,tech034,Applied security patch and verified.
1105,0,2024-02-09 08:37:52,Incident,216,tech039,Server rebooted successfully.
1106,1,2025-04-12 01:39:24,Security,417,tech028,Checked disk health; replaced failing disk.
1107,2,2025-08-20 15:18:46,Incident,39,tech022,Applied security patch and verified.
1108,0,2025-05-09 16:34:43,Network,203,tech016,Checked disk health; replaced failing disk.
1109,1,2024-03-03 00:59:03,Upgrade,347,tech040,Checked disk health; replaced failing disk.
1110,2,2024-02-04 15:04:43,Upgrade,7,tech008,Server rebooted successfully.
1111,0,2025-04-11 16:18:55,Patch,221,tech013,Adjusted firewall rules.
1112,1,2025-08-14 06:33:09,Incident,305,tech019,Updated TLS certificates.
1113,0,2024-02-10 22:01:21,Security,333,tech037,Checked disk health; replaced failing disk.
1114,0,2024-08-20 14:58:26,Security,297,tech025,Database service restarted after crash.
1115,0,2024-09-23 09:14:11,Upgrade,393,tech026,Applied security patch and verified.
1116,0,2025-09-04 19:34:23,Upgrade,310,tech026,Server rebooted successfully.
1117,1,2024-08-17 19:16:02,Incident,173,tech018,Database service restarted after crash.
1118,2,2025-07-22 07:12:09,Security,351,tech031,Performed kernel update and rebooted.
1119,0,2025-07-18 16:32:16,Incident,347,tech037,Applied security patch and verified.
1120,1,2024-04-10 22:35:40,Network,201,tech041,Performed kernel update and rebooted.
1121,0,2025-07-07 23:04:12,Incident,382,tech020,Applied security patch and verified.
1122,1,2024-09-30 16:38:06,Upgrade,405,tech018,Replaced faulty NIC and tested connectivity.
1123,2,2025-01-06 22:34:10,Security,165,tech020,Replaced faulty NIC and tested connectivity.
1124,3,2024-08-18 04:40:48,Network,192,tech046,Checked disk health; replaced failing disk.
1125,4,2024-11-09 04:48:52,Security,165,tech010,Checked disk health; replaced failing disk.
1126,0,2025-08-12 19:04:54,Upgrade,218,tech011,Performed kernel update and rebooted.
1127,1,2024-01-09 20:36:19,Patch,306,tech019,Server rebooted successfully.
1128,2,2024-08-16 08:54:16,Incident,168,tech016,Server rebooted successfully.
1129,0,2025-03-28 20:09:52,Security,397,tech029,Adjusted firewall rules.
1130,0,2024-07-03 11:57:31,Upgrade,262,tech026,Database service restarted after crash.
1131,1,2024-02-03 21:07:26,Security,36,tech048,Performed kernel update and rebooted.
1132,0,2024-07-28 22:12:28,Network,24,tech003,Updated TLS certificates.
1133,1,2024-08-15 19:12:16,Security,263,tech009,Checked disk health; replaced failing disk.
1134,2,2025-04-14 09:59:18,Patch,241,tech006,Database service restarted after crash.
1135,3,2025-07-04 14:55:40,Network,388,tech029,Database service restarted after crash.
1136,4,2025-03-17 10:58:11,Network,37,tech047,Adjusted firewall rules.
1137,5,2025-01-19 17:20:34,Incident,300,tech032,Server rebooted successfully.
1138,0,2025-05-09 04:48:01,Security,90,tech010,Server rebooted successfully.
1139,0,2025-01-10 11:54:24,Network,200,tech042,Database service restarted after crash.
1140,1,2025-04-06 10:41:48,Network,276,tech050,Replaced faulty NIC and tested connectivity.
1141,2,2024-02-10 14:49:55,Network,135,tech035,Updated TLS certificates.
1142,0,2025-06-27 05:24:12,Network,273,tech045,Server rebooted successfully.
1143,1,2024-10-18 02:10:18,Incident,354,tech020,Applied security patch and verified.
1144,0,2024-11-15 19:03:57,Security,245,tech030,Updated TLS certificates.
1145,1,2025-05-06 00:10:06,Patch,154,tech042,Applied security patch and verified.
1146,2,2025-04-01 08:27:48,Patch,103,tech041,Replaced faulty NIC and tested connectivity.
1147,3,2025-07-18 07:44:26,Network,195,tech010,Performed kernel update and rebooted.
1148,4,2024-08-10 12:23:57,Upgrade,412,tech045,Updated TLS certificates.
1149,5,2025-06-04 09:48:14,Incident,251,tech034,Replaced faulty NIC and tested connectivity.
1150,0,2024-05-15 05:29:39,Patch,390,tech045,Database service restarted after crash.
1151,1,2024-10-13 23:14:56,Incident,96,tech021,Performed kernel update and rebooted.
1152,0,2024-07-16 15:38:56,Patch,362,tech019,Applied security patch and verified.
1153,0,2024-09-19 04:46:27,Security,44,tech034,Performed kernel update and rebooted.
1154,1,2025-02-13 11:40:15,Security,77,tech042,Performed kernel update and rebooted.
1155,2,2024-07-04 11:50:55,Network,306,tech013,Server rebooted successfully.
1156,3,2025-07-10 07:56:49,Security,400,tech005,Performed kernel update and rebooted.
1157,4,2024-05-05 10:46:58,Incident,295,tech047,Replaced faulty NIC and tested connectivity.
1158,5,2025-02-20 08:17:42,Patch,253,tech032,Checked disk health; replaced failing disk.
1159,6,2024-05-21 21:16:35,Security,330,tech043,Adjusted firewall rules.
1160,0,2024-07-27 06:42:13,Network,344,tech037,Replaced faulty NIC and tested connectivity.
1161,1,2024-09-12 13:16:10,Patch,365,tech046,Updated TLS certificates.
1162,0,2025-02-09 22:58:49,Security,170,tech014,Server rebooted successfully.
1163,1,2025-03-07 20:43:42,Network,145,tech045,Server rebooted successfully.
1164,2,2025-09-08 17:32:24,Security,199,tech029,Updated TLS certificates.
1165,3,2024-08-28 18:58:07,Incident,58,tech044,Replaced faulty NIC and tested connectivity.
1166,4,2025-05-31 07:45:39,Upgrade,155,tech005,Adjusted firewall rules.
1167,0,2025-02-27 11:57:04,Security,40,tech046,Applied security patch and verified.
1168,1,2024-10-19 22:37:11,Patch,241,tech018,Database service restarted after crash.
1169,2,2024-02-21 19:03:23,Network,168,tech038,Database service restarted after crash.
1170,3,2024-12-20 18:59:13,Patch,190,tech042,Replaced faulty NIC and tested connectivity.
1171,0,2024-02-08 00:32:42,Upgrade,206,tech033,Server rebooted successfully.
1172,1,2025-09-08 07:06:37,Patch,88,tech002,Updated TLS certificates.
1173,2,2024-10-21 09:45:25,Security,321,tech022,Performed kernel update and rebooted.
1174,3,2025-09-15 18:43:48,Patch,218,tech021,Server rebooted successfully.
1175,0,2024-01-22 08:50:36,Network,303,tech004,Adjusted firewall rules.
1176,1,2024-10-17 09:04:38,Security,215,tech029,Database service restarted after crash.
1177,2,2024-09-29 20:25:18,Security,202,tech043,Applied security patch and verified.
1178,3,2024-12-15 19:46:35,Upgrade,119,tech043,Replaced faulty NIC and tested connectivity.
1179,0,2025-09-09 02:41:00,Network,118,tech050,Updated TLS certificates.
1180,1,2025-06-15 19:49:10,Incident,181,tech004,Adjusted firewall rules.
1181,2,2024-11-09 05:04:55,Incident,90,tech031,Checked disk health; replaced failing disk.
1182,3,2025-07-21 18:43:44,Patch,118,tech007,Server rebooted successfully.
1183,4,2025-07-06 01:38:09,Incident,351,tech020,Performed kernel update and rebooted.
1184,0,2024-04-11 21:17:44,Patch,343,tech007,Replaced faulty NIC and tested connectivity.
1185,1,2024-10-03 08:50:55,Network,331,tech019,Checked disk health; replaced failing disk.
1186,2,2024-10-15 17:03:30,Upgrade,346,tech048,Replaced faulty NIC and tested connectivity.
1187,3,2024-08-07 00:14:58,Security,416,tech012,Database service restarted after crash.
1188,0,2025-02-03 11:07:57,Network,288,tech004,Performed kernel update and rebooted.
1189,1,2024-02-22 19:45:29,Security,13,tech003,Updated TLS certificates.
1190,2,2025-04-28 23:15:29,Security,168,tech049,Applied security patch and verified.
1191,3,2024-04-29 15:13:58,Security,235,tech043,Database service restarted after crash.
1192,0,2025-06-24 01:22:04,Upgrade,345,tech015,Applied security patch and verified.
1193,1,2024-03-04 17:24:56,Security,70,tech036,Database service restarted after crash.
1194,2,2024-06-05 05:02:33,Network,79,tech017,Checked disk health; replaced failing disk.
1195,3,2024-04-28 15:04:47,Network,83,tech049,Replaced faulty NIC and tested connectivity.
1196,4,2024-01-25 04:56:28,Patch,174,tech014,Applied security patch and verified.
1197,5,2024-09-30 20:02:17,Patch,163,tech002,Database service restarted after crash.
1198,6,2024-03-17 03:48:22,Patch,253,tech042,Applied security patch and verified.
1199,7,2025-08-04 13:36:38,Security,95,tech040,Applied security patch and verified.
1200,8,2025-06-18 02:15:59,Patch,5,tech016,Adjusted firewall rules.
1201,0,2024-09-11 10:29:31,Network,307,tech029,Database service restarted after crash.
1202,1,2024-04-16 20:57:18,Network,381,tech001,Performed kernel update and rebooted.
1203,0,2024-09-01 17:58:48,Incident,346,tech043,Performed kernel update and rebooted.
1204,1,2024-09-22 11:52:59,Incident,165,tech020,Adjusted firewall rules.
1205,2,2025-08-22 16:51:05,Security,70,tech002,Adjusted firewall rules.
1206,0,2025-03-04 04:21:00,Incident,251,tech027,Performed kernel update and rebooted.
1207,1,2024-07-14 00:19:19,Security,251,tech010,Replaced faulty NIC and tested connectivity.
1208,2,2024-06-12 17:25:27,Security,386,tech044,Server rebooted successfully.
1209,0,2024-01-17 15:26:28,Network,213,tech016,Replaced faulty NIC and tested connectivity.
1210,1,2025-04-24 15:44:42,Security,374,tech007,Updated TLS certificates.
1211,2,2024-09-28 14:14:52,Security,359,tech032,Database service restarted after crash.
1212,0,2025-03-17 16:06:55,Upgrade,358,tech008,Replaced faulty NIC and tested connectivity.
1213,1,2025-03-07 09:57:39,Network,362,tech034,Updated TLS certificates.
1214,2,2024-03-07 13:35:27,Patch,54,tech026,Replaced faulty NIC and tested connectivity.
1215,0,2025-05-15 05:28:41,Security,364,tech015,Applied security patch and verified.
1216,1,2024-08-21 00:57:33,Network,401,tech027,Performed kernel update and rebooted.
1217,2,2025-09-26 07:10:42,Upgrade,9,tech036,Performed kernel update and rebooted.
1218,3,2024-10-15 10:22:24,Incident,368,tech029,Server rebooted successfully.
1219,0,2024-05-09 08:14:58,Upgrade,169,tech046,Replaced faulty NIC and tested connectivity.
1220,1,2025-03-29 23:05:46,Security,314,tech008,Performed kernel update and rebooted.
1221,2,2024-04-02 09:43:00,Incident,409,tech048,Server rebooted successfully.
1222,3,2024-05-11 04:44:01,Patch,322,tech005,Adjusted firewall rules.
1223,0,2025-01-30 14:17:28,Upgrade,284,tech043,Replaced faulty NIC and tested connectivity.
1224,1,2025-08-23 23:20:29,Upgrade,210,tech008,Adjusted firewall rules.
1225,2,2024-10-10 21:35:49,Security,355,tech044,Performed kernel update and rebooted.
1226,3,2024-07-23 03:09:59,Security,148,tech003,Server rebooted successfully.
1227,0,2025-03-25 14:07:54,Upgrade,301,tech004,Checked disk health; replaced failing disk.
1228,1,2024-11-02 12:03:26,Security,90,tech043,Performed kernel update and rebooted.
1229,2,2024-03-14 22:14:26,Incident,43,tech008,Adjusted firewall rules.
1230,3,2025-07-16 12:56:46,Patch,306,tech029,Performed kernel update and rebooted.
1231,4,2024-10-28 11:13:24,Upgrade,286,tech012,Replaced faulty NIC and tested connectivity.
1232,5,2025-05-11 20:13:49,Network,305,tech018,Replaced faulty NIC and tested connectivity.
1233,0,2024-07-22 08:23:26,Incident,269,tech001,Applied security patch and verified.
1234,1,2025-02-01 09:03:20,Upgrade,28,tech050,Updated TLS certificates.
1235,2,2024-11-10 13:11:24,Security,95,tech037,Server rebooted successfully.
1236,3,2025-01-06 18:51:22,Network,403,tech048,Checked disk health; replaced failing disk.
1237,0,2025-05-12 23:55:06,Upgrade,253,tech003,Database service restarted after crash.
1238,0,2025-08-23 23:41:59,Security,354,tech047,Replaced faulty NIC and tested connectivity.
1239,1,2024-07-16 17:30:07,Network,10,tech025,Checked disk health; replaced failing disk.
1240,0,2025-01-31 19:12:35,Patch,359,tech046,Replaced faulty NIC and tested connectivity.
1241,0,2024-09-02 12:23:04,Patch,180,tech009,Database service restarted after crash.
1242,1,2024-01-29 19:25:17,Security,173,tech002,Adjusted firewall rules.
1243,2,2024-08-25 12:39:02,Network,395,tech040,Server rebooted successfully.
1244,3,2024-09-24 17:37:35,Security,188,tech010,Database service restarted after crash.
1245,0,2025-08-11 15:57:34,Patch,76,tech045,Performed kernel update and rebooted.
1246,1,2025-07-11 20:02:44,Upgrade,314,tech031,Applied security patch and verified.
1247,0,2024-03-10 14:05:09,Network,13,tech007,Applied security patch and verified.
1248,1,2025-01-12 02:32:02,Network,177,tech020,Updated TLS certificates.
1249,0,2025-06-14 19:53:42,Security,160,tech022,Checked disk health; replaced failing disk.
1250,1,2025-01-11 16:08:09,Patch,316,tech013,Replaced faulty NIC and tested connectivity.
1251,2,2025-03-29 20:21:47,Incident,7,tech008,Server rebooted successfully.
1252,3,2024-12-23 01:36:12,Security,69,tech041,Applied security patch and verified.
1253,0,2024-03-11 07:42:11,Network,5,tech007,Server rebooted successfully.
1254,0,2025-08-23 03:50:00,Security,11,tech049,Server rebooted successfully.
1255,1,2025-07-09 15:03:23,Network,79,tech007,Adjusted firewall rules.
1256,0,2025-03-31 18:19:18,Upgrade,358,tech038,Checked disk health; replaced failing disk.
1257,1,2024-02-21 00:02:58,Upgrade,9,tech013,Adjusted firewall rules.
1258,2,2024-08-06 11:07:39,Network,356,tech024,Replaced faulty NIC and tested connectivity.
1259,0,2024-02-11 12:17:55,Security,59,tech041,Adjusted firewall rules.
1260,1,2025-08-02 02:58:27,Incident,362,tech037,Checked disk health; replaced failing disk.
1261,2,2024-06-19 20:08:44,Patch,15,tech041,Applied security patch and verified.
1262,3,2025-08-29 17:18:31,Patch,391,tech020,Database service restarted after crash.
1263,4,2024-11-27 06:39:51,Network,254,tech003,Replaced faulty NIC and tested connectivity.
1264,0,2024-11-12 04:03:30,Incident,251,tech001,Replaced faulty NIC and tested connectivity.
1265,1,2024-05-08 19:56:51,Upgrade,111,tech021,Replaced faulty NIC and tested connectivity.
1266,2,2025-05-25 19:55:38,Upgrade,111,tech007,Updated TLS certificates.
1267,3,2024-07-14 17:18:02,Upgrade,361,tech038,Server rebooted successfully.
1268,4,2024-09-25 02:40:45,Incident,72,tech036,Checked disk health; replaced failing disk.
1269,0,2024-09-07 01:54:34,Security,365,tech028,Checked disk health; replaced failing disk.
1270,1,2025-09-19 16:37:48,Upgrade,26,tech029,Replaced faulty NIC and tested connectivity.
1271,2,2024-08-06 07:49:03,Upgrade,398,tech022,Replaced faulty NIC and tested connectivity.
1272,3,2024-02-14 02:47:53,Patch,277,tech050,Updated TLS certificates.
1273,0,2025-03-07 17:12:22,Patch,393,tech040,Database service restarted after crash.
1274,1,2024-02-04 19:39:12,Upgrade,95,tech008,Server rebooted successfully.
1275,0,2024-10-19 18:56:19,Incident,365,tech021,Applied security patch and verified.
1276,1,2024-08-04 20:08:54,Patch,15,tech044,Applied security patch and verified.
1277,2,2024-06-22 14:35:03,Upgrade,359,tech046,Checked disk health; replaced failing disk.
1278,3,2025-03-21 01:01:37,Network,253,tech020,Server rebooted successfully.
1279,0,2024-11-05 17:23:11,Incident,146,tech050,Performed kernel update and rebooted.
1280,1,2024-11-05 23:23:31,Incident,215,tech028,Database service restarted after crash.
1281,0,2025-09-21 03:32:36,Upgrade,94,tech020,Updated TLS certificates.
1282,0,2024-06-30 13:56:20,Incident,250,tech041,Performed kernel update and rebooted.
1283,1,2024-06-22 16:12:54,Network,104,tech010,Checked disk health; replaced failing disk.
1284,0,2024-10-27 18:46:18,Patch,66,tech036,Adjusted firewall rules.
1285,1,2025-04-15 03:54:00,Incident,420,tech010,Checked disk health; replaced failing disk.
1286,2,2025-08-07 22:26:24,Upgrade,16,tech034,Server rebooted successfully.
1287,3,2024-10-08 14:01:10,Upgrade,297,tech037,Checked disk health; replaced failing disk.
1288,0,2024-05-30 12:00:55,Security,244,tech022,Replaced faulty NIC and tested connectivity.
1289,1,2025-06-19 17:28:10,Incident,269,tech006,Server rebooted successfully.
1290,0,2024-05-25 23:40:16,Security,8,tech032,Performed kernel update and rebooted.
1291,1,2024-07-21 05:37:12,Network,281,tech017,Checked disk health; replaced failing disk.
1292,2,2025-02-24 19:44:32,Upgrade,347,tech033,Performed kernel update and rebooted.
1293,3,2024-09-27 02:59:29,Upgrade,103,tech024,Performed kernel update and rebooted.
1294,0,2025-01-08 15:25:10,Patch,363,tech028,Replaced faulty NIC and tested connectivity.
1295,1,2024-06-12 06:53:12,Network,226,tech030,Adjusted firewall rules.
1296,2,2024-10-26 20:09:32,Incident,333,tech037,Applied security patch and verified.
1297,3,2024-12-15 05:34:35,Security,124,tech038,Replaced faulty NIC and tested connectivity.
1298,4,2025-07-25 20:01:26,Incident,320,tech036,Database service restarted after crash.
1299,0,2024-09-13 03:57:57,Upgrade,226,tech019,Performed kernel update and rebooted.
1300,1,2024-04-05 20:13:45,Patch,344,tech025,Database service restarted after crash.
1301,0,2024-12-19 20:26:41,Upgrade,301,tech048,Server rebooted successfully.
1302,1,2025-08-17 11:28:02,Patch,357,tech035,Adjusted firewall rules.
1303,2,2025-09-24 02:45:18,Upgrade,129,tech012,Applied security patch and verified.
1304,0,2024-11-06 10:12:25,Network,239,tech019,Checked disk health; replaced failing disk.
1305,1,2025-07-16 20:48:50,Patch,208,tech003,Updated TLS certificates.
1306,2,2025-05-07 23:12:22,Patch,165,tech042,Adjusted firewall rules.
1307,3,2024-11-24 21:01:06,Upgrade,76,tech033,Adjusted firewall rules.
1308,0,2024-01-18 05:45:34,Patch,397,tech025,Server rebooted successfully.
1309,0,2024-01-20 06:36:12,Incident,278,tech014,Checked disk health; replaced failing disk.
1310,1,2024-10-17 09:50:47,Upgrade,245,tech004,Adjusted firewall rules.
1311,2,2025-09-24 05:58:20,Upgrade,298,tech026,Server rebooted successfully.
1312,3,2025-03-10 04:32:06,Patch,44,tech029,Applied security patch and verified.
1313,4,2024-12-15 19:08:35,Upgrade,408,tech039,Server rebooted successfully.
1314,5,2024-09-24 12:45:46,Security,263,tech017,Replaced faulty NIC and tested connectivity.
1315,0,2025-04-29 18:13:43,Network,353,tech032,Database service restarted after crash.
1316,1,2024-12-25 04:33:46,Security,354,tech017,Applied security patch and verified.
1317,0,2025-07-01 22:17:47,Upgrade,47,tech023,Checked disk health; replaced failing disk.
1318,1,2024-08-03 17:10:39,Incident,391,tech013,Performed kernel update and rebooted.
1319,0,2024-05-28 02:50:44,Incident,326,tech008,Replaced faulty NIC and tested connectivity.
1320,1,2024-07-06 20:58:15,Upgrade,143,tech024,Performed kernel update and rebooted.
1321,2,2025-05-02 21:45:40,Patch,358,tech050,Checked disk health; replaced failing disk.
1322,0,2024-11-23 08:29:51,Incident,283,tech030,Adjusted firewall rules.
1323,1,2024-10-02 02:25:22,Security,293,tech037,Database service restarted after crash.
1324,2,2025-07-06 22:22:04,Patch,203,tech021,Updated TLS certificates.
1325,3,2025-02-21 12:00:09,Network,191,tech037,Checked disk health; replaced failing disk.
1326,0,2024-08-20 18:04:53,Network,278,tech002,Applied security patch and verified.
1327,1,2024-09-02 14:22:25,Incident,56,tech047,Server rebooted successfully.
1328,2,2025-06-01 13:15:05,Incident,198,tech024,Checked disk health; replaced failing disk.
1329,3,2024-11-11 02:32:15,Network,420,tech046,Checked disk health; replaced failing disk.
1330,0,2024-09-26 04:57:11,Incident,9,tech003,Adjusted firewall rules.
1331,1,2025-03-24 23:04:32,Upgrade,255,tech049,Performed kernel update and rebooted.
1332,2,2024-02-12 15:28:21,Incident,354,tech046,Performed kernel update and rebooted.
1333,0,2025-07-22 07:07:43,Incident,314,tech019,Performed kernel update and rebooted.
1334,1,2024-04-29 11:55:04,Upgrade,118,tech036,Applied security patch and verified.
1335,2,2024-04-06 10:49:06,Security,185,tech001,Adjusted firewall rules.
1336,0,2024-06-01 07:10:58,Patch,73,tech028,Server rebooted successfully.
1337,1,2025-06-13 18:06:42,Network,204,tech033,Checked disk health; replaced failing disk.
1338,2,2024-09-14 07:28:58,Upgrade,269,tech041,Replaced faulty NIC and tested connectivity.
1339,0,2025-08-26 21:51:44,Incident,168,tech011,Replaced faulty NIC and tested connectivity.
1340,0,2024-03-26 09:33:23,Incident,346,tech014,Server rebooted successfully.
1341,0,2024-04-25 05:56:40,Security,16,tech006,Database service restarted after crash.
1342,0,2024-07-24 03:18:18,Incident,379,tech003,Server rebooted successfully.
1343,1,2024-04-22 01:57:05,Upgrade,215,tech013,Server rebooted successfully.
1344,0,2024-05-19 01:21:02,Incident,152,tech007,Checked disk health; replaced failing disk.
1345,1,2025-09-17 07:13:33,Upgrade,158,tech001,Replaced faulty NIC and tested connectivity.
1346,2,2025-03-25 06:26:05,Incident,386,tech037,Adjusted firewall rules.
1347,3,2024-05-16 21:44:12,Incident,80,tech042,Database service restarted after crash.
1348,0,2024-06-25 00:03:16,Security,230,tech048,Checked disk health; replaced failing disk.
1349,1,2025-02-08 19:50:04,Upgrade,166,tech019,Database service restarted after crash.
1350,2,2025-07-14 10:17:23,Security,56,tech013,Applied security patch and verified.
1351,3,2024-01-02 22:26:58,Network,152,tech013,Applied security patch and verified.
1352,4,2024-06-08 13:29:03,Network,116,tech030,Replaced faulty NIC and tested connectivity.
1353,0,2024-07-04 11:39:00,Patch,120,tech005,Database service restarted after crash.
1354,1,2024-07-06 18:40:03,Security,74,tech039,Checked disk health; replaced failing disk.
1355,2,2024-05-21 10:57:20,Incident,23,tech029,Database service restarted after crash.
1356,0,2024-02-20 08:37:53,Incident,25,tech031,Applied security patch and verified.
1357,1,2024-06-16 15:11:39,Patch,95,tech049,Adjusted firewall rules.
1358,0,2025-03-14 12:39:23,Upgrade,12,tech027,Adjusted firewall rules.
1359,0,2024-07-27 14:00:56,Upgrade,374,tech028,Updated TLS certificates.
1360,1,2025-06-27 11:17:41,Incident,354,tech014,Updated TLS certificates.
1361,2,2025-05-22 18:04:01,Incident,90,tech048,Checked disk health; replaced failing disk.
1362,0,2024-05-10 15:18:28,Patch,199,tech039,Replaced faulty NIC and tested connectivity.
1363,0,2024-09-12 16:17:25,Network,368,tech015,Database service restarted after crash.
1364,1,2025-08-11 19:38:35,Incident,246,tech005,Replaced faulty NIC and tested connectivity.
1365,2,2024-10-31 02:33:26,Network,267,tech041,Updated TLS certificates.
1366,3,2025-02-18 17:03:39,Network,42,tech014,Server rebooted successfully.
1367,4,2024-09-10 14:33:16,Upgrade,254,tech041,Performed kernel update and rebooted.
1368,5,2025-08-23 11:25:41,Upgrade,136,tech013,Applied security patch and verified.
1369,0,2025-03-02 04:30:08,Network,267,tech013,Applied security patch and verified.
1370,1,2024-08-25 20:14:01,Patch,210,tech045,Performed kernel update and rebooted.
1371,0,2024-10-20 20:48:15,Patch,116,tech023,Server rebooted successfully.
1372,1,2024-10-31 12:48:58,Patch,246,tech012,Applied security patch and verified.
1373,2,2025-03-13 03:23:27,Incident,188,tech023,Performed kernel update and rebooted.
1374,0,2024-03-28 08:38:12,Network,384,tech012,Applied security patch and verified.
1375,1,2025-01-28 00:07:28,Network,392,tech015,Replaced faulty NIC and tested connectivity.
1376,2,2025-04-21 00:25:05,Security,299,tech014,Performed kernel update and rebooted.
1377,3,2025-06-03 01:20:55,Security,39,tech012,Checked disk health; replaced failing disk.
1378,4,2024-10-11 14:06:00,Security,351,tech018,Server rebooted successfully.
1379,5,2025-06-11 23:11:47,Security,215,tech048,Updated TLS certificates.
1380,6,2024-03-06 13:43:13,Network,420,tech035,Checked disk health; replaced failing disk.
1381,0,2024-07-09 21:35:58,Upgrade,70,tech048,Updated TLS certificates.
1382,1,2025-01-04 23:45:34,Upgrade,6,tech045,Updated TLS certificates.
1383,2,2024-08-16 04:40:56,Patch,287,tech003,Server rebooted successfully.
1384,0,2024-08-25 23:17:17,Network,299,tech041,Applied security patch and verified.
1385,1,2024-08-13 04:54:59,Security,399,tech050,Performed kernel update and rebooted.
1386,2,2024-07-11 18:42:28,Incident,247,tech037,Server rebooted successfully.
1387,0,2024-10-07 07:32:21,Network,268,tech004,Replaced faulty NIC and tested connectivity.
1388,1,2025-03-08 22:50:02,Patch,291,tech014,Server rebooted successfully.
1389,2,2025-02-25 17:14:41,Incident,279,tech047,Server rebooted successfully.
1390,0,2025-09-25 01:43:09,Incident,184,tech011,Database service restarted after crash.
1391,1,2025-02-08 02:40:21,Incident,350,tech003,Database service restarted after crash.
1392,2,2024-04-22 17:20:23,Network,107,tech037,Adjusted firewall rules.
1393,3,2024-05-28 21:23:05,Patch,52,tech021,Applied security patch and verified.
1394,4,2025-09-17 15:32:06,Security,265,tech021,Applied security patch and verified.
1395,5,2024-11-06 17:04:42,Incident,160,tech038,Checked disk health; replaced failing disk.
1396,0,2025-05-14 08:45:49,Upgrade,195,tech041,Replaced faulty NIC and tested connectivity.
1397,1,2024-10-15 01:27:38,Network,129,tech047,Adjusted firewall rules.
1398,0,2024-12-14 20:20:46,Network,414,tech049,Replaced faulty NIC and tested connectivity.
1399,1,2024-09-22 16:06:45,Upgrade,164,tech024,Updated TLS certificates.
1400,2,2024-02-02 13:23:31,Security,123,tech046,Checked disk health; replaced failing disk.
1401,0,2024-01-07 02:02:32,Patch,20,tech010,Database service restarted after crash.
1402,1,2024-05-20 22:32:03,Patch,123,tech034,Checked disk health; replaced failing disk.
1403,2,2024-01-24 01:49:41,Network,368,tech023,Checked disk health; replaced failing disk.
1404,3,2024-01-17 06:59:42,Upgrade,408,tech010,Performed kernel update and rebooted.
1405,0,2025-06-03 20:24:22,Network,93,tech009,Performed kernel update and rebooted.
1406,1,2024-10-15 15:45:13,Incident,305,tech023,Applied security patch and verified.
1407,2,2024-06-20 19:30:36,Security,48,tech043,Database service restarted after crash.
1408,3,2024-12-16 06:58:03,Network,274,tech033,Server rebooted successfully.
1409,4,2024-09-08 05:01:09,Upgrade,142,tech037,Replaced faulty NIC and tested connectivity.
1410,0,2024-04-05 21:39:29,Patch,303,tech019,Performed kernel update and rebooted.
1411,1,2025-06-26 04:51:25,Upgrade,208,tech045,Database service restarted after crash.
1412,2,2025-06-13 06:32:53,Incident,23,tech034,Performed kernel update and rebooted.
1413,3,2024-05-06 11:28:08,Patch,404,tech031,Server rebooted successfully.
1414,4,2024-03-13 04:03:37,Network,24,tech013,Performed kernel update and rebooted.
1415,0,2024-10-11 22:49:24,Patch,217,tech004,Replaced faulty NIC and tested connectivity.
1416,1,2024-04-23 18:38:06,Security,18,tech049,Applied security patch and verified.
1417,2,2025-07-14 00:49:28,Upgrade,220,tech010,Database service restarted after crash.
1418,0,2024-03-14 04:27:50,Network,324,tech034,Checked disk health; replaced failing disk.
1419,1,2024-08-17 17:27:03,Patch,418,tech021,Server rebooted successfully.
1420,0,2025-02-03 18:47:16,Patch,375,tech042,Database service restarted after crash.
1421,1,2024-02-09 02:57:16,Security,242,tech040,Adjusted firewall rules.
1422,0,2025-03-16 01:32:57,Incident,330,tech002,Performed kernel update and rebooted.
1423,1,2024-06-02 07:57:51,Patch,290,tech049,Database service restarted after crash.
1424,2,2024-04-24 03:27:06,Patch,260,tech048,Performed kernel update and rebooted.
1425,3,2024-08-22 14:04:11,Security,64,tech033,Updated TLS certificates.
1426,0,2024-11-14 05:19:09,Network,295,tech044,Adjusted firewall rules.
1427,1,2025-06-25 02:06:29,Patch,297,tech016,Database service restarted after crash.
1428,0,2024-12-26 15:24:36,Incident,352,tech031,Server rebooted successfully.
1429,1,2025-05-09 04:33:29,Security,284,tech020,Replaced faulty NIC and tested connectivity.
1430,0,2024-12-23 19:11:05,Upgrade,376,tech014,Server rebooted successfully.
1431,1,2024-12-09 06:19:55,Network,401,tech049,Checked disk health; replaced failing disk.
1432,2,2025-09-20 11:12:45,Network,73,tech040,Applied security patch and verified.
1433,3,2025-06-14 15:08:16,Network,224,tech004,Performed kernel update and rebooted.
1434,0,2024-12-22 08:55:43,Patch,71,tech001,Adjusted firewall rules.
1435,1,2024-05-10 04:02:29,Network,261,tech005,Updated TLS certificates.
1436,0,2025-02-17 07:56:56,Incident,272,tech016,Replaced faulty NIC and tested connectivity.
1437,1,2025-07-10 05:35:56,Patch,147,tech044,Updated TLS certificates.
1438,2,2025-02-11 19:47:55,Incident,282,tech022,Adjusted firewall rules.
1439,0,2024-04-19 04:33:18,Security,330,tech032,Database service restarted after crash.
1440,1,2024-06-20 18:20:36,Upgrade,35,tech031,Applied security patch and verified.
1441,2,2025-02-13 13:52:48,Security,13,tech029,Performed kernel update and rebooted.
1442,3,2025-05-13 20:49:29,Security,193,tech027,Updated TLS certificates.
1443,4,2024-12-03 15:04:47,Upgrade,301,tech043,Server rebooted successfully.
1444,0,2024-03-07 21:13:22,Upgrade,168,tech018,Replaced faulty NIC and tested connectivity.
1445,1,2025-09-01 15:51:18,Patch,39,tech010,Updated TLS certificates.
1446,0,2024-03-13 09:08:25,Security,249,tech008,Applied security patch and verified.
1447,1,2025-03-16 03:01:07,Security,124,tech023,Replaced faulty NIC and tested connectivity.
1448,2,2025-04-22 05:13:21,Incident,330,tech011,Updated TLS certificates.
1449,3,2024-07-27 19:55:27,Patch,254,tech029,Performed kernel update and rebooted.
1450,4,2025-02-27 06:55:56,Incident,158,tech014,Server rebooted successfully.
1451,5,2025-03-10 07:28:15,Network,27,tech041,Performed kernel update and rebooted.
1452,0,2024-04-14 08:15:38,Patch,120,tech030,Applied security patch and verified.
1453,1,2025-04-13 15:01:29,Upgrade,274,tech035,Replaced faulty NIC and tested connectivity.
1454,2,2024-03-28 07:31:54,Security,211,tech046,Updated TLS certificates.
1455,0,2024-10-19 16:57:25,Upgrade,125,tech032,Adjusted firewall rules.
1456,0,2024-04-24 07:17:44,Incident,172,tech049,Updated TLS certificates.
1457,1,2025-03-08 03:00:41,Network,260,tech028,Server rebooted successfully.
1458,0,2025-05-14 07:30:18,Security,254,tech026,Server rebooted successfully.
1459,0,2024-03-15 02:37:31,Upgrade,88,tech041,Replaced faulty NIC and tested connectivity.
1460,1,2025-05-13 18:15:51,Network,248,tech035,Updated TLS certificates.
1461,2,2024-04-07 18:00:52,Upgrade,285,tech043,Applied security patch and verified.
1462,3,2025-01-22 11:54:06,Incident,269,tech022,Replaced faulty NIC and tested connectivity.
1463,0,2025-06-13 02:42:06,Security,292,tech006,Updated TLS certificates.
1464,0,2024-10-01 05:10:11,Patch,182,tech033,Checked disk health; replaced failing disk.
1465,0,2025-05-18 07:49:11,Incident,224,tech041,Applied security patch and verified.
1466,1,2025-04-11 14:03:27,Patch,238,tech015,Performed kernel update and rebooted.
1467,2,2024-09-03 11:35:51,Network,247,tech042,Server rebooted successfully.
1468,3,2024-09-18 13:44:13,Patch,292,tech019,Applied security patch and verified.
1469,0,2025-07-06 20:36:25,Incident,244,tech035,Server rebooted successfully.
1470,1,2024-01-27 08:20:42,Security,398,tech002,Checked disk health; replaced failing disk.
1471,2,2025-08-24 23:44:13,Network,98,tech028,Checked disk health; replaced failing disk.
1472,3,2025-05-04 06:58:24,Upgrade,353,tech036,Adjusted firewall rules.
1473,4,2025-06-24 11:44:22,Security,267,tech044,Database service restarted after crash.
1474,5,2024-07-16 23:54:51,Security,209,tech038,Applied security patch and verified.
1475,0,2025-09-02 06:04:20,Incident,49,tech046,Server rebooted successfully.
1476,1,2024-10-12 00:58:05,Incident,250,tech009,Adjusted firewall rules.
1477,0,2024-06-29 16:04:31,Security,10,tech005,Performed kernel update and rebooted.
1478,0,2025-05-04 19:30:05,Security,307,tech009,Performed kernel update and rebooted.
1479,1,2024-04-09 08:45:25,Patch,75,tech047,Database service restarted after crash.
1480,0,2024-02-01 05:21:48,Incident,168,tech040,Updated TLS certificates.
1481,1,2024-11-12 13:24:21,Upgrade,301,tech047,Database service restarted after crash.
1482,2,2024-09-09 21:03:52,Network,276,tech008,Performed kernel update and rebooted.
1483,3,2025-02-12 12:07:40,Network,66,tech010,Applied security patch and verified.
1484,0,2025-03-23 23:19:00,Upgrade,251,tech041,Database service restarted after crash.
1485,1,2024-02-12 04:11:52,Upgrade,75,tech003,Adjusted firewall rules.
1486,0,2025-04-17 13:30:16,Incident,210,tech024,Replaced faulty NIC and tested connectivity.
1487,1,2025-09-19 09:50:41,Patch,401,tech023,Applied security patch and verified.
1488,0,2024-11-15 19:06:00,Incident,89,tech019,Checked disk health; replaced failing disk.
1489,1,2025-04-03 05:23:30,Security,302,tech050,Replaced faulty NIC and tested connectivity.
1490,2,2024-05-03 20:04:16,Upgrade,202,tech023,Adjusted firewall rules.
1491,3,2025-03-03 09:15:07,Incident,175,tech026,Checked disk health; replaced failing disk.
1492,4,2024-02-05 10:46:22,Upgrade,349,tech041,Database service restarted after crash.
1493,5,2024-03-17 13:48:11,Incident,279,tech027,Replaced faulty NIC and tested connectivity.
1494,0,2025-05-06 01:41:52,Incident,159,tech033,Adjusted firewall rules.
1495,1,2024-07-02 07:20:28,Patch,303,tech005,Server rebooted successfully.
1496,2,2025-06-11 09:22:21,Upgrade,153,tech037,Checked disk health; replaced failing disk.
1497,3,2025-08-14 07:40:23,Security,312,tech021,Checked disk health; replaced failing disk.
1498,4,2025-03-03 13:32:03,Patch,344,tech013,Server rebooted successfully.
1499,0,2025-09-25 10:18:02,Incident,362,tech036,Applied security patch and verified.
1500,1,2025-08-25 02:12:52,Patch,173,tech021,Applied security patch and verified.
1501,2,2024-08-19 17:16:07,Incident,226,tech013,Applied security patch and verified.
1502,0,2024-05-05 08:00:47,Security,393,tech044,Performed kernel update and rebooted.
1503,1,2024-04-04 15:48:18,Security,396,tech016,Replaced faulty NIC and tested connectivity.
1504,2,2024-04-16 02:05:24,Upgrade,376,tech041,Performed kernel update and rebooted.
1505,0,2025-08-26 01:28:27,Patch,159,tech011,Updated TLS certificates.
1506,1,2024-12-02 20:30:04,Security,259,tech047,Updated TLS certificates.
1507,2,2025-07-08 22:17:35,Upgrade,126,tech038,Updated TLS certificates.
1508,3,2024-11-10 17:25:09,Incident,148,tech037,Updated TLS certificates.
1509,4,2025-02-25 21:45:23,Upgrade,329,tech013,Updated TLS certificates.
1510,0,2025-03-28 06:01:42,Upgrade,416,tech028,Database service restarted after crash.
1511,0,2025-07-02 07:39:01,Security,372,tech003,Applied security patch and verified.
1512,1,2024-07-14 16:27:44,Security,296,tech020,Checked disk health; replaced failing disk.
1513,2,2024-12-22 10:44:59,Incident,307,tech041,Server rebooted successfully.
1514,3,2024-11-29 11:28:46,Upgrade,72,tech010,Replaced faulty NIC and tested connectivity.
1515,4,2024-06-14 08:46:48,Incident,23,tech046,Applied security patch and verified.
1516,5,2024-11-13 18:14:51,Network,215,tech036,Replaced faulty NIC and tested connectivity.
1517,0,2025-09-26 16:50:43,Security,43,tech044,Performed kernel update and rebooted.
1518,1,2024-11-19 23:34:56,Security,205,tech028,Performed kernel update and rebooted.
1519,2,2025-07-27 07:07:06,Upgrade,381,tech017,Database service restarted after crash.
1520,3,2024-02-12 12:12:15,Patch,327,tech022,Adjusted firewall rules.
1521,0,2025-06-15 16:04:39,Upgrade,75,tech048,Server rebooted successfully.
1522,1,2025-03-01 13:47:47,Network,238,tech021,Updated TLS certificates.
1523,2,2025-06-05 08:23:14,Upgrade,220,tech044,Checked disk health; replaced failing disk.
1524,3,2024-08-14 11:57:36,Incident,269,tech001,Server rebooted successfully.
1525,0,2025-09-08 02:39:16,Security,69,tech049,Applied security patch and verified.
1526,1,2025-07-28 06:41:13,Network,287,tech035,Updated TLS certificates.
1527,2,2025-06-04 00:36:50,Incident,319,tech012,Adjusted firewall rules.
1528,3,2025-06-28 12:26:17,Upgrade,115,tech016,Database service restarted after crash.
1529,0,2025-09-29 00:34:39,Network,242,tech026,Server rebooted successfully.
1530,1,2024-08-06 22:02:48,Incident,126,tech006,Server rebooted successfully.
1531,0,2024-12-21 19:04:29,Upgrade,229,tech041,Applied security patch and verified.
1532,1,2024-09-29 21:53:16,Network,96,tech034,Performed kernel update and rebooted.
1533,2,2025-05-30 05:37:09,Upgrade,382,tech011,Server rebooted successfully.
1534,0,2024-12-05 21:19:21,Upgrade,290,tech043,Database service restarted after crash.
1535,1,2025-06-24 21:23:35,Incident,246,tech025,Updated TLS certificates.
1536,2,2024-11-18 09:32:22,Network,219,tech036,Adjusted firewall rules.
1537,0,2025-04-19 00:06:24,Upgrade,332,tech011,Checked disk health; replaced failing disk.
1538,1,2025-05-06 18:08:23,Incident,415,tech015,Server rebooted successfully.
1539,2,2024-03-29 08:06:47,Patch,364,tech015,Replaced faulty NIC and tested connectivity.
1540,3,2024-06-03 12:12:35,Security,284,tech036,Updated TLS certificates.
1541,0,2025-07-06 00:39:28,Patch,287,tech026,Database service restarted after crash.
1542,1,2025-03-08 04:42:52,Security,263,tech011,Replaced faulty NIC and tested connectivity.
1543,2,2024-12-15 06:48:14,Security,49,tech044,Applied security patch and verified.
1544,3,2025-02-10 00:17:20,Incident,286,tech024,Database service restarted after crash.
1545,0,2025-06-18 09:30:21,Security,280,tech043,Performed kernel update and rebooted.
1546,1,2024-02-02 20:29:04,Patch,12,tech039,Server rebooted successfully.
1547,0,2024-12-14 20:50:21,Upgrade,276,tech004,Performed kernel update and rebooted.
1548,1,2025-04-22 04:20:31,Network,314,tech001,Performed kernel update and rebooted.
1549,2,2024-11-20 19:10:15,Incident,235,tech010,Applied security patch and verified.
1550,3,2024-11-03 01:22:56,Security,344,tech016,Performed kernel update and rebooted.
1551,4,2024-11-13 19:00:01,Network,372,tech033,Adjusted firewall rules.
1552,5,2025-08-11 23:01:09,Security,298,tech003,Replaced faulty NIC and tested connectivity.
1553,0,2024-07-02 10:37:26,Patch,39,tech008,Adjusted firewall rules.
1554,1,2025-02-15 03:02:12,Patch,351,tech034,Adjusted firewall rules.
1555,2,2024-09-08 16:17:14,Upgrade,149,tech037,Checked disk health; replaced failing disk.
1556,0,2024-08-11 12:09:59,Incident,419,tech006,Server rebooted successfully.
1557,1,2025-06-13 19:31:19,Patch,107,tech025,Database service restarted after crash.
1558,0,2025-07-23 08:07:28,Patch,23,tech040,Updated TLS certificates.
1559,1,2025-04-26 14:46:08,Network,91,tech016,Applied security patch and verified.
1560,2,2025-09-05 15:40:37,Incident,270,tech018,Performed kernel update and rebooted.
1561,0,2025-09-11 21:34:18,Upgrade,356,tech016,Adjusted firewall rules.
1562,1,2025-04-03 13:41:54,Upgrade,317,tech028,Replaced faulty NIC and tested connectivity.
1563,2,2024-05-27 03:05:34,Patch,270,tech031,Updated TLS certificates.
1564,3,2024-01-01 19:02:26,Incident,143,tech016,Performed kernel update and rebooted.
1565,0,2024-01-05 00:19:14,Patch,72,tech033,Applied security patch and verified.
1566,1,2024-10-31 22:31:40,Security,282,tech019,Database service restarted after crash.
1567,0,2025-05-17 14:32:36,Security,52,tech030,Checked disk health; replaced failing disk.
1568,1,2024-08-18 09:31:37,Security,177,tech050,Performed kernel update and rebooted.
1569,2,2025-05-16 20:01:38,Network,153,tech040,Replaced faulty NIC and tested connectivity.
1570,3,2024-04-21 09:37:19,Network,81,tech045,Performed kernel update and rebooted.
1571,4,2024-09-10 10:14:55,Incident,362,tech040,Replaced faulty NIC and tested connectivity.
1572,0,2024-12-01 20:50:37,Incident,387,tech035,Replaced faulty NIC and tested connectivity.
1573,0,2024-02-20 11:31:10,Patch,180,tech029,Database service restarted after crash.
1574,1,2024-01-24 19:18:04,Security,400,tech042,Server rebooted successfully.
1575,2,2024-05-10 07:21:42,Incident,372,tech015,Adjusted firewall rules.
1576,3,2024-03-11 21:21:38,Network,308,tech041,Checked disk health; replaced failing disk.
1577,0,2024-03-24 05:27:00,Incident,239,tech041,Updated TLS certificates.
1578,1,2024-09-28 05:13:58,Upgrade,224,tech028,Replaced faulty NIC and tested connectivity.
1579,0,2025-01-05 01:56:32,Patch,154,tech036,Checked disk health; replaced failing disk.
1580,1,2024-10-22 04:10:53,Patch,87,tech007,Updated TLS certificates.
1581,0,2024-04-07 17:46:57,Network,373,tech043,Performed kernel update and rebooted.
1582,1,2025-04-26 00:48:42,Network,58,tech018,Replaced faulty NIC and tested connectivity.
1583,2,2025-05-25 07:03:49,Network,413,tech026,Adjusted firewall rules.
1584,3,2024-10-22 22:43:27,Upgrade,46,tech046,Updated TLS certificates.
1585,0,2025-06-22 23:38:50,Patch,26,tech008,Adjusted firewall rules.
1586,1,2024-07-09 00:33:58,Network,224,tech048,Adjusted firewall rules.
1587,2,2024-05-16 08:13:39,Network,125,tech049,Checked disk health; replaced failing disk.
1588,3,2025-07-03 04:01:17,Incident,54,tech023,Performed kernel update and rebooted.
1589,4,2025-06-22 01:33:38,Patch,324,tech019,Adjusted firewall rules.
1590,0,2024-05-03 06:19:10,Network,60,tech037,Database service restarted after crash.
1591,1,2025-09-30 23:21:51,Upgrade,356,tech016,Checked disk health; replaced failing disk.
1592,0,2024-08-13 16:37:04,Network,339,tech037,Performed kernel update and rebooted.
1593,1,2024-04-27 01:31:35,Incident,122,tech013,Database service restarted after crash.
1594,0,2024-06-19 06:21:26,Network,124,tech007,Checked disk health; replaced failing disk.
1595,1,2024-12-12 18:38:50,Upgrade,155,tech011,Applied security patch and verified.
1596,2,2025-06-08 15:06:52,Patch,51,tech018,Server rebooted successfully.
1597,3,2025-09-09 18:25:06,Incident,73,tech023,Applied security patch and verified.
1598,4,2025-01-02 04:49:08,Network,269,tech046,Database service restarted after crash.
1599,0,2024-08-02 20:47:11,Network,154,tech021,Database service restarted after crash.
1600,1,2025-05-23 01:39:05,Incident,220,tech025,Applied security patch and verified.
1601,2,2025-09-25 03:59:21,Upgrade,21,tech028,Updated TLS certificates.
1602,0,2024-01-04 17:42:38,Network,111,tech031,Database service restarted after crash.
1603,1,2025-01-13 18:55:20,Security,332,tech046,Updated TLS certificates.
1604,2,2025-06-03 04:57:01,Security,8,tech035,Database service restarted after crash.
1605,0,2024-07-17 19:32:55,Incident,44,tech033,Server rebooted successfully.
1606,1,2025-07-13 11:42:46,Incident,157,tech008,Performed kernel update and rebooted.
1607,2,2024-12-18 23:17:25,Security,338,tech011,Server rebooted successfully.
1608,3,2025-09-30 07:08:05,Security,115,tech003,Checked disk health; replaced failing disk.
1609,0,2025-02-22 07:55:20,Patch,360,tech050,Database service restarted after crash.
1610,0,2024-12-20 16:27:09,Security,406,tech045,Replaced faulty NIC and tested connectivity.
1611,1,2024-04-01 11:00:58,Incident,354,tech024,Applied security patch and verified.
1612,0,2025-05-19 09:45:58,Security,248,tech050,Server rebooted successfully.
1613,1,2025-04-23 17:04:03,Network,409,tech011,Checked disk health; replaced failing disk.
1614,2,2024-05-23 18:39:28,Incident,404,tech022,Performed kernel update and rebooted.
1615,3,2025-01-14 16:32:28,Incident,136,tech044,Applied security patch and verified.
1616,0,2025-05-23 00:52:45,Network,170,tech023,Adjusted firewall rules.
1617,1,2025-01-24 23:38:47,Network,238,tech035,Applied security patch and verified.
1618,2,2024-07-23 20:43:33,Patch,223,tech041,Applied security patch and verified.
1619,3,2024-03-30 18:26:03,Incident,126,tech050,Adjusted firewall rules.
1620,0,2024-05-15 09:41:09,Incident,116,tech020,Checked disk health; replaced failing disk.
1621,1,2024-10-31 22:08:59,Patch,204,tech016,Updated TLS certificates.
1622,2,2024-07-22 11:08:19,Upgrade,220,tech015,Server rebooted successfully.
1623,3,2024-11-15 13:55:03,Incident,214,tech015,Replaced faulty NIC and tested connectivity.
1624,0,2025-01-14 07:42:29,Upgrade,266,tech038,Performed kernel update and rebooted.
1625,1,2025-02-27 15:34:49,Upgrade,136,tech030,Adjusted firewall rules.
1626,0,2025-01-10 09:12:05,Patch,214,tech044,Updated TLS certificates.
1627,1,2024-12-03 12:05:35,Patch,264,tech011,Database service restarted after crash.
1628,2,2024-05-14 18:56:07,Patch,204,tech028,Applied security patch and verified.
1629,3,2024-07-14 14:35:49,Network,415,tech029,Server rebooted successfully.
1630,0,2024-03-21 12:07:15,Patch,194,tech025,Updated TLS certificates.
1631,1,2024-10-28 18:03:10,Network,228,tech031,Updated TLS certificates.
1632,2,2025-07-24 00:55:00,Patch,212,tech011,Checked disk health; replaced failing disk.
1633,3,2024-08-05 22:45:00,Network,84,tech031,Performed kernel update and rebooted.
1634,0,2025-07-12 08:24:45,Upgrade,82,tech001,Adjusted firewall rules.
1635,1,2025-04-15 03:21:16,Incident,278,tech038,Server rebooted successfully.
1636,2,2024-02-18 06:15:27,Incident,171,tech014,Applied security patch and verified.
1637,0,2024-11-23 09:36:28,Upgrade,127,tech026,Adjusted firewall rules.
1638,1,2024-02-16 16:21:59,Upgrade,385,tech010,Adjusted firewall rules.
1639,0,2024-05-02 09:34:54,Patch,79,tech042,Adjusted firewall rules.
1640,0,2025-05-10 17:02:51,Upgrade,246,tech012,Database service restarted after crash.
1641,1,2025-01-31 00:38:56,Network,250,tech013,Checked disk health; replaced failing disk.
1642,2,2024-12-13 08:14:44,Patch,247,tech001,Checked disk health; replaced failing disk.
1643,3,2025-09-03 10:10:13,Security,93,tech006,Replaced faulty NIC and tested connectivity.
1644,0,2024-09-17 03:47:58,Patch,229,tech005,Updated TLS certificates.
1645,1,2024-07-31 01:33:44,Upgrade,384,tech001,Checked disk health; replaced failing disk.
1646,2,2024-02-25 02:19:10,Patch,188,tech037,Performed kernel update and rebooted.
1647,3,2024-03-12 07:48:41,Upgrade,149,tech019,Checked disk health; replaced failing disk.
1648,4,2024-01-03 15:28:34,Incident,268,tech035,Database service restarted after crash.
1649,0,2025-05-02 22:57:17,Patch,417,tech049,Applied security patch and verified.
1650,0,2025-03-20 23:17:33,Incident,177,tech044,Performed kernel update and rebooted.
1651,0,2024-09-10 02:01:05,Network,270,tech050,Updated TLS certificates.
1652,1,2025-04-04 02:41:55,Network,345,tech040,Updated TLS certificates.
1653,2,2025-01-21 10:12:15,Upgrade,104,tech029,Updated TLS certificates.
1654,0,2025-06-14 01:56:16,Patch,123,tech021,Database service restarted after crash.
1655,1,2024-09-20 06:41:10,Security,338,tech031,Applied security patch and verified.
1656,2,2025-03-09 16:22:58,Upgrade,54,tech007,Performed kernel update and rebooted.
1657,0,2025-07-05 13:20:14,Security,362,tech026,Performed kernel update and rebooted.
1658,1,2025-05-08 19:07:27,Incident,256,tech025,Replaced faulty NIC and tested connectivity.
1659,0,2025-02-11 15:06:49,Network,205,tech002,Server rebooted successfully.
1660,1,2025-03-05 20:52:39,Upgrade,237,tech045,Performed kernel update and rebooted.
1661,0,2024-10-29 23:23:39,Security,228,tech039,Applied security patch and verified.
1662,0,2024-04-02 15:48:05,Upgrade,195,tech049,Server rebooted successfully.
1663,0,2024-03-14 16:54:51,Patch,337,tech013,Replaced faulty NIC and tested connectivity.
1664,1,2024-11-03 05:31:42,Network,230,tech003,Replaced faulty NIC and tested connectivity.
1665,0,2025-06-10 06:50:46,Patch,30,tech040,Performed kernel update and rebooted.
1666,1,2024-03-19 04:03:18,Upgrade,269,tech005,Updated TLS certificates.
1667,0,2024-12-21 03:19:48,Patch,326,tech043,Updated TLS certificates.
1668,0,2025-06-19 15:48:11,Security,162,tech033,Performed kernel update and rebooted.
1669,0,2025-06-18 07:04:51,Network,356,tech041,Applied security patch and verified.
1670,1,2025-01-23 20:35:40,Incident,114,tech026,Adjusted firewall rules.
1671,2,2025-04-24 18:48:00,Security,241,tech034,Checked disk health; replaced failing disk.
1672,3,2025-09-02 06:08:43,Network,27,tech016,Performed kernel update and rebooted.
1673,4,2025-03-15 05:11:05,Security,135,tech029,Database service restarted after crash.
1674,5,2024-04-02 19:27:06,Upgrade,170,tech008,Performed kernel update and rebooted.
1675,6,2024-09-18 23:15:42,Network,320,tech029,Checked disk health; replaced failing disk.
1676,0,2025-08-20 00:59:49,Network,344,tech026,Server rebooted successfully.
1677,0,2024-12-18 08:32:22,Network,274,tech030,Performed kernel update and rebooted.
1678,1,2024-05-20 04:12:59,Incident,191,tech046,Applied security patch and verified.
1679,2,2024-01-29 21:35:01,Upgrade,30,tech041,Adjusted firewall rules.
1680,3,2024-01-13 15:34:26,Network,306,tech048,Server rebooted successfully.
1681,4,2024-07-10 12:56:39,Network,29,tech047,Checked disk health; replaced failing disk.
1682,5,2025-08-13 00:31:58,Upgrade,5,tech031,Database service restarted after crash.
1683,0,2024-04-17 21:32:20,Incident,106,tech028,Updated TLS certificates.
1684,1,2025-08-31 04:28:20,Patch,194,tech015,Applied security patch and verified.
1685,0,2024-05-23 08:28:19,Network,29,tech037,Performed kernel update and rebooted.
1686,1,2024-04-29 17:10:26,Upgrade,242,tech004,Performed kernel update and rebooted.
1687,2,2024-07-26 21:55:13,Upgrade,238,tech023,Performed kernel update and rebooted.
1688,3,2024-12-10 18:35:38,Upgrade,335,tech022,Database service restarted after crash.
1689,4,2025-08-09 08:12:55,Upgrade,318,tech011,Updated TLS certificates.
1690,0,2025-07-02 02:59:50,Incident,40,tech004,Checked disk health; replaced failing disk.
1691,1,2024-09-18 16:24:31,Incident,329,tech003,Updated TLS certificates.
1692,2,2024-02-28 00:04:46,Security,122,tech003,Replaced faulty NIC and tested connectivity.
1693,0,2025-08-24 01:09:42,Network,211,tech024,Performed kernel update and rebooted.
1694,1,2025-08-15 15:21:05,Security,164,tech018,Adjusted firewall rules.
1695,2,2024-09-13 14:15:54,Patch,397,tech022,Updated TLS certificates.
1696,3,2024-12-25 13:56:14,Patch,200,tech026,Performed kernel update and rebooted.
1697,4,2024-07-02 14:12:12,Incident,400,tech021,Replaced faulty NIC and tested connectivity.
1698,5,2025-02-09 19:14:21,Network,231,tech030,Database service restarted after crash.
1699,6,2024-09-02 00:49:37,Upgrade,350,tech049,Performed kernel update and rebooted.
1700,0,2025-03-26 10:51:15,Security,7,tech048,Applied security patch and verified.
1701,1,2025-03-25 05:02:25,Security,183,tech032,Replaced faulty NIC and tested connectivity.
1702,2,2024-09-17 00:28:09,Upgrade,232,tech049,Replaced faulty NIC and tested connectivity.
1703,3,2024-09-24 00:05:23,Upgrade,107,tech040,Server rebooted successfully.
1704,4,2024-11-19 21:19:21,Patch,32,tech011,Database service restarted after crash.
1705,5,2024-07-02 16:36:16,Incident,396,tech013,Adjusted firewall rules.
1706,0,2024-08-04 11:28:58,Security,128,tech041,Performed kernel update and rebooted.
1707,1,2024-08-26 06:47:56,Upgrade,314,tech005,Adjusted firewall rules.
1708,0,2024-10-06 06:20:33,Patch,83,tech025,Adjusted firewall rules.
1709,0,2024-11-14 12:27:43,Incident,354,tech008,Updated TLS certificates.
1710,1,2024-01-25 14:02:14,Security,257,tech007,Applied security patch and verified.
1711,2,2025-08-17 00:57:35,Patch,256,tech026,Performed kernel update and rebooted.
1712,3,2024-12-05 03:44:38,Incident,85,tech036,Applied security patch and verified.
1713,0,2024-12-09 01:45:39,Security,340,tech020,Checked disk health; replaced failing disk.
1714,1,2024-05-20 02:24:52,Patch,184,tech020,Database service restarted after crash.
1715,2,2025-04-10 16:44:19,Security,82,tech018,Updated TLS certificates.
1716,0,2024-11-21 07:48:21,Incident,182,tech026,Performed kernel update and rebooted.
1717,1,2025-06-25 17:53:17,Upgrade,59,tech046,Server rebooted successfully.
1718,0,2024-06-04 08:32:57,Network,59,tech014,Updated TLS certificates.
1719,0,2024-12-24 21:46:17,Upgrade,330,tech020,Checked disk health; replaced failing disk.
1720,1,2024-06-02 01:17:49,Incident,188,tech025,Server rebooted successfully.
1721,2,2025-07-02 21:01:20,Security,136,tech005,Performed kernel update and rebooted.
1722,0,2024-06-04 12:19:36,Network,105,tech016,Adjusted firewall rules.
1723,1,2024-12-23 17:10:15,Security,363,tech039,Server rebooted successfully.
1724,0,2024-12-15 05:17:16,Upgrade,222,tech028,Database service restarted after crash.
1725,1,2025-08-03 21:27:00,Incident,134,tech029,Adjusted firewall rules.
1726,2,2024-10-01 06:17:07,Network,247,tech048,Server rebooted successfully.
1727,3,2025-04-27 15:05:04,Security,263,tech050,Database service restarted after crash.
1728,4,2024-01-28 06:12:18,Incident,283,tech044,Adjusted firewall rules.
1729,5,2024-10-06 14:22:34,Security,170,tech016,Replaced faulty NIC and tested connectivity.
1730,6,2025-06-08 12:31:03,Upgrade,368,tech032,Replaced faulty NIC and tested connectivity.
1731,7,2025-05-12 02:16:17,Patch,28,tech014,Replaced faulty NIC and tested connectivity.
1732,0,2024-11-28 01:27:59,Patch,333,tech024,Replaced faulty NIC and tested connectivity.
1733,1,2024-05-13 15:13:07,Incident,412,tech042,Performed kernel update and rebooted.
1734,0,2025-02-16 21:03:05,Upgrade,358,tech016,Database service restarted after crash.
1735,1,2024-01-16 00:30:22,Network,391,tech050,Replaced faulty NIC and tested connectivity.
1736,2,2024-01-12 12:43:23,Incident,252,tech024,Checked disk health; replaced failing disk.
1737,3,2024-03-20 15:37:20,Patch,366,tech011,Adjusted firewall rules.
1738,4,2024-06-19 22:01:13,Security,348,tech043,Performed kernel update and rebooted.
1739,5,2024-12-11 18:19:57,Network,347,tech044,Database service restarted after crash.
1740,6,2024-05-10 13:02:44,Upgrade,348,tech050,Database service restarted after crash.
1741,0,2024-06-16 22:23:20,Upgrade,403,tech023,Performed kernel update and rebooted.
1742,1,2024-06-03 00:53:33,Patch,231,tech041,Updated TLS certificates.
1743,2,2024-03-16 04:54:09,Patch,37,tech007,Checked disk health; replaced failing disk.
1744,3,2025-04-17 22:45:27,Network,40,tech049,Checked disk health; replaced failing disk.
1745,0,2025-01-03 07:07:16,Patch,372,tech016,Adjusted firewall rules.
1746,0,2024-03-18 09:18:47,Upgrade,227,tech050,Server rebooted successfully.
1747,1,2024-02-22 23:53:53,Security,262,tech012,Performed kernel update and rebooted.
1748,2,2025-03-14 23:51:05,Patch,142,tech043,Server rebooted successfully.
1749,0,2024-09-06 13:29:40,Incident,288,tech022,Checked disk health; replaced failing disk.
1750,1,2024-01-14 15:59:10,Patch,277,tech040,Server rebooted successfully.
1751,0,2025-02-26 00:25:10,Patch,161,tech005,Applied security patch and verified.
1752,1,2024-05-30 07:15:54,Patch,224,tech017,Checked disk health; replaced failing disk.
1753,0,2024-04-26 20:05:05,Security,219,tech044,Replaced faulty NIC and tested connectivity.
1754,1,2025-08-05 08:08:42,Network,99,tech013,Updated TLS certificates.
1755,2,2024-11-25 15:34:20,Patch,77,tech049,Server rebooted successfully.
1756,0,2024-10-10 08:24:47,Incident,388,tech044,Updated TLS certificates.
1757,1,2024-01-30 06:01:27,Security,350,tech007,Applied security patch and verified.
1758,2,2024-05-01 07:27:49,Upgrade,196,tech033,Adjusted firewall rules.
1759,3,2024-06-08 00:58:45,Security,332,tech016,Applied security patch and verified.
1760,0,2025-03-19 07:56:06,Patch,69,tech027,Database service restarted after crash.
1761,1,2024-09-13 10:09:20,Upgrade,15,tech041,Checked disk health; replaced failing disk.
1762,0,2025-01-06 04:27:20,Security,217,tech015,Checked disk health; replaced failing disk.
1763,1,2024-03-27 03:34:02,Patch,217,tech031,Database service restarted after crash.
1764,2,2024-02-13 18:05:51,Security,22,tech043,Replaced faulty NIC and tested connectivity.
1765,3,2025-05-18 01:36:38,Security,215,tech010,Replaced faulty NIC and tested connectivity.
1766,4,2024-08-25 01:06:00,Patch,361,tech049,Updated TLS certificates.
1767,5,2024-06-14 00:24:59,Patch,41,tech047,Adjusted firewall rules.
1768,6,2025-06-11 12:50:13,Incident,93,tech049,Server rebooted successfully.
1769,7,2024-06-25 06:04:07,Upgrade,250,tech038,Checked disk health; replaced failing disk.
1770,0,2025-03-03 21:43:50,Security,311,tech002,Database service restarted after crash.
1771,1,2025-08-31 03:20:47,Network,409,tech007,Checked disk health; replaced failing disk.
1772,2,2024-05-15 09:24:53,Incident,399,tech037,Updated TLS certificates.
1773,3,2025-08-29 06:25:43,Incident,128,tech021,Replaced faulty NIC and tested connectivity.
1774,4,2025-08-06 18:27:04,Upgrade,412,tech043,Updated TLS certificates.
1775,0,2024-12-16 00:11:43,Patch,213,tech007,Checked disk health; replaced failing disk.
1776,1,2024-01-16 14:06:45,Upgrade,294,tech036,Adjusted firewall rules.
1777,2,2024-07-04 21:52:24,Patch,302,tech046,Server rebooted successfully.
1778,0,2025-01-18 06:15:05,Security,419,tech026,Server rebooted successfully.
1779,1,2024-06-22 20:27:25,Security,355,tech011,Performed kernel update and rebooted.
1780,0,2025-06-22 23:17:51,Incident,368,tech022,Checked disk health; replaced failing disk.
1781,0,2024-06-02 04:54:34,Network,13,tech001,Database service restarted after crash.
1782,1,2024-08-03 05:10:47,Incident,326,tech024,Database service restarted after crash.
1783,2,2024-10-21 18:50:13,Security,158,tech010,Updated TLS certificates.
1784,3,2024-09-11 15:21:43,Patch,232,tech039,Server rebooted successfully.
1785,0,2025-04-23 17:29:22,Patch,342,tech042,Checked disk health; replaced failing disk.
1786,0,2024-03-11 22:23:40,Upgrade,19,tech031,Checked disk health; replaced failing disk.
1787,1,2025-08-25 23:45:54,Patch,245,tech005,Updated TLS certificates.
1788,2,2025-03-06 12:18:57,Patch,281,tech025,Checked disk health; replaced failing disk.
1789,3,2024-06-30 18:08:53,Security,324,tech014,Server rebooted successfully.
1790,4,2025-06-13 19:12:46,Incident,119,tech009,Performed kernel update and rebooted.
1791,0,2024-04-07 13:08:30,Upgrade,419,tech040,Performed kernel update and rebooted.
1792,1,2024-09-16 11:23:37,Incident,233,tech031,Database service restarted after crash.
1793,2,2024-03-29 01:11:32,Security,150,tech008,Database service restarted after crash.
1794,0,2024-02-15 08:53:49,Patch,74,tech026,Replaced faulty NIC and tested connectivity.
1795,1,2024-12-24 01:46:01,Patch,80,tech048,Updated TLS certificates.
1796,2,2024-02-22 11:59:50,Security,366,tech020,Performed kernel update and rebooted.
1797,3,2025-06-09 08:28:37,Network,211,tech019,Replaced faulty NIC and tested connectivity.
1798,4,2025-04-11 03:28:17,Security,352,tech024,Adjusted firewall rules.
1799,5,2024-09-01 12:15:08,Incident,231,tech044,Applied security patch and verified.
1800,6,2024-12-09 20:18:19,Security,79,tech049,Performed kernel update and rebooted.
1801,0,2024-07-16 03:28:46,Security,410,tech040,Checked disk health; replaced failing disk.
1802,1,2024-01-21 12:03:31,Incident,91,tech030,Adjusted firewall rules.
1803,2,2024-09-20 10:09:56,Upgrade,399,tech050,Checked disk health; replaced failing disk.
1804,0,2025-03-30 01:04:49,Network,103,tech041,Updated TLS certificates.
1805,0,2025-06-30 21:08:32,Incident,408,tech047,Adjusted firewall rules.
1806,1,2025-05-19 05:14:28,Patch,17,tech038,Server rebooted successfully.
1807,2,2025-09-17 07:37:45,Patch,13,tech028,Applied security patch and verified.
1808,3,2024-07-31 03:05:42,Incident,411,tech008,Performed kernel update and rebooted.
1809,0,2025-08-09 21:12:34,Patch,112,tech005,Adjusted firewall rules.
1810,0,2024-06-07 14:26:45,Upgrade,59,tech042,Checked disk health; replaced failing disk.
1811,1,2025-06-24 22:19:39,Network,55,tech007,Database service restarted after crash.
1812,2,2024-11-07 15:46:41,Patch,159,tech039,Database service restarted after crash.
1813,3,2025-09-09 20:20:14,Security,70,tech002,Performed kernel update and rebooted.
1814,4,2025-07-03 23:36:31,Network,126,tech003,Checked disk health; replaced failing disk.
1815,5,2024-05-26 12:04:33,Incident,339,tech009,Performed kernel update and rebooted.
1816,0,2024-05-09 15:01:23,Network,248,tech007,Applied security patch and verified.
1817,0,2024-10-25 10:53:02,Network,404,tech043,Performed kernel update and rebooted.
1818,1,2024-05-26 07:07:19,Network,258,tech003,Checked disk health; replaced failing disk.
1819,0,2024-10-22 18:04:00,Network,156,tech009,Adjusted firewall rules.
1820,0,2024-11-21 04:27:12,Patch,376,tech035,Server rebooted successfully.
1821,0,2025-03-16 17:20:48,Incident,177,tech046,Database service restarted after crash.
1822,1,2024-08-23 00:27:51,Security,303,tech044,Server rebooted successfully.
1823,2,2024-09-04 04:44:02,Network,309,tech008,Updated TLS certificates.
1824,3,2024-11-21 03:59:43,Patch,162,tech016,Performed kernel update and rebooted.
1825,4,2025-04-04 01:49:35,Incident,211,tech044,Server rebooted successfully.
1826,0,2024-02-29 17:09:27,Patch,249,tech041,Adjusted firewall rules.
1827,1,2024-10-02 01:01:56,Patch,45,tech031,Performed kernel update and rebooted.
1828,2,2024-01-07 05:39:13,Incident,26,tech038,Replaced faulty NIC and tested connectivity.
1829,0,2025-01-24 15:52:53,Patch,311,tech005,Database service restarted after crash.
1830,1,2025-05-16 09:12:17,Security,375,tech003,Applied security patch and verified.
1831,2,2024-10-22 02:13:58,Security,124,tech038,Database service restarted after crash.
1832,3,2024-02-03 07:02:55,Network,360,tech040,Applied security patch and verified.
1833,0,2024-01-25 03:48:31,Network,392,tech003,Applied security patch and verified.
1834,1,2025-07-19 04:52:39,Patch,77,tech028,Performed kernel update and rebooted.
1835,2,2025-01-16 08:50:56,Incident,31,tech044,Updated TLS certificates.
1836,3,2024-01-10 05:11:03,Upgrade,370,tech020,Updated TLS certificates.
1837,0,2025-03-20 14:11:31,Patch,152,tech012,Replaced faulty NIC and tested connectivity.
1838,1,2024-02-16 13:31:35,Incident,152,tech006,Replaced faulty NIC and tested connectivity.
1839,2,2024-09-20 12:47:52,Network,395,tech022,Performed kernel update and rebooted.
1840,0,2025-04-14 01:47:12,Security,261,tech016,Performed kernel update and rebooted.
1841,1,2024-10-28 22:42:53,Patch,283,tech043,Applied security patch and verified.
1842,2,2024-03-28 16:15:52,Patch,156,tech016,Checked disk health; replaced failing disk.
1843,3,2025-01-22 00:23:07,Patch,343,tech041,Adjusted firewall rules.
1844,4,2025-03-03 00:23:23,Security,130,tech045,Server rebooted successfully.
1845,0,2024-08-11 10:54:12,Network,162,tech043,Database service restarted after crash.
1846,0,2024-05-15 13:17:47,Upgrade,125,tech033,Server rebooted successfully.
1847,1,2024-01-05 11:14:58,Incident,113,tech040,Server rebooted successfully.
1848,2,2025-06-28 15:03:23,Security,418,tech032,Updated TLS certificates.
1849,3,2024-03-25 23:02:37,Upgrade,185,tech032,Applied security patch and verified.
1850,0,2025-03-02 19:21:00,Security,227,tech019,Database service restarted after crash.
1851,1,2024-12-25 05:53:16,Upgrade,372,tech039,Updated TLS certificates.
1852,2,2025-08-17 12:28:20,Network,84,tech049,Database service restarted after crash.
1853,0,2024-05-27 23:46:11,Patch,314,tech035,Performed kernel update and rebooted.
1854,0,2024-09-22 10:40:51,Upgrade,391,tech006,Performed kernel update and rebooted.
1855,1,2024-10-18 09:44:17,Security,232,tech014,Checked disk health; replaced failing disk.
1856,2,2025-04-28 07:03:18,Patch,180,tech003,Checked disk health; replaced failing disk.
1857,0,2024-02-09 05:31:02,Upgrade,90,tech033,Server rebooted successfully.
1858,1,2024-12-02 13:09:34,Network,358,tech029,Replaced faulty NIC and tested connectivity.
1859,0,2024-04-20 11:54:36,Incident,52,tech034,Checked disk health; replaced failing disk.
1860,1,2025-03-27 19:45:30,Upgrade,391,tech035,Adjusted firewall rules.
1861,2,2024-04-23 20:57:22,Patch,269,tech047,Adjusted firewall rules.
1862,0,2025-09-23 08:54:13,Patch,203,tech003,Adjusted firewall rules.
1863,1,2025-07-16 01:23:36,Upgrade,244,tech026,Updated TLS certificates.
1864,2,2024-02-11 08:30:22,Security,179,tech014,Updated TLS certificates.
1865,0,2024-12-26 20:23:01,Security,87,tech021,Replaced faulty NIC and tested connectivity.
1866,1,2024-05-19 14:52:15,Security,244,tech043,Checked disk health; replaced failing disk.
1867,0,2025-07-21 04:55:18,Upgrade,135,tech007,Database service restarted after crash.
1868,0,2024-03-14 02:55:51,Upgrade,186,tech040,Applied security patch and verified.
1869,1,2024-12-27 18:14:22,Network,37,tech033,Updated TLS certificates.
1870,2,2025-04-16 19:49:37,Patch,224,tech022,Replaced faulty NIC and tested connectivity.
1871,3,2025-01-31 02:22:24,Patch,101,tech019,Server rebooted successfully.
1872,0,2025-03-08 19:16:38,Incident,369,tech008,Database service restarted after crash.
1873,1,2025-04-30 07:24:48,Network,28,tech025,Server rebooted successfully.
1874,2,2024-11-30 12:44:16,Incident,33,tech026,Checked disk health; replaced failing disk.
1875,3,2025-04-28 21:24:17,Network,11,tech037,Adjusted firewall rules.
1876,4,2024-09-25 20:33:19,Patch,169,tech047,Updated TLS certificates.
1877,5,2024-04-09 14:56:50,Patch,34,tech008,Server rebooted successfully.
1878,0,2025-03-29 06:42:57,Security,318,tech026,Performed kernel update and rebooted.
1879,1,2025-09-17 12:54:04,Upgrade,266,tech039,Updated TLS certificates.
1880,2,2025-03-15 08:33:39,Patch,200,tech035,Performed kernel update and rebooted.
1881,3,2024-12-07 17:31:22,Security,187,tech036,Performed kernel update and rebooted.
1882,4,2024-10-26 18:50:50,Patch,146,tech016,Server rebooted successfully.
1883,0,2025-05-28 06:25:51,Network,388,tech027,Checked disk health; replaced failing disk.
1884,1,2024-06-27 13:11:27,Security,127,tech011,Checked disk health; replaced failing disk.
1885,2,2025-01-12 08:25:12,Patch,294,tech015,Server rebooted successfully.
1886,3,2024-08-28 04:39:58,Network,334,tech037,Applied security patch and verified.
1887,4,2024-08-24 09:04:43,Network,193,tech021,Checked disk health; replaced failing disk.
1888,0,2025-09-23 01:21:46,Upgrade,306,tech022,Replaced faulty NIC and tested connectivity.
1889,1,2024-12-07 09:21:49,Upgrade,376,tech044,Replaced faulty NIC and tested connectivity.
1890,0,2025-04-07 04:10:30,Security,175,tech024,Replaced faulty NIC and tested connectivity.
1891,1,2024-09-24 04:27:41,Network,336,tech047,Checked disk health; replaced failing disk.
1892,0,2024-09-11 14:04:09,Upgrade,13,tech010,Updated TLS certificates.
1893,1,2025-02-02 12:34:00,Upgrade,41,tech027,Adjusted firewall rules.
1894,2,2024-10-27 18:06:37,Network,412,tech012,Updated TLS certificates.
1895,3,2025-06-23 18:27:49,Network,386,tech031,Replaced faulty NIC and tested connectivity.
1896,0,2024-12-04 17:37:56,Security,284,tech022,Performed kernel update and rebooted.
1897,1,2024-11-15 13:22:10,Upgrade,167,tech023,Updated TLS certificates.
1898,2,2025-04-14 00:44:30,Network,149,tech014,Checked disk health; replaced failing disk.
1899,0,2024-06-16 13:57:33,Upgrade,308,tech047,Database service restarted after crash.
1900,1,2024-07-15 06:53:32,Network,232,tech010,Checked disk health; replaced failing disk.
1901,2,2024-08-18 23:52:32,Security,382,tech045,Performed kernel update and rebooted.
1902,0,2025-01-12 06:58:23,Patch,129,tech035,Applied security patch and verified.
1903,1,2025-01-01 07:04:57,Network,17,tech010,Replaced faulty NIC and tested connectivity.
1904,2,2025-03-12 02:29:27,Upgrade,111,tech001,Adjusted firewall rules.
1905,0,2025-09-02 00:05:16,Patch,18,tech050,Server rebooted successfully.
1906,1,2025-06-26 18:55:26,Patch,279,tech008,Server rebooted successfully.
1907,0,2024-01-08 06:07:58,Incident,312,tech017,Server rebooted successfully.
1908,1,2025-08-28 22:53:21,Incident,360,tech026,Database service restarted after crash.
1909,2,2025-06-04 13:29:36,Network,113,tech034,Checked disk health; replaced failing disk.
1910,0,2025-07-11 12:19:11,Security,16,tech023,Performed kernel update and rebooted.
1911,1,2025-03-07 03:13:38,Incident,95,tech042,Applied security patch and verified.
1912,2,2025-01-24 19:24:46,Incident,18,tech045,Updated TLS certificates.
1913,0,2025-01-10 10:51:50,Upgrade,419,tech007,Adjusted firewall rules.
1914,1,2024-12-01 09:22:16,Network,115,tech048,Database service restarted after crash.
1915,2,2024-02-26 02:15:02,Network,38,tech046,Adjusted firewall rules.
1916,0,2024-04-10 06:36:58,Security,390,tech040,Applied security patch and verified.
1917,1,2024-04-22 20:29:35,Security,56,tech038,Database service restarted after crash.
1918,2,2024-04-18 08:59:51,Upgrade,167,tech005,Adjusted firewall rules.
1919,3,2024-07-28 10:22:30,Incident,316,tech048,Server rebooted successfully.
1920,4,2025-02-12 02:25:21,Security,88,tech028,Database service restarted after crash.
1921,5,2024-02-10 23:04:33,Security,192,tech015,Performed kernel update and rebooted.
1922,6,2025-09-26 23:43:26,Network,263,tech014,Updated TLS certificates.
1923,0,2024-05-20 05:31:04,Security,16,tech034,Performed kernel update and rebooted.
1924,1,2024-08-24 08:00:30,Patch,124,tech003,Adjusted firewall rules.
1925,2,2024-11-19 18:42:39,Patch,338,tech021,Checked disk health; replaced failing disk.
1926,3,2025-01-19 19:49:33,Network,83,tech033,Database service restarted after crash.
1927,0,2025-07-19 00:11:00,Upgrade,171,tech009,Adjusted firewall rules.
1928,1,2024-12-06 15:20:16,Security,65,tech017,Server rebooted successfully.
1929,0,2024-08-24 07:01:09,Upgrade,266,tech030,Applied security patch and verified.
1930,1,2024-06-28 13:30:24,Patch,147,tech006,Replaced faulty NIC and tested connectivity.
1931,0,2024-03-21 22:50:32,Security,39,tech011,Replaced faulty NIC and tested connectivity.
1932,0,2024-09-30 04:57:00,Network,209,tech014,Updated TLS certificates.
1933,1,2024-01-19 08:42:53,Incident,118,tech011,Adjusted firewall rules.
1934,0,2025-03-19 21:29:00,Security,14,tech016,Performed kernel update and rebooted.
1935,1,2024-05-19 00:36:31,Network,223,tech047,Updated TLS certificates.
1936,2,2024-10-25 10:49:30,Upgrade,170,tech046,Adjusted firewall rules.
1937,0,2024-07-24 00:23:39,Upgrade,47,tech005,Performed kernel update and rebooted.
1938,1,2024-02-11 16:43:49,Incident,314,tech004,Checked disk health; replaced failing disk.
1939,2,2025-09-09 09:21:10,Network,152,tech020,Updated TLS certificates.
1940,0,2025-05-30 00:43:14,Security,249,tech043,Database service restarted after crash.
1941,1,2025-08-19 18:24:04,Upgrade,341,tech028,Replaced faulty NIC and tested connectivity.
1942,0,2024-08-18 15:36:55,Patch,340,tech021,Database service restarted after crash.
1943,1,2025-08-01 07:35:07,Upgrade,320,tech024,Checked disk health; replaced failing disk.
1944,2,2024-03-01 15:26:00,Security,343,tech012,Adjusted firewall rules.
1945,0,2025-06-24 08:02:35,Upgrade,125,tech003,Replaced faulty NIC and tested connectivity.
1946,0,2025-04-17 23:58:08,Patch,287,tech027,Checked disk health; replaced failing disk.
1947,1,2025-03-17 15:26:38,Network,160,tech044,Updated TLS certificates.
1948,2,2025-06-08 06:06:26,Security,289,tech029,Adjusted firewall rules.
1949,0,2024-10-20 04:19:56,Incident,219,tech038,Replaced faulty NIC and tested connectivity.
1950,1,2025-03-12 09:55:14,Upgrade,343,tech003,Applied security patch and verified.
1951,2,2024-11-03 22:30:02,Incident,273,tech014,Applied security patch and verified.
1952,3,2024-08-04 10:22:27,Patch,224,tech039,Applied security patch and verified.
1953,4,2025-04-10 10:18:26,Network,41,tech001,Performed kernel update and rebooted.
1954,0,2024-09-02 08:54:25,Incident,237,tech008,Performed kernel update and rebooted.
1955,1,2025-06-06 19:51:31,Incident,289,tech044,Server rebooted successfully.
1956,2,2024-08-02 08:46:46,Network,76,tech003,Server rebooted successfully.
1957,0,2024-07-04 11:34:51,Patch,136,tech031,Replaced faulty NIC and tested connectivity.
1958,1,2025-06-19 11:52:16,Patch,269,tech022,Applied security patch and verified.
1959,2,2024-03-01 13:42:29,Network,45,tech005,Applied security patch and verified.
1960,3,2025-01-16 19:58:16,Upgrade,120,tech030,Updated TLS certificates.
1961,4,2024-08-15 08:43:36,Security,359,tech017,Server rebooted successfully.
1962,5,2024-03-19 21:41:43,Security,186,tech004,Applied security patch and verified.
1963,0,2025-05-26 22:35:47,Incident,167,tech022,Database service restarted after crash.
1964,0,2024-03-09 09:17:56,Patch,218,tech029,Database service restarted after crash.
1965,1,2025-06-04 03:31:47,Patch,30,tech024,Database service restarted after crash.
1966,2,2025-01-18 17:51:36,Security,313,tech016,Replaced faulty NIC and tested connectivity.
1967,3,2024-12-24 15:14:47,Security,215,tech043,Updated TLS certificates.
1968,0,2024-03-31 00:53:53,Upgrade,294,tech030,Server rebooted successfully.
1969,1,2024-04-12 13:27:15,Patch,280,tech032,Checked disk health; replaced failing disk.
1970,0,2024-09-25 02:32:38,Upgrade,47,tech049,Database service restarted after crash.
1971,1,2025-06-09 19:28:20,Upgrade,175,tech002,Replaced faulty NIC and tested connectivity.
1972,0,2024-03-29 12:19:59,Upgrade,151,tech023,Updated TLS certificates.
1973,1,2025-05-03 13:17:22,Network,380,tech008,Checked disk health; replaced failing disk.
1974,2,2024-11-16 13:24:52,Network,366,tech049,Updated TLS certificates.
1975,3,2024-05-21 14:22:50,Upgrade,407,tech027,Adjusted firewall rules.
1976,4,2025-04-16 06:12:52,Patch,122,tech028,Updated TLS certificates.
1977,0,2024-02-16 18:17:15,Incident,408,tech015,Adjusted firewall rules.
1978,1,2025-05-12 22:43:11,Network,67,tech013,Updated TLS certificates.
1979,2,2024-01-13 12:21:33,Incident,326,tech018,Checked disk health; replaced failing disk.
1980,3,2025-02-20 22:49:55,Patch,247,tech033,Updated TLS certificates.
1981,4,2024-09-29 04:39:15,Network,414,tech002,Replaced faulty NIC and tested connectivity.
1982,5,2025-06-03 00:35:58,Security,165,tech012,Replaced faulty NIC and tested connectivity.
1983,0,2024-05-16 00:51:16,Security,55,tech001,Applied security patch and verified.
1984,1,2024-12-24 21:53:56,Upgrade,355,tech024,Performed kernel update and rebooted.
1985,2,2025-06-02 08:03:33,Upgrade,167,tech034,Updated TLS certificates.
1986,0,2024-11-14 20:02:45,Patch,392,tech005,Performed kernel update and rebooted.
1987,1,2024-01-07 16:52:19,Patch,384,tech033,Database service restarted after crash.
1988,2,2025-07-21 07:44:26,Incident,372,tech046,Applied security patch and verified.
1989,0,2024-10-03 06:51:37,Security,220,tech045,Adjusted firewall rules.
1990,1,2024-12-13 09:55:08,Patch,213,tech001,Replaced faulty NIC and tested connectivity.
1991,0,2024-04-06 23:03:10,Network,134,tech017,Replaced faulty NIC and tested connectivity.
1992,1,2025-05-04 22:59:25,Upgrade,341,tech002,Adjusted firewall rules.
1993,0,2024-08-23 05:03:56,Upgrade,399,tech025,Updated TLS certificates.
1994,1,2024-03-13 11:51:54,Patch,12,tech025,Adjusted firewall rules.
1995,0,2024-08-03 01:43:15,Network,84,tech033,Updated TLS certificates.
1996,1,2024-12-27 02:55:08,Upgrade,348,tech047,Server rebooted successfully.
1997,2,2025-06-22 09:50:21,Network,92,tech044,Adjusted firewall rules.
1998,3,2025-03-01 00:27:44,Incident,318,tech019,Checked disk health; replaced failing disk.
1999,4,2024-02-02 08:46:53,Network,352,tech018,Replaced faulty NIC and tested connectivity.
2000,0,2024-05-16 04:58:13,Security,124,tech027,Server rebooted successfully.
2001,0,2024-05-22 12:42:25,Upgrade,405,tech046,Database service restarted after crash.
2002,1,2024-11-06 01:32:40,Upgrade,346,tech016,Checked disk health; replaced failing disk.
2003,2,2024-05-26 01:43:24,Incident,20,tech013,Performed kernel update and rebooted.
2004,0,2024-07-03 23:36:55,Security,75,tech008,Updated TLS certificates.
2005,1,2025-03-13 10:53:08,Incident,36,tech028,Database service restarted after crash.
2006,0,2025-01-04 10:19:49,Security,128,tech031,Replaced faulty NIC and tested connectivity.
2007,1,2024-12-07 13:45:56,Network,222,tech018,Adjusted firewall rules.
2008,2,2024-11-29 07:56:17,Network,264,tech024,Performed kernel update and rebooted.
2009,3,2025-03-09 05:17:23,Upgrade,232,tech041,Adjusted firewall rules.
2010,0,2024-07-14 13:54:39,Patch,135,tech042,Database service restarted after crash.
2011,1,2024-10-31 20:29:45,Patch,215,tech007,Checked disk health; replaced failing disk.
2012,2,2025-06-24 22:41:11,Network,64,tech002,Replaced faulty NIC and tested connectivity.
2013,0,2024-07-21 17:04:47,Incident,341,tech036,Adjusted firewall rules.
2014,1,2025-02-25 00:55:17,Patch,106,tech019,Updated TLS certificates.
2015,2,2024-06-19 10:20:55,Security,357,tech031,Server rebooted successfully.
2016,3,2024-01-16 21:40:13,Incident,182,tech017,Server rebooted successfully.
2017,0,2024-11-09 17:45:18,Patch,249,tech048,Applied security patch and verified.
2018,1,2025-02-11 12:24:12,Security,347,tech038,Checked disk health; replaced failing disk.
2019,0,2024-01-08 11:39:12,Incident,33,tech037,Applied security patch and verified.
2020,1,2024-11-11 08:27:04,Security,141,tech048,Performed kernel update and rebooted.
2021,2,2024-10-27 19:08:54,Patch,215,tech007,Server rebooted successfully.
2022,3,2024-07-16 08:53:57,Security,128,tech030,Server rebooted successfully.
2023,0,2025-01-18 01:50:32,Upgrade,307,tech014,Replaced faulty NIC and tested connectivity.
2024,0,2024-11-07 21:48:07,Network,45,tech039,Server rebooted successfully.
2025,1,2024-04-17 15:00:14,Security,183,tech004,Adjusted firewall rules.
2026,2,2025-05-23 08:08:23,Network,280,tech049,Replaced faulty NIC and tested connectivity.
2027,3,2024-02-13 19:11:10,Patch,309,tech018,Server rebooted successfully.
2028,0,2024-07-11 03:12:58,Security,241,tech017,Applied security patch and verified.
2029,0,2024-10-21 12:12:56,Security,191,tech049,Performed kernel update and rebooted.
2030,1,2025-03-18 04:32:19,Patch,320,tech027,Adjusted firewall rules.
2031,0,2024-10-13 21:17:22,Security,90,tech037,Database service restarted after crash.
2032,1,2025-06-14 12:28:31,Security,155,tech044,Adjusted firewall rules.
2033,2,2025-09-22 22:51:37,Network,65,tech002,Replaced faulty NIC and tested connectivity.
2034,0,2025-08-12 01:56:50,Upgrade,403,tech019,Performed kernel update and rebooted.
2035,1,2025-01-11 09:50:09,Network,367,tech047,Replaced faulty NIC and tested connectivity.
2036,2,2024-11-16 13:37:18,Incident,329,tech011,Replaced faulty NIC and tested connectivity.
2037,3,2024-01-17 04:16:12,Upgrade,324,tech011,Performed kernel update and rebooted.
2038,4,2025-05-22 23:52:10,Network,380,tech029,Database service restarted after crash.
2039,0,2024-09-14 13:15:37,Incident,420,tech046,Adjusted firewall rules.
2040,0,2024-12-08 13:42:14,Patch,175,tech036,Adjusted firewall rules.
2041,1,2024-12-01 05:14:33,Network,317,tech041,Adjusted firewall rules.
2042,2,2024-03-09 12:57:10,Incident,283,tech036,Performed kernel update and rebooted.
2043,3,2024-08-09 18:52:32,Upgrade,283,tech033,Checked disk health; replaced failing disk.
2044,0,2025-03-09 21:29:16,Incident,171,tech031,Replaced faulty NIC and tested connectivity.
2045,0,2024-05-24 13:49:21,Patch,192,tech008,Server rebooted successfully.
2046,0,2024-10-15 05:25:10,Incident,350,tech007,Applied security patch and verified.
2047,1,2024-12-09 11:41:11,Network,311,tech047,Server rebooted successfully.
2048,0,2024-02-09 18:39:44,Incident,59,tech035,Server rebooted successfully.
2049,0,2025-08-19 16:02:48,Patch,271,tech021,Replaced faulty NIC and tested connectivity.
2050,1,2024-10-05 17:33:45,Security,403,tech038,Updated TLS certificates.
2051,2,2025-07-18 00:07:56,Patch,352,tech014,Adjusted firewall rules.
2052,3,2024-03-26 05:24:15,Network,280,tech046,Adjusted firewall rules.
2053,0,2024-10-01 05:08:30,Incident,375,tech016,Performed kernel update and rebooted.
2054,1,2024-12-10 15:51:07,Patch,392,tech045,Performed kernel update and rebooted.
2055,0,2024-01-04 06:27:52,Security,39,tech020,Adjusted firewall rules.
2056,1,2024-04-19 04:06:01,Incident,361,tech048,Database service restarted after crash.
2057,0,2024-06-12 15:17:23,Incident,419,tech024,Checked disk health; replaced failing disk.
2058,1,2025-09-12 08:46:40,Patch,140,tech004,Replaced faulty NIC and tested connectivity.
2059,2,2024-01-19 09:58:44,Network,62,tech050,Applied security patch and verified.
2060,3,2025-03-19 00:08:44,Incident,244,tech002,Performed kernel update and rebooted.
2061,4,2024-11-25 14:09:51,Security,315,tech036,Server rebooted successfully.
2062,0,2024-10-17 08:07:47,Incident,378,tech026,Database service restarted after crash.
2063,1,2024-09-15 05:48:01,Security,334,tech012,Applied security patch and verified.
2064,0,2025-08-29 01:13:55,Incident,63,tech049,Adjusted firewall rules.
2065,0,2024-09-05 07:52:30,Upgrade,182,tech035,Performed kernel update and rebooted.
2066,1,2024-10-10 22:56:23,Patch,24,tech013,Server rebooted successfully.
2067,0,2025-02-18 04:25:39,Network,228,tech045,Applied security patch and verified.
2068,1,2024-11-05 15:25:14,Incident,244,tech021,Checked disk health; replaced failing disk.
2069,2,2025-07-18 16:59:14,Network,417,tech011,Database service restarted after crash.
2070,3,2025-02-03 00:28:52,Incident,192,tech033,Applied security patch and verified.
2071,4,2024-10-21 12:34:08,Patch,398,tech020,Server rebooted successfully.
2072,5,2024-06-06 16:39:29,Patch,108,tech012,Checked disk health; replaced failing disk.
2073,0,2024-08-03 12:54:25,Upgrade,171,tech020,Performed kernel update and rebooted.
2074,1,2024-11-20 19:54:20,Network,174,tech050,Replaced faulty NIC and tested connectivity.
2075,2,2024-09-25 18:56:20,Network,237,tech036,Replaced faulty NIC and tested connectivity.
2076,3,2024-05-28 22:42:46,Network,219,tech018,Database service restarted after crash.
2077,4,2025-03-08 12:53:01,Incident,184,tech043,Applied security patch and verified.
2078,5,2025-06-27 12:12:47,Patch,73,tech016,Server rebooted successfully.
2079,0,2024-04-04 15:27:07,Upgrade,46,tech038,Performed kernel update and rebooted.
2080,1,2025-01-25 22:54:23,Incident,250,tech043,Applied security patch and verified.
2081,2,2025-06-02 16:22:17,Upgrade,42,tech005,Server rebooted successfully.
2082,0,2025-03-21 08:07:07,Upgrade,251,tech022,Replaced faulty NIC and tested connectivity.
2083,1,2025-07-20 09:09:04,Security,9,tech039,Applied security patch and verified.
2084,2,2025-04-25 21:30:22,Incident,415,tech030,Server rebooted successfully.
2085,0,2024-08-18 10:28:13,Upgrade,104,tech043,Replaced faulty NIC and tested connectivity.
2086,1,2024-10-28 22:56:34,Incident,24,tech012,Adjusted firewall rules.
2087,2,2024-08-10 22:46:55,Incident,121,tech006,Applied security patch and verified.
2088,0,2024-06-02 01:31:13,Incident,290,tech020,Server rebooted successfully.
2089,1,2024-11-13 18:54:05,Patch,323,tech001,Checked disk health; replaced failing disk.
2090,0,2024-12-08 10:38:46,Security,368,tech014,Applied security patch and verified.
2091,1,2025-04-23 05:52:31,Security,372,tech030,Checked disk health; replaced failing disk.
2092,2,2024-07-06 20:18:56,Patch,105,tech046,Updated TLS certificates.
2093,3,2024-05-08 17:06:45,Network,100,tech016,Updated TLS certificates.
2094,4,2024-11-17 02:59:51,Incident,6,tech011,Database service restarted after crash.
2095,5,2024-09-30 15:55:47,Security,193,tech009,Database service restarted after crash.
2096,0,2024-05-03 03:10:12,Upgrade,203,tech011,Server rebooted successfully.
2097,1,2024-01-13 19:43:24,Security,270,tech036,Updated TLS certificates.
2098,2,2025-01-17 16:01:47,Incident,245,tech026,Checked disk health; replaced failing disk.
2099,3,2024-02-04 13:14:31,Network,131,tech047,Adjusted firewall rules.
2100,0,2025-08-09 13:18:00,Security,252,tech040,Checked disk health; replaced failing disk.
2101,1,2024-01-24 18:33:44,Upgrade,135,tech026,Adjusted firewall rules.
2102,0,2025-02-28 00:19:01,Network,149,tech006,Adjusted firewall rules.
2103,1,2024-11-27 08:39:18,Patch,26,tech009,Server rebooted successfully.
2104,2,2024-10-22 18:38:56,Network,208,tech012,Database service restarted after crash.
2105,3,2025-07-14 04:39:56,Incident,86,tech025,Server rebooted successfully.
2106,4,2025-02-09 01:59:36,Upgrade,230,tech010,Performed kernel update and rebooted.
2107,0,2025-04-13 18:16:44,Security,384,tech001,Performed kernel update and rebooted.
2108,1,2024-06-05 16:05:10,Incident,81,tech027,Database service restarted after crash.
2109,0,2025-04-26 15:30:13,Security,114,tech042,Applied security patch and verified.
2110,1,2024-08-29 10:05:44,Incident,373,tech032,Checked disk health; replaced failing disk.
2111,0,2024-08-30 21:44:09,Patch,241,tech012,Server rebooted successfully.
2112,1,2025-05-19 20:45:22,Security,272,tech004,Adjusted firewall rules.
2113,2,2024-09-03 16:53:55,Patch,248,tech028,Database service restarted after crash.
2114,3,2024-04-12 21:28:17,Network,84,tech029,Checked disk health; replaced failing disk.
2115,4,2024-01-02 15:55:52,Network,413,tech004,Database service restarted after crash.
2116,0,2024-02-17 05:32:11,Patch,404,tech019,Replaced faulty NIC and tested connectivity.
2117,1,2025-01-06 08:16:04,Upgrade,28,tech015,Updated TLS certificates.
2118,2,2024-10-02 06:18:21,Upgrade,282,tech044,Updated TLS certificates.
2119,3,2024-10-17 20:45:39,Incident,242,tech027,Updated TLS certificates.
2120,4,2024-04-17 22:40:21,Incident,128,tech014,Applied security patch and verified.
2121,5,2025-07-05 08:44:16,Security,414,tech008,Database service restarted after crash.
2122,6,2025-08-24 10:22:06,Upgrade,169,tech015,Updated TLS certificates.
2123,7,2024-07-18 20:10:16,Patch,203,tech013,Adjusted firewall rules.
2124,0,2025-01-27 11:43:04,Upgrade,275,tech017,Checked disk health; replaced failing disk.
2125,1,2024-07-26 06:53:52,Patch,103,tech029,Performed kernel update and rebooted.
2126,2,2024-07-08 13:46:12,Incident,378,tech028,Updated TLS certificates.
2127,3,2024-09-30 02:44:35,Network,375,tech038,Adjusted firewall rules.
2128,4,2024-07-12 12:43:04,Network,157,tech047,Checked disk health; replaced failing disk.
2129,0,2024-08-08 20:36:23,Patch,260,tech036,Applied security patch and verified.
2130,1,2024-03-17 16:01:11,Patch,20,tech020,Checked disk health; replaced failing disk.
2131,2,2024-08-26 19:28:27,Patch,371,tech019,Updated TLS certificates.
2132,3,2024-10-07 21:58:13,Upgrade,266,tech046,Database service restarted after crash.
2133,0,2025-04-11 13:01:42,Incident,203,tech001,Database service restarted after crash.
2134,1,2024-06-24 08:49:36,Network,192,tech006,Server rebooted successfully.
2135,2,2025-03-30 05:36:59,Incident,231,tech046,Checked disk health; replaced failing disk.
2136,3,2024-05-25 23:05:07,Network,176,tech006,Replaced faulty NIC and tested connectivity.
2137,0,2024-07-08 09:48:34,Security,156,tech010,Adjusted firewall rules.
2138,1,2024-09-25 09:08:24,Network,384,tech019,Server rebooted successfully.
2139,0,2024-06-16 13:19:01,Security,130,tech015,Server rebooted successfully.
2140,1,2024-10-04 08:43:27,Patch,177,tech012,Updated TLS certificates.
2141,2,2024-12-13 21:03:49,Network,365,tech018,Updated TLS certificates.
2142,3,2025-05-17 16:03:28,Incident,102,tech040,Checked disk health; replaced failing disk.
2143,0,2024-05-24 22:48:12,Security,194,tech020,Performed kernel update and rebooted.
2144,1,2025-03-18 17:27:23,Incident,414,tech030,Checked disk health; replaced failing disk.
2145,0,2025-03-19 16:29:59,Patch,181,tech041,Performed kernel update and rebooted.
2146,1,2025-06-16 15:06:15,Patch,25,tech034,Server rebooted successfully.
2147,2,2025-06-18 10:00:21,Patch,398,tech011,Server rebooted successfully.
2148,0,2025-06-21 06:45:32,Patch,204,tech021,Database service restarted after crash.
2149,1,2025-04-21 02:05:39,Incident,229,tech040,Applied security patch and verified.
2150,2,2024-08-10 13:32:27,Security,404,tech036,Server rebooted successfully.
2151,3,2025-07-15 14:04:04,Patch,273,tech046,Server rebooted successfully.
2152,0,2025-08-11 10:13:55,Network,69,tech022,Database service restarted after crash.
2153,1,2025-04-01 18:41:23,Patch,26,tech021,Checked disk health; replaced failing disk.
2154,2,2025-09-09 18:28:38,Incident,268,tech013,Performed kernel update and rebooted.
2155,0,2025-08-21 19:52:02,Incident,249,tech001,Replaced faulty NIC and tested connectivity.
2156,1,2025-08-19 11:34:28,Incident,74,tech011,Replaced faulty NIC and tested connectivity.
2157,0,2024-02-28 22:14:25,Security,263,tech029,Applied security patch and verified.
2158,1,2025-03-29 08:33:26,Security,308,tech018,Server rebooted successfully.
2159,2,2024-11-10 07:33:47,Upgrade,329,tech046,Database service restarted after crash.
2160,3,2024-01-25 02:10:27,Upgrade,316,tech001,Checked disk health; replaced failing disk.
2161,4,2024-08-29 16:58:48,Network,75,tech034,Database service restarted after crash.
2162,0,2025-01-04 17:04:17,Upgrade,292,tech025,Database service restarted after crash.
2163,1,2024-04-14 02:52:13,Incident,371,tech032,Database service restarted after crash.
2164,0,2024-07-23 11:30:46,Upgrade,274,tech027,Applied security patch and verified.
2165,0,2024-04-24 15:23:59,Security,399,tech031,Server rebooted successfully.
2166,1,2024-06-29 04:31:57,Upgrade,150,tech031,Server rebooted successfully.
2167,0,2024-07-28 01:00:01,Upgrade,110,tech046,Replaced faulty NIC and tested connectivity.
2168,1,2024-08-22 15:10:25,Patch,34,tech036,Updated TLS certificates.
2169,0,2024-03-26 10:37:31,Security,368,tech006,Applied security patch and verified.
2170,1,2024-11-01 07:35:47,Security,390,tech021,Database service restarted after crash.
2171,0,2024-12-21 10:29:02,Security,352,tech019,Adjusted firewall rules.
2172,1,2025-02-11 03:40:37,Network,12,tech020,Server rebooted successfully.
2173,2,2024-06-03 15:47:41,Patch,254,tech008,Replaced faulty NIC and tested connectivity.
2174,0,2024-10-12 23:59:24,Network,304,tech043,Checked disk health; replaced failing disk.
2175,1,2024-08-31 00:12:35,Security,211,tech044,Performed kernel update and rebooted.
2176,0,2024-09-29 18:45:13,Upgrade,272,tech009,Checked disk health; replaced failing disk.
2177,1,2024-11-05 15:07:04,Patch,121,tech009,Performed kernel update and rebooted.
2178,2,2024-03-20 14:59:26,Incident,301,tech033,Server rebooted successfully.
2179,0,2025-07-25 13:44:31,Security,156,tech006,Applied security patch and verified.
2180,1,2025-07-08 12:30:32,Incident,285,tech030,Server rebooted successfully.
2181,2,2025-03-15 22:44:43,Incident,50,tech006,Server rebooted successfully.
2182,0,2024-01-02 00:51:52,Upgrade,164,tech045,Replaced faulty NIC and tested connectivity.
2183,1,2025-04-06 00:49:11,Patch,16,tech009,Updated TLS certificates.
2184,2,2025-08-16 09:48:29,Patch,70,tech049,Adjusted firewall rules.
2185,3,2025-05-15 04:26:10,Security,244,tech013,Database service restarted after crash.
2186,0,2024-01-21 20:04:17,Patch,83,tech026,Applied security patch and verified.
2187,1,2025-03-24 14:42:43,Incident,264,tech041,Server rebooted successfully.
2188,2,2025-05-22 00:07:55,Patch,237,tech031,Server rebooted successfully.
2189,0,2024-12-29 22:26:38,Incident,363,tech041,Server rebooted successfully.
2190,1,2024-04-25 11:52:51,Incident,77,tech043,Database service restarted after crash.
2191,2,2025-03-17 15:09:35,Upgrade,22,tech044,Server rebooted successfully.
2192,3,2024-11-21 02:02:14,Patch,50,tech039,Server rebooted successfully.
2193,0,2024-08-18 10:44:42,Upgrade,84,tech006,Replaced faulty NIC and tested connectivity.
2194,1,2024-07-16 00:22:36,Patch,320,tech037,Performed kernel update and rebooted.
2195,0,2025-09-10 01:07:25,Upgrade,148,tech003,Replaced faulty NIC and tested connectivity.
2196,0,2024-07-27 14:38:26,Upgrade,73,tech010,Database service restarted after crash.
2197,1,2024-11-30 00:43:40,Upgrade,231,tech037,Adjusted firewall rules.
2198,0,2024-06-04 15:46:25,Security,174,tech048,Updated TLS certificates.
2199,1,2024-02-13 03:38:49,Network,198,tech014,Adjusted firewall rules.
2200,2,2024-11-24 05:43:55,Upgrade,333,tech006,Applied security patch and verified.
2201,3,2024-02-10 09:15:48,Security,163,tech009,Replaced faulty NIC and tested connectivity.
2202,4,2025-07-25 20:23:00,Security,413,tech001,Adjusted firewall rules.
2203,0,2024-08-12 21:52:03,Patch,117,tech024,Adjusted firewall rules.
2204,1,2024-09-06 00:37:19,Patch,306,tech043,Adjusted firewall rules.
2205,0,2024-08-20 00:22:51,Upgrade,44,tech016,Performed kernel update and rebooted.
2206,1,2024-07-01 12:15:17,Upgrade,327,tech028,Applied security patch and verified.
2207,0,2024-12-04 05:24:36,Incident,167,tech018,Updated TLS certificates.
2208,0,2024-07-19 10:19:02,Incident,102,tech038,Applied security patch and verified.
2209,1,2025-09-20 08:29:41,Incident,5,tech028,Adjusted firewall rules.
2210,2,2025-09-25 16:52:54,Upgrade,352,tech010,Adjusted firewall rules.
2211,0,2024-02-27 10:24:40,Patch,82,tech007,Updated TLS certificates.
2212,1,2025-07-11 06:18:30,Patch,222,tech031,Performed kernel update and rebooted.
2213,0,2025-06-06 19:24:45,Network,406,tech013,Applied security patch and verified.
2214,1,2025-01-25 22:52:36,Upgrade,384,tech020,Replaced faulty NIC and tested connectivity.
2215,0,2025-03-01 04:36:28,Incident,320,tech009,Updated TLS certificates.
2216,1,2024-01-18 04:14:43,Patch,368,tech022,Replaced faulty NIC and tested connectivity.
2217,2,2024-01-24 01:55:50,Security,397,tech041,Performed kernel update and rebooted.
2218,3,2025-06-30 04:11:23,Security,252,tech027,Database service restarted after crash.
2219,0,2024-05-06 17:03:43,Incident,234,tech026,Updated TLS certificates.
2220,1,2025-07-17 01:08:46,Network,153,tech013,Database service restarted after crash.
2221,2,2025-06-01 10:29:06,Incident,378,tech003,Adjusted firewall rules.
2222,3,2024-09-17 14:49:44,Incident,183,tech048,Performed kernel update and rebooted.
2223,0,2024-07-31 08:45:58,Network,409,tech022,Database service restarted after crash.
2224,1,2024-02-16 05:11:10,Incident,31,tech016,Updated TLS certificates.
2225,0,2024-09-06 20:14:05,Network,195,tech021,Server rebooted successfully.
2226,1,2024-06-11 17:42:07,Incident,301,tech008,Adjusted firewall rules.
2227,2,2024-02-06 04:54:09,Incident,274,tech023,Adjusted firewall rules.
2228,3,2024-05-25 05:33:01,Patch,276,tech016,Performed kernel update and rebooted.
2229,4,2024-05-08 18:16:20,Upgrade,95,tech036,Updated TLS certificates.
2230,5,2024-08-21 12:23:40,Security,143,tech025,Applied security patch and verified.
2231,6,2025-04-20 08:42:57,Incident,287,tech021,Replaced faulty NIC and tested connectivity.
2232,0,2024-01-27 21:56:27,Incident,376,tech002,Updated TLS certificates.
2233,1,2024-03-12 20:04:11,Patch,278,tech012,Adjusted firewall rules.
2234,2,2024-03-06 22:47:01,Security,229,tech026,Replaced faulty NIC and tested connectivity.
2235,3,2024-04-27 09:34:00,Network,341,tech047,Performed kernel update and rebooted.
2236,4,2024-08-07 14:38:15,Upgrade,257,tech042,Applied security patch and verified.
2237,0,2024-10-25 02:19:30,Network,347,tech050,Checked disk health; replaced failing disk.
2238,1,2025-08-20 05:27:54,Network,361,tech013,Performed kernel update and rebooted.
2239,0,2024-08-13 03:50:17,Patch,116,tech022,Updated TLS certificates.
2240,0,2024-09-18 15:24:10,Incident,51,tech018,Applied security patch and verified.
2241,1,2025-01-11 21:07:00,Incident,205,tech008,Checked disk health; replaced failing disk.
2242,0,2025-05-24 11:59:13,Upgrade,71,tech012,Checked disk health; replaced failing disk.
2243,1,2024-01-09 21:31:59,Upgrade,283,tech023,Applied security patch and verified.
2244,2,2024-10-17 05:04:07,Patch,419,tech046,Performed kernel update and rebooted.
2245,3,2024-01-14 03:32:39,Security,204,tech029,Server rebooted successfully.
2246,0,2025-02-26 08:00:06,Incident,227,tech034,Updated TLS certificates.
2247,1,2024-12-14 05:30:39,Upgrade,391,tech035,Updated TLS certificates.
2248,2,2024-01-11 18:42:49,Security,367,tech023,Server rebooted successfully.
2249,3,2025-02-15 08:18:15,Upgrade,162,tech007,Updated TLS certificates.
2250,0,2024-12-27 09:48:35,Patch,392,tech003,Applied security patch and verified.
2251,1,2024-07-09 23:59:46,Upgrade,29,tech004,Database service restarted after crash.
2252,2,2025-05-02 05:42:54,Upgrade,143,tech034,Updated TLS certificates.
2253,3,2025-03-21 00:32:36,Network,191,tech006,Database service restarted after crash.
2254,0,2025-05-11 04:36:00,Incident,361,tech021,Updated TLS certificates.
2255,1,2024-08-18 13:14:49,Network,86,tech040,Updated TLS certificates.
2256,2,2024-07-10 10:01:52,Network,95,tech017,Database service restarted after crash.
2257,3,2024-10-07 00:08:56,Incident,214,tech031,Updated TLS certificates.
2258,0,2024-12-31 01:47:37,Incident,358,tech015,Database service restarted after crash.
2259,0,2025-06-25 07:16:45,Network,103,tech010,Checked disk health; replaced failing disk.
2260,1,2025-04-21 10:36:44,Incident,50,tech036,Adjusted firewall rules.
2261,2,2025-02-25 05:17:18,Security,104,tech032,Checked disk health; replaced failing disk.
2262,3,2024-10-13 20:04:43,Network,343,tech046,Updated TLS certificates.
2263,0,2024-06-18 01:28:11,Security,404,tech017,Replaced faulty NIC and tested connectivity.
2264,1,2025-04-03 17:36:32,Incident,128,tech002,Server rebooted successfully.
2265,0,2025-03-07 23:37:37,Security,407,tech019,Server rebooted successfully.
2266,1,2025-05-22 06:49:15,Network,159,tech006,Replaced faulty NIC and tested connectivity.
2267,2,2024-10-23 05:41:36,Incident,337,tech007,Database service restarted after crash.
2268,0,2024-12-02 04:57:49,Upgrade,384,tech020,Updated TLS certificates.
2269,1,2024-02-26 18:23:51,Security,135,tech011,Server rebooted successfully.
2270,2,2024-12-19 00:03:52,Upgrade,21,tech032,Replaced faulty NIC and tested connectivity.
2271,3,2024-10-18 16:18:49,Security,81,tech030,Adjusted firewall rules.
2272,0,2025-02-18 22:32:17,Upgrade,229,tech002,Replaced faulty NIC and tested connectivity.
2273,1,2024-07-03 04:14:10,Network,245,tech047,Adjusted firewall rules.
2274,2,2025-08-21 04:16:07,Upgrade,384,tech049,Server rebooted successfully.
2275,0,2025-01-19 21:39:56,Security,153,tech013,Replaced faulty NIC and tested connectivity.
2276,1,2024-10-04 03:25:55,Patch,182,tech022,Database service restarted after crash.
2277,0,2024-05-26 18:33:32,Incident,125,tech043,Updated TLS certificates.
2278,0,2024-06-30 07:43:07,Incident,109,tech049,Server rebooted successfully.
2279,1,2025-08-07 21:32:00,Patch,220,tech049,Adjusted firewall rules.
2280,0,2025-08-16 20:32:17,Incident,279,tech038,Database service restarted after crash.
2281,0,2025-02-27 11:04:25,Upgrade,159,tech030,Performed kernel update and rebooted.
2282,0,2024-12-02 05:42:17,Upgrade,21,tech043,Replaced faulty NIC and tested connectivity.
2283,1,2025-01-18 07:07:49,Patch,368,tech048,Applied security patch and verified.
2284,0,2025-08-08 05:12:06,Upgrade,399,tech039,Updated TLS certificates.
2285,1,2025-07-13 12:17:49,Patch,388,tech040,Updated TLS certificates.
2286,2,2025-07-07 13:42:53,Network,39,tech021,Performed kernel update and rebooted.
2287,0,2025-05-22 03:48:22,Network,173,tech032,Performed kernel update and rebooted.
2288,1,2025-03-26 01:55:59,Upgrade,92,tech008,Adjusted firewall rules.
2289,2,2024-02-03 21:10:46,Security,335,tech033,Database service restarted after crash.
2290,3,2025-03-23 06:57:34,Incident,251,tech019,Database service restarted after crash.
2291,0,2024-03-15 18:25:48,Security,94,tech001,Replaced faulty NIC and tested connectivity.
2292,1,2024-02-24 22:48:17,Network,59,tech038,Checked disk health; replaced failing disk.
2293,0,2024-05-21 17:06:11,Network,274,tech023,Performed kernel update and rebooted.
2294,1,2025-01-31 10:47:14,Patch,284,tech038,Replaced faulty NIC and tested connectivity.
2295,2,2024-03-09 11:09:31,Security,278,tech026,Checked disk health; replaced failing disk.
2296,3,2025-03-26 13:20:06,Patch,83,tech033,Replaced faulty NIC and tested connectivity.
2297,0,2025-02-28 11:01:36,Incident,70,tech007,Performed kernel update and rebooted.
2298,1,2025-04-13 14:44:54,Incident,368,tech018,Updated TLS certificates.
2299,0,2024-12-24 01:19:05,Patch,303,tech038,Performed kernel update and rebooted.
2300,1,2024-12-17 01:04:59,Patch,41,tech013,Applied security patch and verified.
2301,2,2024-08-26 08:47:06,Upgrade,375,tech019,Applied security patch and verified.
2302,3,2024-02-04 11:40:41,Security,154,tech039,Updated TLS certificates.
2303,4,2025-08-26 12:08:36,Incident,18,tech044,Database service restarted after crash.
2304,0,2024-11-03 22:52:15,Patch,398,tech030,Applied security patch and verified.
2305,1,2024-04-06 23:55:26,Upgrade,226,tech011,Replaced faulty NIC and tested connectivity.
2306,2,2025-03-11 13:29:10,Incident,84,tech024,Server rebooted successfully.
2307,3,2025-09-28 12:03:03,Patch,205,tech042,Applied security patch and verified.
2308,4,2024-10-07 19:22:53,Incident,104,tech040,Replaced faulty NIC and tested connectivity.
2309,0,2024-03-24 15:01:54,Upgrade,82,tech046,Performed kernel update and rebooted.
2310,1,2024-05-06 11:14:25,Incident,20,tech024,Replaced faulty NIC and tested connectivity.
2311,2,2024-05-30 17:20:09,Upgrade,256,tech001,Replaced faulty NIC and tested connectivity.
2312,0,2025-07-30 19:34:25,Patch,254,tech021,Applied security patch and verified.
2313,1,2024-07-16 20:03:52,Upgrade,208,tech007,Applied security patch and verified.
2314,2,2024-05-29 19:07:36,Network,98,tech046,Adjusted firewall rules.
2315,3,2024-08-17 05:44:17,Patch,308,tech043,Database service restarted after crash.
2316,0,2025-04-07 16:28:10,Security,364,tech029,Server rebooted successfully.
2317,0,2024-11-04 02:33:35,Patch,305,tech043,Database service restarted after crash.
2318,1,2024-09-09 08:21:53,Patch,47,tech030,Updated TLS certificates.
2319,0,2025-02-14 19:37:32,Patch,405,tech024,Database service restarted after crash.
2320,0,2024-01-03 15:06:28,Network,80,tech013,Database service restarted after crash.
2321,1,2025-01-12 06:44:51,Upgrade,30,tech016,Replaced faulty NIC and tested connectivity.
2322,2,2024-04-03 09:11:37,Security,330,tech027,Replaced faulty NIC and tested connectivity.
2323,3,2025-07-14 12:57:01,Upgrade,309,tech012,Database service restarted after crash.
2324,0,2025-09-04 01:12:41,Security,65,tech017,Applied security patch and verified.
2325,1,2025-07-26 02:04:49,Security,247,tech049,Server rebooted successfully.
2326,2,2024-09-26 21:16:10,Security,417,tech036,Server rebooted successfully.
2327,0,2024-11-13 01:39:43,Network,373,tech041,Adjusted firewall rules.
2328,1,2025-06-23 03:10:33,Upgrade,60,tech015,Server rebooted successfully.
2329,0,2024-04-03 23:35:51,Incident,104,tech036,Replaced faulty NIC and tested connectivity.
2330,1,2025-03-21 05:33:19,Incident,355,tech044,Updated TLS certificates.
2331,0,2024-07-18 06:58:48,Patch,343,tech019,Performed kernel update and rebooted.
2332,1,2024-02-21 01:10:58,Incident,39,tech034,Updated TLS certificates.
2333,2,2024-08-11 00:18:54,Upgrade,261,tech003,Server rebooted successfully.
2334,3,2025-08-27 23:55:36,Security,62,tech020,Database service restarted after crash.
2335,4,2024-04-03 05:38:24,Security,196,tech027,Server rebooted successfully.
2336,0,2024-02-08 04:48:38,Network,100,tech008,Server rebooted successfully.
2337,1,2024-09-03 12:39:05,Security,160,tech005,Checked disk health; replaced failing disk.
2338,2,2024-12-05 00:28:35,Network,53,tech043,Applied security patch and verified.
2339,3,2024-02-05 23:43:51,Security,78,tech020,Applied security patch and verified.
2340,4,2024-07-09 18:31:34,Network,112,tech003,Server rebooted successfully.
2341,0,2025-06-26 13:40:19,Security,419,tech024,Adjusted firewall rules.
2342,1,2025-06-16 23:07:43,Security,273,tech033,Applied security patch and verified.
2343,2,2024-12-08 11:44:54,Network,157,tech004,Applied security patch and verified.
2344,0,2025-02-23 18:40:27,Security,97,tech050,Updated TLS certificates.
2345,1,2025-04-23 09:14:48,Patch,285,tech003,Adjusted firewall rules.
2346,2,2024-12-17 17:14:56,Network,364,tech033,Adjusted firewall rules.
2347,0,2024-08-14 09:48:16,Upgrade,216,tech027,Adjusted firewall rules.
2348,1,2024-01-02 21:04:56,Upgrade,415,tech048,Database service restarted after crash.
2349,2,2025-09-15 01:12:01,Security,399,tech039,Replaced faulty NIC and tested connectivity.
2350,0,2025-03-27 06:13:08,Security,285,tech042,Replaced faulty NIC and tested connectivity.
2351,1,2025-04-14 12:49:22,Network,214,tech047,Applied security patch and verified.
2352,2,2024-06-05 16:09:36,Incident,314,tech018,Performed kernel update and rebooted.
2353,3,2024-05-05 10:18:28,Incident,384,tech011,Adjusted firewall rules.
2354,0,2024-09-01 01:15:49,Network,157,tech045,Updated TLS certificates.
2355,1,2024-07-18 20:46:58,Upgrade,245,tech032,Applied security patch and verified.
2356,0,2024-02-27 06:40:28,Incident,82,tech023,Server rebooted successfully.
2357,1,2024-02-04 20:59:17,Upgrade,132,tech018,Performed kernel update and rebooted.
2358,2,2025-05-13 16:08:11,Upgrade,389,tech019,Server rebooted successfully.
2359,0,2025-02-27 07:01:42,Incident,187,tech032,Performed kernel update and rebooted.
2360,1,2024-01-31 00:29:38,Network,24,tech033,Server rebooted successfully.
2361,2,2024-10-06 12:56:52,Security,187,tech009,Performed kernel update and rebooted.
2362,3,2024-11-08 02:38:06,Patch,279,tech041,Updated TLS certificates.
2363,4,2024-06-28 22:54:55,Upgrade,31,tech038,Replaced faulty NIC and tested connectivity.
2364,5,2024-12-20 09:05:26,Network,91,tech031,Adjusted firewall rules.
2365,0,2025-08-30 02:04:27,Incident,366,tech027,Applied security patch and verified.
2366,1,2024-09-26 10:45:42,Network,228,tech022,Applied security patch and verified.
2367,2,2024-08-06 14:51:47,Incident,71,tech036,Adjusted firewall rules.
2368,3,2024-12-16 17:29:18,Patch,69,tech038,Applied security patch and verified.
2369,0,2024-05-08 08:50:57,Security,91,tech013,Replaced faulty NIC and tested connectivity.
2370,1,2024-01-29 03:28:26,Security,148,tech009,Checked disk health; replaced failing disk.
2371,0,2024-10-06 17:41:04,Patch,393,tech044,Checked disk health; replaced failing disk.
2372,1,2025-02-13 10:32:07,Network,269,tech027,Server rebooted successfully.
2373,2,2024-11-19 21:33:52,Upgrade,102,tech041,Server rebooted successfully.
2374,3,2025-05-22 19:03:32,Patch,135,tech029,Checked disk health; replaced failing disk.
2375,0,2025-09-18 02:33:36,Security,108,tech017,Database service restarted after crash.
2376,1,2024-12-05 06:20:43,Network,280,tech025,Database service restarted after crash.
2377,2,2025-01-19 08:38:22,Security,184,tech032,Checked disk health; replaced failing disk.
2378,0,2024-05-14 04:00:15,Network,24,tech014,Applied security patch and verified.
2379,1,2024-07-12 07:53:58,Incident,420,tech040,Applied security patch and verified.
2380,2,2024-05-27 05:02:23,Incident,85,tech008,Adjusted firewall rules.
2381,3,2025-05-19 08:02:24,Incident,137,tech019,Checked disk health; replaced failing disk.
2382,4,2024-04-02 13:34:50,Incident,48,tech023,Checked disk health; replaced failing disk.
2383,0,2024-03-09 07:36:33,Security,185,tech009,Performed kernel update and rebooted.
2384,1,2024-12-28 09:18:41,Patch,109,tech012,Database service restarted after crash.
2385,0,2024-01-16 13:25:30,Security,157,tech025,Performed kernel update and rebooted.
2386,1,2025-02-18 06:07:49,Patch,396,tech019,Performed kernel update and rebooted.
2387,2,2024-04-04 16:08:35,Security,315,tech036,Checked disk health; replaced failing disk.
2388,3,2025-05-02 07:05:13,Network,200,tech041,Server rebooted successfully.
2389,0,2024-03-18 02:25:17,Incident,261,tech045,Server rebooted successfully.
2390,1,2025-03-23 13:22:03,Upgrade,221,tech018,Server rebooted successfully.
2391,2,2024-06-11 06:09:00,Security,409,tech041,Replaced faulty NIC and tested connectivity.
2392,3,2024-04-04 12:49:57,Security,354,tech022,Server rebooted successfully.
2393,0,2024-07-07 05:00:50,Patch,351,tech019,Applied security patch and verified.
2394,1,2024-11-19 03:40:07,Network,21,tech026,Server rebooted successfully.
2395,2,2025-01-03 00:56:07,Network,396,tech006,Server rebooted successfully.
2396,0,2025-02-25 00:35:07,Security,264,tech036,Applied security patch and verified.
2397,0,2024-03-06 06:50:12,Upgrade,389,tech011,Performed kernel update and rebooted.
2398,1,2024-09-17 10:19:56,Security,246,tech037,Performed kernel update and rebooted.
2399,0,2025-02-09 05:39:19,Patch,85,tech020,Adjusted firewall rules.
2400,1,2024-11-08 04:30:36,Network,259,tech024,Updated TLS certificates.
2401,2,2024-02-08 18:55:11,Incident,241,tech020,Performed kernel update and rebooted.
2402,3,2024-04-07 21:55:22,Network,409,tech019,Adjusted firewall rules.
2403,0,2024-04-05 23:20:59,Upgrade,178,tech027,Performed kernel update and rebooted.
2404,1,2025-04-27 23:34:08,Incident,42,tech049,Server rebooted successfully.
2405,2,2024-10-26 15:55:11,Security,381,tech025,Database service restarted after crash.
2406,3,2024-04-30 16:40:35,Incident,346,tech034,Checked disk health; replaced failing disk.
2407,0,2025-05-14 08:55:47,Incident,296,tech018,Database service restarted after crash.
2408,1,2024-12-30 04:22:08,Upgrade,197,tech025,Server rebooted successfully.
2409,2,2024-12-11 05:15:12,Patch,279,tech020,Server rebooted successfully.
2410,0,2025-05-09 20:31:57,Patch,204,tech020,Adjusted firewall rules.
2411,1,2024-10-07 12:47:28,Patch,137,tech022,Updated TLS certificates.
2412,2,2025-04-11 14:09:20,Security,316,tech046,Applied security patch and verified.
2413,0,2024-08-01 23:11:11,Upgrade,25,tech020,Database service restarted after crash.
2414,1,2024-03-05 17:08:06,Upgrade,288,tech018,Applied security patch and verified.
2415,0,2024-10-19 00:38:48,Security,76,tech027,Adjusted firewall rules.
2416,1,2024-01-10 23:19:41,Patch,146,tech017,Performed kernel update and rebooted.
2417,0,2024-05-01 11:05:47,Security,20,tech026,Database service restarted after crash.
2418,1,2025-04-16 22:19:17,Security,67,tech013,Checked disk health; replaced failing disk.
2419,0,2024-10-04 04:34:17,Upgrade,367,tech008,Applied security patch and verified.
2420,1,2024-10-13 08:01:53,Network,383,tech023,Server rebooted successfully.
2421,2,2024-08-11 13:29:24,Patch,127,tech042,Updated TLS certificates.
2422,3,2025-04-19 07:01:28,Patch,266,tech038,Database service restarted after crash.
2423,4,2024-10-22 16:43:46,Upgrade,13,tech046,Updated TLS certificates.
2424,0,2024-06-08 10:15:09,Upgrade,263,tech030,Updated TLS certificates.
2425,0,2025-06-07 10:40:42,Incident,96,tech023,Adjusted firewall rules.
2426,1,2024-08-14 18:33:32,Security,50,tech013,Adjusted firewall rules.
2427,2,2024-11-13 00:14:53,Network,169,tech043,Updated TLS certificates.
2428,3,2024-06-24 22:06:20,Security,331,tech002,Checked disk health; replaced failing disk.
2429,4,2024-01-17 03:29:01,Upgrade,403,tech045,Checked disk health; replaced failing disk.
2430,0,2024-08-23 07:11:13,Upgrade,283,tech044,Replaced faulty NIC and tested connectivity.
2431,0,2025-08-10 03:56:23,Security,223,tech043,Checked disk health; replaced failing disk.
2432,0,2024-03-12 02:01:20,Security,140,tech047,Applied security patch and verified.
2433,1,2025-06-05 20:58:37,Security,332,tech015,Database service restarted after crash.
2434,0,2024-03-03 13:07:30,Security,382,tech030,Database service restarted after crash.
2435,1,2024-12-08 12:43:57,Patch,182,tech031,Replaced faulty NIC and tested connectivity.
2436,0,2024-05-03 07:57:12,Security,223,tech045,Applied security patch and verified.
2437,0,2025-03-24 06:07:38,Network,12,tech035,Performed kernel update and rebooted.
2438,0,2024-09-22 15:06:27,Network,8,tech037,Server rebooted successfully.
2439,1,2025-04-28 22:14:21,Network,332,tech017,Adjusted firewall rules.
2440,0,2025-07-26 14:46:20,Incident,65,tech036,Performed kernel update and rebooted.
2441,1,2025-06-17 03:07:18,Security,39,tech016,Checked disk health; replaced failing disk.
2442,2,2025-05-09 22:55:21,Network,67,tech005,Database service restarted after crash.
2443,3,2025-01-01 10:11:25,Security,331,tech007,Database service restarted after crash.
2444,4,2024-09-10 03:58:33,Incident,179,tech012,Checked disk health; replaced failing disk.
2445,0,2024-07-14 11:18:46,Incident,375,tech032,Checked disk health; replaced failing disk.
2446,1,2024-01-03 00:56:21,Patch,89,tech013,Updated TLS certificates.
2447,2,2024-05-27 00:31:13,Network,75,tech030,Database service restarted after crash.
2448,0,2025-09-26 08:02:53,Patch,305,tech045,Applied security patch and verified.
2449,1,2024-04-21 18:34:22,Patch,348,tech015,Adjusted firewall rules.
2450,0,2024-02-13 00:31:47,Incident,289,tech001,Performed kernel update and rebooted.
2451,1,2025-08-23 21:31:25,Incident,348,tech046,Server rebooted successfully.
2452,2,2025-08-18 12:25:51,Incident,363,tech009,Server rebooted successfully.
2453,3,2024-07-28 19:26:41,Network,249,tech050,Updated TLS certificates.
2454,0,2024-10-13 07:31:15,Network,329,tech039,Server rebooted successfully.
2455,1,2024-11-13 09:33:47,Network,192,tech007,Adjusted firewall rules.
2456,0,2024-09-23 05:13:22,Incident,305,tech032,Updated TLS certificates.
2457,1,2025-01-07 11:00:22,Incident,27,tech012,Database service restarted after crash.
2458,2,2025-04-26 09:07:49,Network,234,tech039,Database service restarted after crash.
2459,0,2025-09-25 04:19:06,Security,77,tech040,Replaced faulty NIC and tested connectivity.
2460,0,2025-08-30 17:05:27,Network,130,tech032,Checked disk health; replaced failing disk.
2461,1,2024-01-30 17:00:03,Patch,170,tech022,Performed kernel update and rebooted.
2462,2,2025-06-07 14:43:13,Network,90,tech040,Applied security patch and verified.
2463,3,2024-06-15 22:51:40,Patch,29,tech001,Applied security patch and verified.
2464,0,2025-07-19 21:15:14,Network,280,tech006,Performed kernel update and rebooted.
2465,1,2024-01-07 02:12:47,Patch,115,tech045,Checked disk health; replaced failing disk.
2466,2,2025-02-03 17:28:28,Upgrade,407,tech031,Database service restarted after crash.
2467,3,2024-01-08 09:34:23,Security,23,tech032,Server rebooted successfully.
2468,4,2024-03-30 05:47:47,Network,211,tech007,Replaced faulty NIC and tested connectivity.
2469,0,2025-01-02 12:56:10,Patch,67,tech034,Applied security patch and verified.
2470,1,2024-01-03 02:36:46,Network,284,tech039,Replaced faulty NIC and tested connectivity.
2471,2,2025-02-03 07:14:25,Network,388,tech003,Database service restarted after crash.
2472,3,2024-05-27 13:17:33,Network,98,tech001,Server rebooted successfully.
2473,4,2024-01-19 20:20:31,Security,233,tech007,Updated TLS certificates.
2474,0,2024-01-02 20:30:48,Upgrade,108,tech033,Applied security patch and verified.
2475,1,2024-11-10 10:05:42,Network,140,tech018,Updated TLS certificates.
2476,0,2024-04-04 14:47:22,Upgrade,55,tech040,Replaced faulty NIC and tested connectivity.
2477,1,2024-06-16 10:00:53,Incident,344,tech025,Adjusted firewall rules.
2478,2,2025-03-26 12:24:05,Patch,15,tech030,Database service restarted after crash.
2479,3,2024-11-10 23:26:42,Patch,195,tech023,Updated TLS certificates.
2480,4,2024-07-26 22:11:27,Security,220,tech020,Adjusted firewall rules.
2481,0,2024-01-14 17:49:27,Patch,62,tech011,Performed kernel update and rebooted.
2482,1,2024-11-16 09:05:07,Security,73,tech020,Database service restarted after crash.
2483,0,2025-08-18 12:43:34,Patch,299,tech030,Performed kernel update and rebooted.
2484,1,2024-09-11 05:33:16,Patch,227,tech017,Applied security patch and verified.
2485,2,2024-07-05 01:49:04,Upgrade,313,tech027,Adjusted firewall rules.
2486,3,2025-07-15 08:45:32,Patch,247,tech001,Replaced faulty NIC and tested connectivity.
2487,4,2024-11-05 03:00:40,Security,170,tech003,Adjusted firewall rules.
2488,5,2025-01-26 01:45:36,Network,272,tech009,Updated TLS certificates.
2489,0,2024-02-29 06:28:57,Upgrade,264,tech046,Adjusted firewall rules.
2490,1,2024-12-17 09:08:06,Patch,280,tech015,Server rebooted successfully.
2491,0,2025-09-10 05:44:45,Upgrade,370,tech043,Database service restarted after crash.
2492,0,2025-07-13 04:50:29,Security,18,tech005,Updated TLS certificates.
2493,1,2025-06-24 21:35:45,Upgrade,262,tech022,Updated TLS certificates.
2494,2,2025-01-22 06:58:22,Network,256,tech020,Checked disk health; replaced failing disk.
2495,3,2024-04-02 18:20:44,Incident,171,tech019,Updated TLS certificates.
2496,0,2024-05-17 01:49:18,Security,160,tech005,Database service restarted after crash.
2497,1,2024-02-02 07:37:23,Patch,375,tech048,Database service restarted after crash.
2498,2,2024-01-28 07:25:04,Patch,233,tech037,Replaced faulty NIC and tested connectivity.
2499,3,2025-03-14 18:35:05,Upgrade,138,tech045,Updated TLS certificates.
2500,0,2024-11-13 04:58:23,Network,34,tech003,Replaced faulty NIC and tested connectivity.
2501,1,2024-10-01 06:56:52,Patch,244,tech016,Adjusted firewall rules.
2502,0,2024-05-04 07:10:06,Incident,267,tech015,Server rebooted successfully.
2503,1,2025-08-09 05:20:37,Upgrade,195,tech022,Replaced faulty NIC and tested connectivity.
2504,0,2025-08-12 15:31:09,Upgrade,383,tech003,Adjusted firewall rules.
2505,1,2024-03-15 10:02:47,Upgrade,238,tech043,Adjusted firewall rules.
2506,2,2024-08-07 22:48:15,Security,218,tech035,Database service restarted after crash.
2507,0,2024-06-11 17:16:04,Network,380,tech004,Performed kernel update and rebooted.
2508,0,2024-01-06 20:12:42,Incident,212,tech010,Server rebooted successfully.
2509,0,2024-08-07 21:50:18,Patch,414,tech003,Applied security patch and verified.
2510,1,2024-07-12 10:15:44,Security,86,tech027,Applied security patch and verified.
2511,2,2024-11-23 12:03:19,Network,179,tech005,Database service restarted after crash.
2512,0,2025-03-26 19:42:51,Incident,6,tech001,Adjusted firewall rules.
2513,1,2025-08-02 21:26:38,Security,239,tech045,Database service restarted after crash.
2514,2,2025-06-19 20:21:43,Patch,303,tech045,Replaced faulty NIC and tested connectivity.
2515,3,2024-07-27 13:05:13,Incident,247,tech022,Performed kernel update and rebooted.
2516,0,2025-05-21 19:59:17,Upgrade,373,tech018,Checked disk health; replaced failing disk.
2517,1,2025-09-03 16:07:47,Patch,294,tech039,Database service restarted after crash.
2518,2,2025-03-11 10:12:59,Upgrade,140,tech033,Server rebooted successfully.
2519,0,2024-10-18 22:56:52,Upgrade,247,tech046,Database service restarted after crash.
2520,1,2024-03-19 11:21:58,Upgrade,284,tech034,Checked disk health; replaced failing disk.
2521,2,2025-07-16 15:07:42,Patch,39,tech005,Server rebooted successfully.
2522,3,2025-05-11 22:50:38,Upgrade,301,tech040,Applied security patch and verified.
2523,4,2024-08-15 18:11:57,Incident,167,tech038,Replaced faulty NIC and tested connectivity.
2524,5,2024-04-19 00:17:30,Patch,305,tech019,Adjusted firewall rules.
2525,0,2025-07-06 11:25:25,Patch,117,tech006,Performed kernel update and rebooted.
2526,1,2024-08-31 14:46:40,Patch,264,tech033,Database service restarted after crash.
2527,2,2024-02-27 05:07:19,Network,49,tech050,Applied security patch and verified.
2528,3,2025-08-17 21:42:51,Incident,223,tech009,Updated TLS certificates.
2529,0,2025-09-30 10:04:01,Incident,55,tech024,Applied security patch and verified.
2530,1,2024-02-26 09:44:47,Network,39,tech009,Adjusted firewall rules.
2531,0,2025-01-11 12:11:37,Upgrade,376,tech012,Server rebooted successfully.
2532,1,2025-09-24 21:39:05,Incident,53,tech041,Checked disk health; replaced failing disk.
2533,0,2025-06-19 04:17:40,Patch,176,tech047,Database service restarted after crash.
2534,1,2025-08-23 07:32:19,Security,302,tech019,Performed kernel update and rebooted.
2535,2,2025-05-09 13:11:29,Upgrade,36,tech036,Updated TLS certificates.
2536,0,2024-05-29 15:29:25,Patch,84,tech015,Performed kernel update and rebooted.
2537,1,2025-03-23 05:56:04,Upgrade,273,tech033,Checked disk health; replaced failing disk.
2538,0,2024-02-22 05:43:40,Incident,310,tech008,Server rebooted successfully.
2539,1,2025-08-06 17:32:01,Incident,193,tech038,Server rebooted successfully.
2540,2,2025-09-19 13:36:29,Incident,314,tech014,Server rebooted successfully.
2541,3,2025-08-17 14:34:04,Security,270,tech018,Adjusted firewall rules.
2542,0,2024-09-02 21:03:46,Upgrade,104,tech029,Updated TLS certificates.
2543,0,2025-01-12 04:03:50,Network,106,tech003,Server rebooted successfully.
2544,1,2024-10-27 10:35:20,Patch,21,tech026,Replaced faulty NIC and tested connectivity.
2545,2,2024-11-05 09:01:39,Patch,12,tech040,Checked disk health; replaced failing disk.
2546,3,2024-12-26 08:55:21,Patch,294,tech047,Performed kernel update and rebooted.
2547,4,2025-06-09 11:31:45,Incident,23,tech008,Checked disk health; replaced failing disk.
2548,0,2025-09-28 19:56:48,Upgrade,70,tech021,Adjusted firewall rules.
2549,1,2024-07-01 04:30:10,Security,265,tech011,Applied security patch and verified.
2550,2,2024-01-13 06:19:04,Network,172,tech011,Replaced faulty NIC and tested connectivity.
2551,0,2024-09-29 22:30:54,Security,43,tech014,Updated TLS certificates.
2552,1,2025-03-27 15:27:59,Incident,333,tech047,Adjusted firewall rules.
2553,2,2025-05-29 23:44:18,Upgrade,153,tech050,Server rebooted successfully.
2554,3,2024-11-27 08:27:35,Patch,98,tech024,Updated TLS certificates.
2555,4,2024-04-06 22:44:45,Incident,113,tech015,Server rebooted successfully.
2556,0,2024-11-21 08:48:35,Network,290,tech023,Server rebooted successfully.
2557,1,2025-09-22 16:37:46,Incident,153,tech010,Replaced faulty NIC and tested connectivity.
2558,2,2025-03-13 20:47:01,Security,150,tech041,Applied security patch and verified.
2559,3,2025-04-24 16:20:07,Patch,260,tech045,Adjusted firewall rules.
2560,0,2025-07-28 12:25:43,Patch,165,tech042,Adjusted firewall rules.
2561,1,2024-05-11 20:49:37,Incident,365,tech034,Performed kernel update and rebooted.
2562,0,2025-07-17 19:06:57,Incident,309,tech020,Checked disk health; replaced failing disk.
2563,1,2024-03-16 21:17:59,Security,214,tech016,Server rebooted successfully.
2564,2,2024-09-29 15:39:45,Network,339,tech029,Checked disk health; replaced failing disk.
2565,3,2025-09-28 11:42:20,Security,182,tech022,Checked disk health; replaced failing disk.
2566,4,2024-05-25 17:01:45,Network,186,tech025,Checked disk health; replaced failing disk.
2567,0,2025-05-05 14:50:56,Network,127,tech039,Server rebooted successfully.
2568,1,2024-05-18 16:41:47,Patch,56,tech010,Adjusted firewall rules.
2569,0,2024-07-10 23:19:46,Upgrade,185,tech012,Server rebooted successfully.
2570,1,2024-09-12 00:35:53,Network,143,tech030,Checked disk health; replaced failing disk.
2571,2,2024-03-19 05:17:33,Incident,340,tech044,Server rebooted successfully.
2572,3,2024-07-26 20:17:25,Security,320,tech046,Adjusted firewall rules.
2573,4,2025-04-27 23:34:01,Patch,318,tech019,Applied security patch and verified.
2574,5,2024-09-19 09:35:32,Patch,137,tech043,Performed kernel update and rebooted.
2575,0,2024-04-25 10:24:58,Network,93,tech034,Applied security patch and verified.
2576,1,2024-09-25 21:35:27,Security,37,tech001,Replaced faulty NIC and tested connectivity.
2577,2,2024-06-12 19:49:07,Patch,155,tech011,Applied security patch and verified.
2578,3,2024-07-14 08:59:01,Network,209,tech023,Updated TLS certificates.
2579,4,2025-04-11 06:56:11,Network,332,tech032,Updated TLS certificates.
2580,5,2025-03-07 08:20:30,Network,179,tech033,Performed kernel update and rebooted.
2581,0,2025-07-16 07:34:46,Patch,129,tech031,Database service restarted after crash.
2582,1,2025-05-17 07:26:08,Network,260,tech036,Checked disk health; replaced failing disk.
2583,2,2024-07-15 08:56:10,Security,49,tech024,Applied security patch and verified.
2584,0,2025-02-13 15:15:57,Network,420,tech040,Server rebooted successfully.
2585,0,2024-07-03 14:52:03,Security,203,tech003,Database service restarted after crash.
2586,1,2025-04-22 21:40:08,Network,323,tech005,Performed kernel update and rebooted.
2587,0,2024-05-30 14:24:02,Network,418,tech010,Applied security patch and verified.
2588,1,2025-05-01 10:21:58,Network,70,tech002,Replaced faulty NIC and tested connectivity.
2589,2,2025-05-21 22:22:51,Incident,188,tech036,Replaced faulty NIC and tested connectivity.
2590,3,2024-03-10 04:23:58,Network,404,tech040,Adjusted firewall rules.
2591,4,2024-09-28 15:11:07,Security,127,tech005,Adjusted firewall rules.
2592,0,2024-05-15 08:20:53,Incident,166,tech029,Database service restarted after crash.
2593,0,2025-09-16 18:31:21,Network,328,tech033,Server rebooted successfully.
2594,1,2025-08-06 15:05:11,Security,332,tech025,Applied security patch and verified.
2595,2,2025-09-02 00:18:27,Network,12,tech018,Updated TLS certificates.
2596,0,2025-09-08 03:13:55,Network,271,tech011,Replaced faulty NIC and tested connectivity.
2597,1,2024-03-18 07:53:48,Network,59,tech041,Updated TLS certificates.
2598,2,2025-08-15 08:14:18,Upgrade,392,tech013,Adjusted firewall rules.
2599,3,2024-02-06 03:33:56,Security,17,tech040,Server rebooted successfully.
2600,4,2025-05-27 18:34:19,Upgrade,351,tech023,Applied security patch and verified.
2601,0,2025-01-28 20:52:08,Upgrade,127,tech027,Updated TLS certificates.
2602,0,2025-08-11 16:09:32,Incident,300,tech048,Replaced faulty NIC and tested connectivity.
2603,1,2025-05-20 10:42:55,Security,343,tech019,Replaced faulty NIC and tested connectivity.
2604,0,2025-04-23 05:55:58,Network,13,tech002,Applied security patch and verified.
2605,0,2024-02-10 10:11:03,Upgrade,185,tech045,Adjusted firewall rules.
2606,1,2024-02-14 00:14:18,Patch,90,tech026,Server rebooted successfully.
2607,0,2024-08-20 08:58:21,Patch,174,tech024,Checked disk health; replaced failing disk.
2608,1,2025-09-09 01:18:47,Security,290,tech030,Adjusted firewall rules.
2609,0,2025-07-23 11:10:08,Security,372,tech021,Replaced faulty NIC and tested connectivity.
2610,1,2024-03-22 02:09:32,Incident,331,tech016,Performed kernel update and rebooted.
2611,0,2025-03-20 23:59:41,Upgrade,109,tech023,Adjusted firewall rules.
2612,0,2024-05-22 02:39:12,Incident,187,tech024,Replaced faulty NIC and tested connectivity.
2613,1,2024-02-06 20:11:46,Security,178,tech012,Checked disk health; replaced failing disk.
2614,2,2025-08-04 11:40:05,Incident,14,tech041,Applied security patch and verified.
2615,3,2024-05-30 03:38:47,Network,417,tech005,Server rebooted successfully.
2616,0,2024-02-19 21:49:23,Network,27,tech001,Updated TLS certificates.
2617,1,2024-02-24 10:41:45,Patch,74,tech008,Checked disk health; replaced failing disk.
2618,2,2025-03-03 23:59:18,Network,72,tech001,Updated TLS certificates.
2619,3,2024-11-19 20:10:05,Upgrade,39,tech026,Checked disk health; replaced failing disk.
2620,0,2024-09-02 09:15:39,Patch,303,tech047,Applied security patch and verified.
2621,1,2025-05-18 04:31:57,Security,341,tech017,Performed kernel update and rebooted.
2622,0,2024-06-11 02:04:44,Network,333,tech032,Performed kernel update and rebooted.
2623,1,2025-08-15 08:10:00,Network,389,tech015,Performed kernel update and rebooted.
2624,0,2025-07-03 23:35:47,Upgrade,70,tech033,Replaced faulty NIC and tested connectivity.
2625,1,2025-07-11 05:43:11,Security,238,tech034,Database service restarted after crash.
2626,2,2024-08-20 19:22:32,Upgrade,174,tech019,Checked disk health; replaced failing disk.
2627,3,2025-03-31 05:47:23,Upgrade,358,tech042,Checked disk health; replaced failing disk.
2628,0,2025-02-09 17:50:46,Patch,164,tech041,Replaced faulty NIC and tested connectivity.
2629,1,2024-03-28 20:41:19,Patch,198,tech001,Adjusted firewall rules.
2630,2,2024-02-25 20:27:44,Security,390,tech028,Updated TLS certificates.
2631,3,2025-05-05 22:56:18,Patch,390,tech045,Database service restarted after crash.
2632,0,2024-12-13 17:15:43,Patch,198,tech012,Applied security patch and verified.
2633,1,2025-09-19 11:05:22,Patch,413,tech004,Database service restarted after crash.
2634,2,2024-04-22 12:20:49,Security,50,tech042,Replaced faulty NIC and tested connectivity.
2635,0,2024-12-02 04:31:49,Upgrade,150,tech018,Updated TLS certificates.
2636,1,2025-02-09 13:21:18,Network,279,tech036,Performed kernel update and rebooted.
2637,0,2025-05-04 03:01:48,Security,284,tech012,Server rebooted successfully.
2638,1,2025-05-08 15:37:57,Upgrade,333,tech018,Database service restarted after crash.
2639,2,2024-02-21 04:12:34,Upgrade,169,tech024,Checked disk health; replaced failing disk.
2640,3,2024-10-08 15:22:08,Network,347,tech025,Performed kernel update and rebooted.
2641,4,2024-01-05 01:39:15,Patch,341,tech021,Replaced faulty NIC and tested connectivity.
2642,0,2025-04-07 23:51:49,Network,202,tech023,Applied security patch and verified.
2643,1,2024-04-17 20:10:20,Security,43,tech014,Database service restarted after crash.
2644,2,2024-05-08 22:38:46,Security,371,tech023,Replaced faulty NIC and tested connectivity.
2645,0,2025-04-09 03:25:59,Incident,137,tech008,Server rebooted successfully.
2646,1,2024-12-09 19:53:41,Network,202,tech005,Applied security patch and verified.
2647,2,2025-03-22 04:37:35,Network,365,tech023,Updated TLS certificates.
2648,0,2024-06-28 15:10:56,Patch,343,tech022,Server rebooted successfully.
2649,1,2024-04-06 08:47:41,Network,69,tech003,Server rebooted successfully.
2650,2,2024-05-30 15:01:48,Security,244,tech044,Updated TLS certificates.
2651,3,2025-02-09 13:54:14,Security,171,tech048,Applied security patch and verified.
2652,4,2024-10-11 17:31:06,Patch,384,tech004,Checked disk health; replaced failing disk.
2653,0,2024-01-24 17:45:58,Upgrade,33,tech043,Performed kernel update and rebooted.
2654,0,2024-12-29 03:19:02,Patch,281,tech006,Replaced faulty NIC and tested connectivity.
2655,1,2024-04-23 10:32:14,Security,74,tech034,Checked disk health; replaced failing disk.
2656,0,2024-10-08 03:40:12,Network,209,tech033,Replaced faulty NIC and tested connectivity.
2657,1,2024-06-03 13:09:32,Security,181,tech026,Checked disk health; replaced failing disk.
2658,0,2025-03-31 20:21:40,Incident,64,tech047,Updated TLS certificates.
2659,1,2024-06-22 22:23:40,Network,379,tech023,Database service restarted after crash.
2660,2,2025-08-05 10:07:02,Incident,61,tech031,Updated TLS certificates.
2661,0,2024-04-17 20:22:02,Patch,157,tech001,Performed kernel update and rebooted.
2662,1,2024-06-22 13:01:39,Patch,366,tech039,Performed kernel update and rebooted.
2663,2,2025-01-08 04:48:08,Patch,163,tech011,Database service restarted after crash.
2664,3,2024-11-07 13:16:29,Patch,412,tech042,Adjusted firewall rules.
2665,4,2025-04-12 06:23:38,Patch,136,tech027,Replaced faulty NIC and tested connectivity.
2666,5,2025-02-09 09:12:50,Upgrade,33,tech036,Replaced faulty NIC and tested connectivity.
2667,0,2024-10-25 18:53:49,Security,218,tech040,Performed kernel update and rebooted.
2668,1,2025-01-21 22:10:26,Patch,315,tech046,Applied security patch and verified.
2669,2,2024-03-20 23:37:44,Patch,184,tech030,Adjusted firewall rules.
2670,0,2025-07-15 14:33:47,Incident,320,tech031,Server rebooted successfully.
2671,1,2024-10-15 18:37:56,Upgrade,42,tech016,Database service restarted after crash.
2672,2,2025-08-25 08:04:18,Security,26,tech043,Updated TLS certificates.
2673,3,2024-01-05 19:28:19,Patch,392,tech030,Adjusted firewall rules.
2674,0,2024-12-05 02:17:38,Security,222,tech017,Server rebooted successfully.
2675,1,2024-07-15 13:03:05,Network,48,tech032,Updated TLS certificates.
2676,2,2024-05-28 21:29:13,Security,218,tech039,Updated TLS certificates.
2677,3,2025-08-15 16:22:40,Security,389,tech044,Updated TLS certificates.
2678,0,2025-05-13 19:25:55,Upgrade,266,tech033,Replaced faulty NIC and tested connectivity.
2679,1,2025-06-22 19:45:23,Network,185,tech046,Updated TLS certificates.
2680,2,2024-12-02 07:58:03,Upgrade,199,tech011,Checked disk health; replaced failing disk.
2681,0,2025-08-01 17:30:21,Network,216,tech030,Database service restarted after crash.
2682,0,2025-03-23 00:43:13,Network,352,tech007,Adjusted firewall rules.
2683,1,2025-05-22 07:09:35,Security,131,tech027,Applied security patch and verified.
2684,2,2024-01-01 18:39:10,Incident,15,tech017,Adjusted firewall rules.
2685,0,2025-07-30 22:53:12,Incident,25,tech040,Performed kernel update and rebooted.
2686,1,2024-09-26 23:34:13,Patch,108,tech023,Performed kernel update and rebooted.
2687,2,2024-10-25 09:06:27,Upgrade,39,tech034,Performed kernel update and rebooted.
2688,0,2025-03-10 01:41:41,Security,103,tech029,Database service restarted after crash.
2689,1,2024-02-13 22:22:59,Network,49,tech024,Server rebooted successfully.
2690,2,2025-03-08 08:09:58,Security,371,tech044,Adjusted firewall rules.
2691,3,2025-02-07 18:15:21,Upgrade,417,tech027,Performed kernel update and rebooted.
2692,4,2025-03-22 08:35:53,Security,350,tech016,Adjusted firewall rules.
2693,5,2024-06-30 12:23:00,Upgrade,230,tech050,Applied security patch and verified.
2694,0,2025-03-27 22:36:58,Patch,272,tech044,Adjusted firewall rules.
2695,1,2025-03-29 02:20:22,Incident,204,tech005,Performed kernel update and rebooted.
2696,2,2025-01-20 03:26:34,Incident,127,tech043,Replaced faulty NIC and tested connectivity.
2697,3,2025-02-04 16:47:08,Network,201,tech026,Adjusted firewall rules.
2698,0,2025-05-25 20:43:25,Upgrade,76,tech002,Performed kernel update and rebooted.
2699,1,2025-07-16 22:32:51,Patch,110,tech007,Checked disk health; replaced failing disk.
2700,2,2024-01-05 06:37:57,Upgrade,270,tech045,Applied security patch and verified.
2701,3,2024-05-24 02:15:06,Security,254,tech034,Checked disk health; replaced failing disk.
2702,4,2025-03-02 07:22:30,Upgrade,233,tech042,Checked disk health; replaced failing disk.
2703,0,2024-01-07 09:49:16,Incident,249,tech032,Applied security patch and verified.
2704,1,2024-01-26 15:28:39,Security,419,tech025,Checked disk health; replaced failing disk.
2705,2,2024-09-13 22:30:51,Security,332,tech020,Performed kernel update and rebooted.
2706,3,2024-03-22 03:38:34,Upgrade,199,tech011,Applied security patch and verified.
2707,4,2024-01-17 04:28:16,Network,328,tech013,Updated TLS certificates.
2708,0,2024-03-13 13:46:36,Patch,152,tech007,Adjusted firewall rules.
2709,1,2024-02-18 10:45:55,Patch,85,tech035,Server rebooted successfully.
2710,2,2024-04-12 21:42:25,Upgrade,37,tech003,Updated TLS certificates.
2711,3,2024-03-26 01:15:08,Incident,376,tech020,Database service restarted after crash.
2712,4,2025-03-05 06:46:22,Incident,215,tech019,Updated TLS certificates.
2713,0,2025-05-24 06:33:33,Upgrade,228,tech009,Database service restarted after crash.
2714,0,2024-04-02 03:18:38,Security,263,tech012,Checked disk health; replaced failing disk.
2715,1,2025-02-25 05:58:20,Patch,374,tech036,Replaced faulty NIC and tested connectivity.
2716,2,2024-08-12 02:56:18,Security,146,tech028,Updated TLS certificates.
2717,0,2024-05-15 19:29:34,Incident,316,tech015,Updated TLS certificates.
2718,1,2025-02-28 06:37:55,Security,280,tech026,Updated TLS certificates.
2719,2,2024-10-06 16:16:33,Upgrade,302,tech038,Applied security patch and verified.
2720,3,2024-08-24 01:30:41,Network,207,tech033,Server rebooted successfully.
2721,4,2024-08-21 18:41:41,Incident,196,tech008,Updated TLS certificates.
2722,5,2025-07-26 03:39:44,Incident,232,tech038,Updated TLS certificates.
2723,6,2024-10-21 14:45:02,Network,233,tech020,Checked disk health; replaced failing disk.
2724,7,2025-06-27 00:59:03,Network,312,tech008,Replaced faulty NIC and tested connectivity.
2725,8,2025-06-09 19:17:23,Upgrade,321,tech042,Replaced faulty NIC and tested connectivity.
2726,9,2025-07-17 08:34:09,Upgrade,11,tech015,Server rebooted successfully.
2727,0,2024-10-28 09:16:59,Patch,414,tech037,Updated TLS certificates.
2728,1,2025-02-13 16:40:41,Upgrade,395,tech034,Adjusted firewall rules.
2729,0,2024-11-19 09:41:12,Patch,75,tech018,Checked disk health; replaced failing disk.
2730,0,2024-05-27 01:16:57,Patch,293,tech021,Adjusted firewall rules.
2731,1,2024-08-26 23:39:35,Patch,312,tech025,Server rebooted successfully.
2732,2,2024-04-01 14:38:25,Incident,225,tech004,Checked disk health; replaced failing disk.
2733,3,2024-02-23 10:47:14,Incident,189,tech010,Server rebooted successfully.
2734,0,2024-11-01 13:17:36,Incident,324,tech007,Server rebooted successfully.
2735,1,2025-01-28 07:34:57,Patch,9,tech026,Database service restarted after crash.
2736,0,2025-07-28 01:17:08,Upgrade,226,tech043,Replaced faulty NIC and tested connectivity.
2737,1,2024-12-10 02:11:36,Incident,391,tech025,Updated TLS certificates.
2738,0,2024-07-05 01:10:38,Upgrade,127,tech011,Server rebooted successfully.
2739,1,2024-06-17 13:16:07,Security,358,tech024,Performed kernel update and rebooted.
2740,0,2025-07-12 00:08:03,Patch,298,tech017,Replaced faulty NIC and tested connectivity.
2741,0,2024-02-16 16:15:37,Upgrade,11,tech044,Database service restarted after crash.
2742,1,2024-12-31 05:45:36,Network,400,tech018,Updated TLS certificates.
2743,0,2024-12-12 05:24:42,Patch,272,tech026,Performed kernel update and rebooted.
2744,1,2025-04-06 11:51:36,Patch,36,tech028,Adjusted firewall rules.
2745,2,2024-04-18 09:55:32,Security,74,tech005,Server rebooted successfully.
2746,3,2024-10-09 23:16:26,Security,116,tech027,Replaced faulty NIC and tested connectivity.
2747,4,2024-04-04 04:58:49,Incident,184,tech025,Performed kernel update and rebooted.
2748,5,2025-03-17 15:05:20,Patch,122,tech001,Replaced faulty NIC and tested connectivity.
2749,0,2024-09-18 06:41:52,Security,401,tech039,Updated TLS certificates.
2750,1,2024-06-06 18:05:03,Security,349,tech025,Checked disk health; replaced failing disk.
2751,2,2024-06-07 00:26:13,Upgrade,273,tech049,Server rebooted successfully.
2752,3,2024-08-25 01:39:35,Upgrade,184,tech022,Server rebooted successfully.
2753,4,2025-02-22 16:16:02,Network,29,tech011,Performed kernel update and rebooted.
2754,0,2025-03-19 09:40:53,Network,197,tech009,Adjusted firewall rules.
2755,1,2025-06-08 12:31:21,Security,290,tech007,Updated TLS certificates.
2756,2,2024-12-16 01:16:06,Upgrade,354,tech033,Performed kernel update and rebooted.
2757,0,2024-04-27 18:55:14,Upgrade,336,tech012,Database service restarted after crash.
2758,1,2025-03-31 12:07:44,Network,88,tech043,Database service restarted after crash.
2759,2,2024-11-05 06:50:45,Patch,229,tech026,Checked disk health; replaced failing disk.
2760,3,2025-09-09 09:59:09,Incident,297,tech047,Applied security patch and verified.
2761,4,2025-01-24 13:08:16,Upgrade,138,tech031,Applied security patch and verified.
2762,0,2024-08-12 01:06:42,Incident,21,tech012,Replaced faulty NIC and tested connectivity.
2763,0,2024-10-30 15:45:35,Patch,206,tech046,Performed kernel update and rebooted.
2764,1,2025-03-14 13:38:25,Patch,338,tech031,Applied security patch and verified.
2765,2,2025-03-14 06:39:48,Network,154,tech012,Updated TLS certificates.
2766,3,2024-12-24 18:24:23,Upgrade,259,tech038,Applied security patch and verified.
2767,4,2025-08-07 19:54:12,Incident,77,tech041,Updated TLS certificates.
2768,5,2025-07-10 15:11:52,Upgrade,8,tech021,Updated TLS certificates.
2769,0,2025-02-22 05:31:44,Network,43,tech004,Checked disk health; replaced failing disk.
2770,1,2024-01-22 13:15:05,Upgrade,256,tech024,Replaced faulty NIC and tested connectivity.
2771,2,2025-08-26 00:18:17,Patch,191,tech042,Server rebooted successfully.
2772,3,2024-06-12 20:35:11,Upgrade,71,tech023,Applied security patch and verified.
2773,0,2024-02-21 00:45:49,Security,396,tech027,Performed kernel update and rebooted.
2774,1,2024-10-11 21:08:51,Security,27,tech002,Server rebooted successfully.
2775,2,2025-04-24 02:31:36,Security,312,tech021,Adjusted firewall rules.
2776,3,2025-06-03 22:22:03,Security,352,tech013,Replaced faulty NIC and tested connectivity.
2777,4,2025-09-16 22:15:19,Patch,136,tech002,Updated TLS certificates.
2778,0,2025-02-21 00:00:22,Network,153,tech009,Server rebooted successfully.
2779,1,2024-12-12 08:00:30,Incident,95,tech019,Database service restarted after crash.
2780,0,2024-08-15 14:08:50,Upgrade,410,tech047,Checked disk health; replaced failing disk.
2781,1,2025-08-25 12:20:08,Upgrade,16,tech043,Database service restarted after crash.
2782,2,2024-11-21 04:22:59,Upgrade,182,tech037,Replaced faulty NIC and tested connectivity.
2783,0,2025-07-17 17:36:43,Network,264,tech006,Replaced faulty NIC and tested connectivity.
2784,1,2024-09-23 08:54:14,Network,168,tech017,Checked disk health; replaced failing disk.
2785,2,2025-04-30 00:34:51,Upgrade,346,tech041,Replaced faulty NIC and tested connectivity.
2786,3,2024-06-13 12:03:12,Upgrade,56,tech044,Applied security patch and verified.
2787,0,2025-04-24 10:26:50,Network,316,tech041,Applied security patch and verified.
2788,1,2024-02-15 14:53:15,Incident,381,tech046,Updated TLS certificates.
2789,2,2025-07-20 17:47:12,Upgrade,312,tech005,Checked disk health; replaced failing disk.
2790,0,2024-05-23 18:50:51,Incident,201,tech048,Server rebooted successfully.
2791,1,2025-08-30 05:28:04,Patch,248,tech003,Server rebooted successfully.
2792,2,2025-01-14 10:16:35,Incident,43,tech010,Performed kernel update and rebooted.
2793,0,2025-03-08 19:57:46,Patch,289,tech003,Database service restarted after crash.
2794,1,2025-03-17 09:37:33,Security,159,tech050,Database service restarted after crash.
2795,0,2024-02-28 11:25:32,Upgrade,71,tech046,Adjusted firewall rules.
2796,1,2025-09-19 10:13:15,Patch,59,tech003,Checked disk health; replaced failing disk.
2797,2,2024-06-21 08:00:19,Security,259,tech013,Replaced faulty NIC and tested connectivity.
2798,3,2025-05-25 14:39:30,Network,50,tech014,Replaced faulty NIC and tested connectivity.
2799,4,2024-09-17 09:22:13,Security,360,tech006,Server rebooted successfully.
2800,0,2024-06-09 08:57:15,Incident,8,tech015,Checked disk health; replaced failing disk.
2801,1,2025-03-23 12:38:52,Security,162,tech005,Updated TLS certificates.
2802,0,2024-07-28 02:32:32,Network,351,tech045,Server rebooted successfully.
2803,1,2025-07-18 06:40:32,Security,55,tech017,Performed kernel update and rebooted.
2804,0,2025-01-23 14:59:11,Upgrade,67,tech028,Applied security patch and verified.
2805,1,2024-07-02 13:36:32,Upgrade,409,tech017,Performed kernel update and rebooted.
2806,2,2025-01-18 07:18:44,Patch,91,tech011,Adjusted firewall rules.
2807,0,2024-11-25 20:52:24,Incident,191,tech039,Adjusted firewall rules.
2808,1,2025-09-27 05:41:00,Upgrade,108,tech033,Performed kernel update and rebooted.
2809,2,2024-04-10 19:58:43,Network,313,tech018,Database service restarted after crash.
2810,0,2025-08-09 00:31:13,Upgrade,229,tech007,Performed kernel update and rebooted.
2811,1,2024-07-13 01:53:21,Network,14,tech048,Applied security patch and verified.
2812,2,2025-09-12 12:50:40,Security,246,tech015,Updated TLS certificates.
2813,3,2025-09-14 07:38:29,Security,344,tech047,Adjusted firewall rules.
2814,0,2024-11-22 23:06:51,Incident,200,tech022,Checked disk health; replaced failing disk.
2815,1,2025-03-18 18:32:52,Upgrade,155,tech005,Updated TLS certificates.
2816,2,2025-01-08 15:55:14,Incident,310,tech033,Checked disk health; replaced failing disk.
2817,3,2024-02-26 07:26:13,Incident,366,tech050,Performed kernel update and rebooted.
2818,0,2024-12-19 13:28:34,Incident,67,tech022,Server rebooted successfully.
2819,1,2024-03-24 06:32:08,Security,165,tech036,Checked disk health; replaced failing disk.
2820,2,2024-07-07 22:37:16,Security,325,tech037,Server rebooted successfully.
2821,0,2024-11-24 12:44:34,Upgrade,16,tech022,Updated TLS certificates.
2822,1,2025-07-03 01:38:19,Upgrade,329,tech022,Adjusted firewall rules.
2823,0,2025-05-28 05:07:59,Network,268,tech032,Database service restarted after crash.
2824,1,2024-03-06 17:22:20,Incident,170,tech031,Applied security patch and verified.
2825,0,2025-05-22 20:08:07,Patch,272,tech020,Adjusted firewall rules.
2826,1,2024-10-14 13:11:23,Patch,47,tech029,Applied security patch and verified.
2827,2,2025-07-28 02:46:40,Upgrade,162,tech015,Checked disk health; replaced failing disk.
2828,0,2025-09-30 12:31:58,Network,53,tech007,Checked disk health; replaced failing disk.
2829,0,2025-03-08 01:55:51,Patch,339,tech044,Checked disk health; replaced failing disk.
2830,1,2024-07-10 17:53:28,Patch,410,tech042,Database service restarted after crash.
2831,2,2025-09-12 05:36:55,Network,101,tech036,Adjusted firewall rules.
2832,3,2024-12-08 08:29:43,Patch,111,tech034,Performed kernel update and rebooted.
2833,0,2025-07-02 12:18:01,Security,278,tech042,Adjusted firewall rules.
2834,1,2024-07-28 03:23:04,Incident,318,tech022,Updated TLS certificates.
2835,2,2025-03-23 02:22:01,Patch,77,tech005,Adjusted firewall rules.
2836,3,2024-07-30 10:41:55,Security,218,tech040,Checked disk health; replaced failing disk.
2837,4,2025-02-22 08:05:28,Upgrade,322,tech038,Performed kernel update and rebooted.
2838,5,2025-07-15 04:31:05,Patch,293,tech048,Performed kernel update and rebooted.
2839,6,2025-07-22 22:47:20,Incident,117,tech050,Replaced faulty NIC and tested connectivity.
2840,7,2025-03-06 20:48:56,Upgrade,243,tech005,Adjusted firewall rules.
2841,0,2024-11-14 09:24:22,Security,189,tech034,Applied security patch and verified.
2842,1,2025-04-13 03:30:46,Patch,210,tech034,Replaced faulty NIC and tested connectivity.
2843,2,2024-09-08 19:10:57,Incident,208,tech016,Updated TLS certificates.
2844,0,2024-06-15 19:32:02,Security,44,tech034,Performed kernel update and rebooted.
2845,1,2024-01-10 19:06:37,Network,15,tech043,Updated TLS certificates.
2846,2,2025-03-05 11:21:48,Upgrade,383,tech011,Performed kernel update and rebooted.
2847,3,2024-03-20 06:29:54,Security,160,tech037,Server rebooted successfully.
2848,0,2024-08-03 20:41:10,Upgrade,253,tech017,Adjusted firewall rules.
2849,1,2024-10-25 08:58:50,Security,282,tech022,Adjusted firewall rules.
2850,2,2025-07-16 19:37:08,Security,345,tech002,Performed kernel update and rebooted.
2851,3,2025-08-29 21:46:45,Patch,78,tech022,Applied security patch and verified.
2852,4,2024-09-07 18:49:20,Network,296,tech009,Performed kernel update and rebooted.
2853,5,2025-08-21 10:20:08,Network,349,tech039,Checked disk health; replaced failing disk.
2854,0,2024-05-03 23:58:16,Network,23,tech014,Server rebooted successfully.
2855,1,2025-04-12 17:44:47,Incident,100,tech008,Database service restarted after crash.
2856,2,2025-07-01 11:15:40,Patch,361,tech025,Database service restarted after crash.
2857,0,2024-11-16 02:48:51,Upgrade,332,tech034,Checked disk health; replaced failing disk.
2858,1,2025-04-27 06:50:56,Security,71,tech013,Adjusted firewall rules.
2859,2,2024-09-30 18:25:28,Upgrade,406,tech012,Adjusted firewall rules.
2860,0,2024-09-19 20:11:29,Network,124,tech039,Database service restarted after crash.
2861,1,2024-10-10 16:21:15,Patch,39,tech038,Adjusted firewall rules.
2862,2,2024-08-19 08:28:20,Incident,316,tech022,Server rebooted successfully.
2863,3,2024-03-30 18:08:57,Upgrade,244,tech003,Checked disk health; replaced failing disk.
2864,0,2025-09-09 16:53:38,Security,305,tech020,Checked disk health; replaced failing disk.
2865,1,2024-11-03 23:06:29,Upgrade,350,tech032,Performed kernel update and rebooted.
2866,0,2024-03-20 11:11:17,Patch,249,tech018,Updated TLS certificates.
2867,1,2025-06-06 17:40:47,Patch,212,tech022,Checked disk health; replaced failing disk.
2868,0,2024-02-12 23:49:14,Security,271,tech018,Server rebooted successfully.
2869,1,2025-08-03 23:43:38,Patch,183,tech036,Performed kernel update and rebooted.
2870,0,2024-09-26 10:12:56,Incident,68,tech015,Checked disk health; replaced failing disk.
2871,1,2025-07-05 01:03:27,Network,20,tech012,Applied security patch and verified.
2872,2,2024-03-27 07:48:46,Incident,351,tech045,Performed kernel update and rebooted.
2873,3,2024-12-21 05:11:17,Incident,191,tech046,Updated TLS certificates.
2874,4,2025-01-19 21:46:54,Network,7,tech018,Updated TLS certificates.
2875,0,2024-11-26 04:55:17,Upgrade,321,tech049,Database service restarted after crash.
2876,1,2024-01-15 16:58:50,Patch,351,tech041,Checked disk health; replaced failing disk.
2877,0,2025-03-21 00:38:10,Incident,98,tech028,Adjusted firewall rules.
2878,1,2024-03-14 21:39:54,Upgrade,333,tech025,Server rebooted successfully.
2879,2,2024-09-06 08:13:27,Security,197,tech018,Performed kernel update and rebooted.
2880,3,2024-04-08 01:37:22,Incident,193,tech028,Server rebooted successfully.
2881,4,2024-06-16 05:07:15,Security,111,tech018,Performed kernel update and rebooted.
2882,5,2025-02-11 14:44:29,Network,23,tech011,Replaced faulty NIC and tested connectivity.
2883,0,2025-06-05 11:47:50,Security,292,tech032,Checked disk health; replaced failing disk.
2884,1,2024-09-30 02:04:46,Network,383,tech015,Updated TLS certificates.
2885,0,2025-08-19 11:33:51,Patch,370,tech043,Adjusted firewall rules.
2886,0,2024-12-02 10:11:45,Security,203,tech044,Database service restarted after crash.
2887,1,2025-09-18 10:12:52,Security,28,tech006,Checked disk health; replaced failing disk.
2888,2,2024-06-30 12:05:29,Network,179,tech025,Replaced faulty NIC and tested connectivity.
2889,3,2025-06-07 07:52:45,Upgrade,247,tech027,Performed kernel update and rebooted.
2890,4,2025-02-17 12:20:08,Upgrade,133,tech045,Replaced faulty NIC and tested connectivity.
2891,0,2024-03-24 16:12:40,Network,126,tech005,Performed kernel update and rebooted.
2892,1,2025-06-16 01:56:15,Security,417,tech007,Replaced faulty NIC and tested connectivity.
2893,2,2024-09-21 06:01:18,Patch,222,tech007,Adjusted firewall rules.
2894,3,2025-03-31 17:47:17,Upgrade,176,tech049,Updated TLS certificates.
2895,0,2024-01-25 13:47:29,Network,357,tech012,Performed kernel update and rebooted.
2896,0,2024-05-11 16:59:37,Patch,65,tech016,Applied security patch and verified.
2897,1,2024-02-26 20:18:42,Incident,315,tech026,Replaced faulty NIC and tested connectivity.
2898,0,2024-04-29 19:54:27,Patch,39,tech020,Adjusted firewall rules.
2899,0,2025-03-19 22:22:20,Upgrade,43,tech026,Adjusted firewall rules.
2900,1,2024-05-21 14:04:52,Patch,411,tech039,Adjusted firewall rules.
2901,2,2024-07-21 15:27:16,Incident,6,tech020,Checked disk health; replaced failing disk.
2902,0,2025-09-21 23:35:04,Network,287,tech049,Performed kernel update and rebooted.
2903,1,2024-02-02 06:47:06,Incident,56,tech048,Updated TLS certificates.
2904,2,2024-09-07 06:46:29,Incident,134,tech008,Performed kernel update and rebooted.
2905,3,2024-06-03 04:59:12,Incident,19,tech039,Applied security patch and verified.
2906,4,2024-02-15 05:20:12,Incident,369,tech002,Applied security patch and verified.
2907,0,2024-05-03 20:36:52,Patch,131,tech037,Applied security patch and verified.
2908,1,2025-01-27 16:43:30,Patch,111,tech002,Database service restarted after crash.
2909,2,2024-01-27 14:36:12,Patch,26,tech002,Performed kernel update and rebooted.
2910,0,2025-04-25 22:43:11,Upgrade,213,tech007,Checked disk health; replaced failing disk.
2911,1,2024-07-26 08:36:04,Patch,110,tech044,Updated TLS certificates.
2912,2,2024-02-01 03:18:02,Security,407,tech018,Updated TLS certificates.
2913,3,2025-05-21 08:39:07,Patch,98,tech048,Replaced faulty NIC and tested connectivity.
2914,0,2024-01-22 15:56:53,Patch,177,tech013,Server rebooted successfully.
2915,1,2025-04-01 04:09:42,Incident,343,tech045,Updated TLS certificates.
2916,0,2024-07-06 09:38:20,Upgrade,167,tech048,Replaced faulty NIC and tested connectivity.
2917,1,2024-03-15 18:53:36,Incident,335,tech015,Checked disk health; replaced failing disk.
2918,0,2024-02-02 02:06:11,Security,96,tech030,Checked disk health; replaced failing disk.
2919,1,2024-12-22 18:00:48,Upgrade,377,tech003,Adjusted firewall rules.
2920,2,2024-11-19 11:34:44,Patch,162,tech050,Replaced faulty NIC and tested connectivity.
2921,3,2025-01-11 01:23:21,Patch,328,tech041,Applied security patch and verified.
2922,4,2024-08-14 00:40:10,Incident,245,tech012,Applied security patch and verified.
2923,5,2024-12-04 14:08:47,Patch,19,tech028,Adjusted firewall rules.
2924,6,2024-09-11 14:52:27,Security,302,tech034,Replaced faulty NIC and tested connectivity.
2925,0,2025-08-30 02:34:12,Security,341,tech041,Updated TLS certificates.
2926,1,2024-12-12 23:14:36,Network,346,tech045,Updated TLS certificates.
2927,2,2024-10-04 04:50:30,Security,38,tech015,Checked disk health; replaced failing disk.
2928,3,2025-08-03 18:52:52,Network,69,tech018,Applied security patch and verified.
2929,0,2024-01-06 08:23:02,Upgrade,72,tech033,Adjusted firewall rules.
2930,1,2024-11-10 14:43:05,Patch,84,tech013,Performed kernel update and rebooted.
2931,2,2024-01-20 22:43:25,Security,154,tech012,Checked disk health; replaced failing disk.
2932,0,2024-12-12 23:52:21,Security,35,tech010,Adjusted firewall rules.
2933,0,2024-02-15 13:23:20,Network,400,tech034,Performed kernel update and rebooted.
2934,0,2024-04-22 07:01:59,Security,343,tech034,Updated TLS certificates.
2935,1,2024-01-22 23:34:16,Upgrade,179,tech006,Checked disk health; replaced failing disk.
2936,2,2024-01-16 06:49:30,Incident,100,tech011,Checked disk health; replaced failing disk.
2937,0,2025-03-07 16:48:19,Network,35,tech024,Replaced faulty NIC and tested connectivity.
2938,0,2024-01-30 08:40:29,Network,53,tech016,Replaced faulty NIC and tested connectivity.
2939,1,2024-08-05 20:12:09,Network,387,tech034,Adjusted firewall rules.
2940,2,2024-10-07 12:34:42,Upgrade,193,tech008,Applied security patch and verified.
2941,3,2024-06-04 05:34:49,Incident,21,tech014,Adjusted firewall rules.
2942,4,2024-06-26 06:28:22,Network,308,tech007,Replaced faulty NIC and tested connectivity.
2943,0,2024-11-10 09:02:40,Upgrade,134,tech001,Updated TLS certificates.
2944,0,2024-11-15 02:09:21,Patch,218,tech048,Adjusted firewall rules.
2945,1,2024-11-10 05:51:20,Network,108,tech003,Checked disk health; replaced failing disk.
2946,2,2024-05-17 15:27:45,Patch,132,tech020,Performed kernel update and rebooted.
2947,3,2024-11-26 11:48:22,Upgrade,136,tech019,Updated TLS certificates.
2948,4,2024-08-01 09:03:59,Security,28,tech045,Updated TLS certificates.
2949,5,2025-07-25 17:45:26,Incident,78,tech031,Updated TLS certificates.
2950,0,2024-01-16 00:33:30,Incident,66,tech035,Server rebooted successfully.
2951,1,2025-06-30 18:40:38,Patch,215,tech002,Server rebooted successfully.
2952,2,2025-07-17 12:34:39,Network,193,tech037,Server rebooted successfully.
2953,3,2024-01-10 09:50:06,Incident,346,tech020,Server rebooted successfully.
2954,0,2025-01-31 03:39:02,Network,348,tech016,Replaced faulty NIC and tested connectivity.
2955,1,2024-01-10 01:25:07,Security,209,tech045,Updated TLS certificates.
2956,2,2025-09-03 04:04:19,Upgrade,268,tech049,Replaced faulty NIC and tested connectivity.
2957,3,2025-01-27 13:37:22,Patch,175,tech018,Applied security patch and verified.
2958,4,2025-02-11 16:55:26,Patch,20,tech037,Adjusted firewall rules.
2959,5,2024-09-01 02:10:23,Patch,163,tech017,Adjusted firewall rules.
2960,0,2025-08-12 22:54:37,Patch,168,tech002,Replaced faulty NIC and tested connectivity.
2961,1,2025-02-25 10:54:30,Patch,251,tech041,Performed kernel update and rebooted.
2962,2,2025-01-03 05:11:52,Security,292,tech045,Applied security patch and verified.
2963,3,2025-03-25 21:57:07,Incident,43,tech010,Adjusted firewall rules.
2964,4,2025-03-12 19:25:43,Network,199,tech026,Server rebooted successfully.
2965,5,2025-06-03 16:26:53,Incident,402,tech024,Server rebooted successfully.
2966,0,2024-07-27 08:22:14,Incident,140,tech015,Database service restarted after crash.
2967,1,2025-01-20 15:48:07,Security,77,tech035,Performed kernel update and rebooted.
2968,2,2024-03-16 15:31:37,Network,275,tech020,Updated TLS certificates.
2969,3,2025-03-01 05:49:49,Patch,375,tech006,Applied security patch and verified.
2970,4,2025-05-01 20:41:45,Security,241,tech009,Replaced faulty NIC and tested connectivity.
2971,5,2024-04-11 09:17:01,Security,345,tech042,Performed kernel update and rebooted.
2972,6,2025-06-06 01:24:49,Upgrade,86,tech049,Database service restarted after crash.
2973,0,2024-11-25 15:37:57,Patch,327,tech017,Replaced faulty NIC and tested connectivity.
2974,1,2025-01-07 14:22:34,Patch,315,tech034,Database service restarted after crash.
2975,2,2025-03-08 18:11:16,Security,34,tech042,Performed kernel update and rebooted.
2976,3,2025-02-28 19:45:41,Patch,219,tech025,Applied security patch and verified.
2977,0,2024-03-02 09:15:00,Incident,333,tech031,Replaced faulty NIC and tested connectivity.
2978,1,2024-08-19 08:38:57,Patch,284,tech006,Applied security patch and verified.
2979,0,2024-04-04 11:34:27,Security,350,tech027,Adjusted firewall rules.
2980,1,2024-02-11 23:31:20,Upgrade,293,tech034,Adjusted firewall rules.
2981,2,2025-01-07 05:38:07,Upgrade,15,tech041,Adjusted firewall rules.
2982,0,2024-11-18 11:41:30,Patch,384,tech035,Checked disk health; replaced failing disk.
2983,0,2024-11-19 13:49:17,Network,165,tech038,Server rebooted successfully.
2984,1,2025-09-10 16:54:49,Patch,295,tech003,Adjusted firewall rules.
2985,2,2024-11-30 06:13:11,Patch,83,tech006,Server rebooted successfully.
2986,0,2025-09-03 04:42:53,Patch,240,tech003,Performed kernel update and rebooted.
2987,1,2024-08-03 17:49:36,Patch,294,tech022,Server rebooted successfully.
2988,2,2025-04-20 03:16:51,Incident,415,tech002,Replaced faulty NIC and tested connectivity.
2989,0,2024-06-16 08:38:47,Network,200,tech045,Applied security patch and verified.
2990,1,2025-02-18 21:52:58,Security,376,tech045,Server rebooted successfully.
2991,2,2024-10-08 01:10:50,Network,172,tech023,Updated TLS certificates.
2992,0,2025-06-27 15:04:41,Network,226,tech018,Replaced faulty NIC and tested connectivity.
2993,1,2025-05-28 12:59:17,Patch,84,tech018,Applied security patch and verified.
2994,2,2024-05-21 19:23:19,Network,126,tech009,Applied security patch and verified.
2995,3,2024-11-25 09:33:50,Patch,398,tech007,Applied security patch and verified.
2996,4,2025-08-08 14:25:48,Network,286,tech039,Server rebooted successfully.
2997,5,2024-06-03 09:28:47,Incident,40,tech043,Server rebooted successfully.
2998,0,2024-04-11 19:49:22,Incident,373,tech022,Applied security patch and verified.
2999,1,2024-11-13 21:19:27,Network,127,tech029,Adjusted firewall rules.
3000,0,2025-07-20 04:33:33,Network,137,tech026,Checked disk health; replaced failing disk.
3001,0,2024-08-31 14:15:55,Network,348,tech021,Replaced faulty NIC and tested connectivity.
3002,1,2024-07-24 21:13:29,Upgrade,415,tech046,Database service restarted after crash.
3003,0,2025-05-05 05:34:56,Network,142,tech046,Replaced faulty NIC and tested connectivity.
3004,1,2024-01-31 05:48:00,Patch,216,tech040,Server rebooted successfully.
3005,2,2025-09-07 05:30:46,Incident,339,tech035,Replaced faulty NIC and tested connectivity.
3006,0,2024-03-16 18:11:30,Network,273,tech042,Updated TLS certificates.
3007,1,2024-11-28 07:03:47,Network,32,tech045,Checked disk health; replaced failing disk.
3008,2,2024-12-10 20:31:19,Patch,308,tech038,Performed kernel update and rebooted.
3009,3,2024-11-22 01:11:48,Incident,62,tech014,Performed kernel update and rebooted.
3010,4,2024-06-03 17:01:40,Security,21,tech016,Adjusted firewall rules.
3011,5,2024-02-23 07:01:52,Network,85,tech004,Replaced faulty NIC and tested connectivity.
3012,0,2024-01-25 01:30:49,Upgrade,77,tech044,Replaced faulty NIC and tested connectivity.
3013,1,2024-02-14 15:03:18,Upgrade,364,tech047,Adjusted firewall rules.
3014,2,2025-08-20 15:31:34,Network,363,tech047,Database service restarted after crash.
3015,3,2025-07-06 11:06:37,Security,356,tech050,Performed kernel update and rebooted.
3016,4,2024-01-02 00:16:40,Incident,376,tech037,Replaced faulty NIC and tested connectivity.
3017,0,2024-04-01 19:53:40,Security,243,tech008,Replaced faulty NIC and tested connectivity.
3018,1,2025-09-29 08:40:39,Incident,20,tech034,Adjusted firewall rules.
3019,2,2024-03-05 13:42:39,Incident,111,tech011,Server rebooted successfully.
3020,0,2024-11-04 03:38:45,Incident,359,tech044,Applied security patch and verified.
3021,1,2025-05-17 19:03:51,Upgrade,235,tech032,Adjusted firewall rules.
3022,0,2024-10-16 15:40:31,Incident,164,tech016,Adjusted firewall rules.
3023,1,2024-01-25 21:56:44,Security,341,tech004,Performed kernel update and rebooted.
3024,0,2024-06-24 04:49:12,Incident,340,tech017,Database service restarted after crash.
3025,1,2024-08-11 00:25:56,Patch,244,tech025,Server rebooted successfully.
3026,2,2025-01-13 02:19:43,Patch,86,tech009,Adjusted firewall rules.
3027,0,2024-12-08 00:32:09,Patch,148,tech030,Checked disk health; replaced failing disk.
3028,1,2024-09-28 21:23:53,Security,235,tech049,Updated TLS certificates.
3029,2,2025-09-10 21:09:51,Upgrade,61,tech025,Updated TLS certificates.
3030,3,2025-02-04 21:20:22,Network,321,tech028,Checked disk health; replaced failing disk.
3031,0,2025-02-14 02:22:01,Network,11,tech017,Adjusted firewall rules.
3032,1,2025-08-26 05:35:55,Network,368,tech006,Database service restarted after crash.
3033,2,2024-09-11 12:46:21,Patch,330,tech039,Adjusted firewall rules.
3034,3,2025-02-12 06:46:27,Upgrade,43,tech047,Adjusted firewall rules.
3035,0,2025-02-03 01:55:17,Incident,130,tech037,Checked disk health; replaced failing disk.
3036,1,2025-06-21 02:38:28,Incident,188,tech012,Checked disk health; replaced failing disk.
3037,2,2025-08-10 15:54:35,Network,384,tech026,Applied security patch and verified.
3038,0,2024-12-02 02:29:45,Security,193,tech026,Updated TLS certificates.
3039,1,2025-06-29 12:56:55,Upgrade,208,tech023,Checked disk health; replaced failing disk.
3040,0,2025-08-23 08:04:20,Security,249,tech042,Applied security patch and verified.
3041,1,2025-02-08 11:54:09,Patch,128,tech021,Adjusted firewall rules.
3042,2,2024-01-27 03:03:34,Incident,188,tech002,Replaced faulty NIC and tested connectivity.
3043,3,2025-07-08 22:12:06,Security,270,tech038,Database service restarted after crash.
3044,4,2024-05-27 08:25:11,Upgrade,177,tech012,Applied security patch and verified.
3045,5,2025-07-12 18:57:16,Network,71,tech023,Updated TLS certificates.
3046,6,2025-02-28 21:29:38,Patch,44,tech005,Applied security patch and verified.
3047,0,2025-04-21 08:27:41,Upgrade,296,tech035,Server rebooted successfully.
3048,1,2024-03-10 20:33:10,Incident,32,tech006,Updated TLS certificates.
3049,2,2025-07-18 07:49:38,Patch,328,tech031,Replaced faulty NIC and tested connectivity.
3050,3,2025-04-07 01:16:54,Security,161,tech022,Updated TLS certificates.
3051,4,2025-04-17 11:23:42,Patch,393,tech006,Checked disk health; replaced failing disk.
3052,5,2025-03-18 07:36:00,Patch,317,tech047,Checked disk health; replaced failing disk.
3053,6,2025-06-07 04:29:11,Upgrade,120,tech033,Server rebooted successfully.
3054,7,2024-11-30 12:05:47,Incident,220,tech009,Checked disk health; replaced failing disk.
3055,8,2024-10-14 17:44:31,Upgrade,120,tech014,Performed kernel update and rebooted.
3056,0,2025-05-22 21:59:19,Incident,378,tech030,Replaced faulty NIC and tested connectivity.
3057,1,2024-07-22 15:56:21,Upgrade,55,tech023,Applied security patch and verified.
3058,2,2024-05-21 11:40:11,Incident,377,tech020,Performed kernel update and rebooted.
3059,0,2024-01-31 07:14:15,Security,320,tech039,Replaced faulty NIC and tested connectivity.
3060,1,2024-04-22 05:28:13,Security,262,tech002,Applied security patch and verified.
3061,2,2024-06-02 00:24:29,Incident,63,tech022,Applied security patch and verified.
3062,0,2024-10-20 07:55:04,Security,365,tech025,Updated TLS certificates.
3063,1,2025-08-03 09:14:23,Security,122,tech038,Adjusted firewall rules.
3064,0,2025-08-25 12:39:06,Network,34,tech042,Database service restarted after crash.
3065,0,2024-10-23 05:17:56,Upgrade,204,tech029,Checked disk health; replaced failing disk.
3066,1,2025-02-21 22:48:40,Incident,353,tech026,Server rebooted successfully.
3067,0,2024-07-08 12:37:04,Security,51,tech007,Server rebooted successfully.
3068,1,2024-03-10 12:25:07,Patch,10,tech047,Performed kernel update and rebooted.
3069,0,2024-05-31 14:53:12,Upgrade,110,tech008,Performed kernel update and rebooted.
3070,0,2024-08-21 08:33:45,Security,134,tech006,Database service restarted after crash.
3071,1,2024-09-25 04:45:11,Network,244,tech004,Database service restarted after crash.
3072,2,2025-08-30 10:09:22,Patch,7,tech018,Database service restarted after crash.
3073,3,2025-03-20 20:49:03,Security,383,tech013,Database service restarted after crash.
3074,0,2025-09-04 19:56:02,Upgrade,91,tech042,Database service restarted after crash.
3075,1,2025-07-20 11:32:07,Network,272,tech003,Adjusted firewall rules.
3076,0,2024-01-03 20:34:32,Patch,302,tech005,Replaced faulty NIC and tested connectivity.
3077,1,2024-03-22 01:51:49,Security,413,tech028,Adjusted firewall rules.
3078,2,2025-03-02 15:21:39,Incident,245,tech022,Server rebooted successfully.
3079,0,2024-07-20 14:39:12,Network,272,tech032,Adjusted firewall rules.
3080,1,2024-06-19 18:21:10,Network,297,tech004,Applied security patch and verified.
3081,2,2025-09-21 01:00:29,Security,364,tech003,Updated TLS certificates.
3082,0,2024-02-13 00:58:50,Network,21,tech046,Updated TLS certificates.
3083,1,2024-10-14 18:21:27,Network,307,tech048,Applied security patch and verified.
3084,2,2025-04-11 05:49:01,Upgrade,38,tech005,Server rebooted successfully.
3085,3,2024-05-10 19:08:52,Upgrade,398,tech046,Replaced faulty NIC and tested connectivity.
3086,0,2024-11-22 15:52:03,Incident,194,tech026,Replaced faulty NIC and tested connectivity.
3087,1,2024-04-10 20:28:01,Security,49,tech017,Applied security patch and verified.
3088,2,2024-04-01 15:30:58,Upgrade,22,tech011,Server rebooted successfully.
3089,3,2025-06-27 22:05:33,Network,395,tech004,Updated TLS certificates.
3090,4,2024-12-13 21:00:56,Security,288,tech013,Replaced faulty NIC and tested connectivity.
3091,5,2025-07-05 17:45:07,Incident,7,tech021,Performed kernel update and rebooted.
3092,6,2025-04-23 18:29:33,Network,63,tech049,Replaced faulty NIC and tested connectivity.
3093,0,2025-05-21 23:28:21,Incident,333,tech029,Updated TLS certificates.
3094,1,2024-05-10 23:02:13,Patch,141,tech003,Adjusted firewall rules.
3095,2,2024-08-07 16:55:32,Upgrade,295,tech013,Adjusted firewall rules.
3096,3,2025-05-28 21:51:36,Patch,171,tech006,Performed kernel update and rebooted.
3097,4,2025-01-29 21:21:02,Incident,158,tech002,Performed kernel update and rebooted.
3098,5,2024-08-07 19:34:08,Network,397,tech042,Performed kernel update and rebooted.
3099,6,2025-01-26 13:51:08,Network,89,tech017,Checked disk health; replaced failing disk.
3100,0,2024-01-25 09:25:16,Upgrade,347,tech048,Checked disk health; replaced failing disk.
3101,0,2024-08-25 02:52:01,Incident,168,tech015,Applied security patch and verified.
3102,1,2024-04-27 15:04:49,Security,47,tech022,Adjusted firewall rules.
3103,2,2024-06-17 23:16:10,Upgrade,244,tech014,Replaced faulty NIC and tested connectivity.
3104,0,2024-07-05 19:23:49,Upgrade,64,tech034,Updated TLS certificates.
3105,1,2025-05-06 18:22:37,Upgrade,128,tech003,Adjusted firewall rules.
3106,2,2025-05-06 19:39:00,Network,265,tech028,Replaced faulty NIC and tested connectivity.
3107,3,2024-01-09 23:01:12,Security,138,tech031,Server rebooted successfully.
3108,4,2024-08-28 12:50:41,Network,178,tech049,Database service restarted after crash.
3109,0,2025-04-13 22:20:11,Upgrade,122,tech029,Database service restarted after crash.
3110,1,2024-11-10 13:41:44,Incident,262,tech021,Adjusted firewall rules.
3111,2,2024-07-06 23:58:50,Upgrade,377,tech016,Replaced faulty NIC and tested connectivity.
3112,3,2025-05-06 11:15:04,Incident,355,tech005,Database service restarted after crash.
3113,4,2024-08-15 00:59:20,Patch,30,tech041,Replaced faulty NIC and tested connectivity.
3114,0,2024-09-23 15:19:38,Security,80,tech010,Adjusted firewall rules.
3115,0,2024-06-11 09:51:30,Patch,310,tech031,Performed kernel update and rebooted.
3116,1,2025-03-15 09:51:22,Incident,292,tech040,Server rebooted successfully.
3117,2,2024-02-26 03:25:45,Network,178,tech035,Adjusted firewall rules.
3118,0,2024-07-10 11:11:56,Security,209,tech039,Database service restarted after crash.
3119,1,2024-08-25 05:09:43,Security,394,tech014,Adjusted firewall rules.
3120,0,2025-02-07 09:46:50,Upgrade,252,tech050,Performed kernel update and rebooted.
3121,1,2024-07-20 01:51:26,Upgrade,53,tech023,Performed kernel update and rebooted.
3122,2,2024-02-27 12:09:19,Patch,374,tech007,Adjusted firewall rules.
3123,3,2024-12-30 05:06:26,Patch,197,tech027,Checked disk health; replaced failing disk.
3124,4,2024-01-25 20:03:47,Network,80,tech023,Replaced faulty NIC and tested connectivity.
3125,0,2025-07-04 08:49:15,Patch,344,tech006,Adjusted firewall rules.
3126,1,2024-02-08 17:41:08,Upgrade,222,tech028,Updated TLS certificates.
3127,2,2024-04-10 11:06:08,Patch,304,tech001,Applied security patch and verified.
3128,0,2025-07-17 08:54:30,Security,252,tech044,Replaced faulty NIC and tested connectivity.
3129,1,2024-03-23 22:59:42,Security,330,tech047,Performed kernel update and rebooted.
3130,2,2024-09-15 20:10:31,Upgrade,222,tech049,Adjusted firewall rules.
3131,0,2025-09-03 13:50:05,Upgrade,317,tech036,Replaced faulty NIC and tested connectivity.
3132,1,2024-06-03 08:02:23,Network,393,tech048,Replaced faulty NIC and tested connectivity.
3133,0,2025-08-12 18:55:45,Incident,166,tech012,Database service restarted after crash.
3134,1,2025-09-28 02:00:51,Patch,49,tech027,Updated TLS certificates.
3135,2,2025-02-18 15:37:11,Upgrade,338,tech045,Replaced faulty NIC and tested connectivity.
3136,3,2024-02-02 02:50:28,Security,411,tech018,Database service restarted after crash.
3137,0,2024-11-28 19:10:11,Network,33,tech032,Performed kernel update and rebooted.
3138,1,2024-10-12 22:35:48,Upgrade,245,tech035,Applied security patch and verified.
3139,2,2024-03-06 09:34:33,Incident,129,tech012,Replaced faulty NIC and tested connectivity.
3140,3,2024-01-12 15:45:02,Security,98,tech011,Database service restarted after crash.
3141,0,2024-07-08 12:23:42,Network,35,tech043,Checked disk health; replaced failing disk.
3142,1,2024-05-08 18:22:44,Incident,323,tech030,Applied security patch and verified.
3143,2,2024-12-18 11:47:06,Network,239,tech048,Server rebooted successfully.
3144,3,2025-09-09 23:43:19,Incident,13,tech043,Database service restarted after crash.
3145,0,2024-11-17 18:08:20,Patch,16,tech018,Updated TLS certificates.
3146,1,2024-05-02 20:15:02,Patch,191,tech049,Checked disk health; replaced failing disk.
3147,2,2025-08-09 10:53:44,Network,348,tech003,Server rebooted successfully.
3148,0,2024-12-24 02:34:13,Incident,255,tech020,Adjusted firewall rules.
3149,1,2024-04-22 01:38:50,Patch,168,tech001,Database service restarted after crash.
3150,0,2024-08-30 17:09:11,Security,235,tech027,Adjusted firewall rules.
3151,0,2024-01-09 01:34:10,Security,302,tech024,Adjusted firewall rules.
3152,0,2024-03-30 11:28:49,Security,56,tech016,Applied security patch and verified.
3153,1,2024-08-18 09:53:46,Patch,72,tech025,Replaced faulty NIC and tested connectivity.
3154,0,2025-02-03 01:49:02,Security,238,tech023,Checked disk health; replaced failing disk.
3155,1,2024-12-05 06:19:25,Network,392,tech005,Performed kernel update and rebooted.
3156,2,2025-07-04 05:06:24,Network,28,tech007,Database service restarted after crash.
3157,3,2025-01-04 19:11:50,Security,282,tech044,Database service restarted after crash.
3158,4,2024-01-06 05:51:02,Network,414,tech048,Replaced faulty NIC and tested connectivity.
3159,5,2025-07-07 00:52:38,Network,132,tech037,Updated TLS certificates.
3160,0,2024-07-05 16:54:11,Upgrade,70,tech041,Server rebooted successfully.
3161,1,2025-05-31 16:32:12,Security,302,tech025,Replaced faulty NIC and tested connectivity.
3162,2,2024-01-01 22:57:50,Security,341,tech048,Replaced faulty NIC and tested connectivity.
3163,3,2025-08-04 13:20:52,Incident,355,tech006,Database service restarted after crash.
3164,4,2024-06-21 06:39:03,Security,244,tech013,Updated TLS certificates.
3165,5,2025-07-14 11:45:33,Patch,348,tech005,Adjusted firewall rules.
3166,0,2025-04-01 21:39:50,Network,382,tech005,Server rebooted successfully.
3167,1,2024-09-04 03:08:35,Security,69,tech044,Adjusted firewall rules.
3168,2,2024-02-16 14:59:13,Patch,417,tech039,Applied security patch and verified.
3169,3,2025-06-08 03:20:48,Patch,121,tech040,Replaced faulty NIC and tested connectivity.
3170,4,2024-04-11 11:51:57,Incident,377,tech043,Updated TLS certificates.
3171,0,2024-03-23 13:52:32,Security,151,tech031,Applied security patch and verified.
3172,1,2024-01-11 10:35:28,Network,352,tech031,Server rebooted successfully.
3173,2,2025-08-02 02:49:59,Incident,392,tech023,Applied security patch and verified.
3174,0,2024-07-17 10:02:45,Patch,395,tech036,Replaced faulty NIC and tested connectivity.
3175,1,2024-12-30 09:24:06,Network,141,tech034,Server rebooted successfully.
3176,0,2024-06-15 04:34:40,Incident,295,tech040,Database service restarted after crash.
3177,0,2025-08-09 07:12:53,Patch,17,tech026,Checked disk health; replaced failing disk.
3178,1,2024-11-05 02:46:32,Security,239,tech041,Applied security patch and verified.
3179,2,2024-11-09 22:01:21,Upgrade,297,tech012,Performed kernel update and rebooted.
3180,3,2025-04-22 03:26:14,Network,168,tech020,Applied security patch and verified.
3181,0,2025-03-07 00:07:13,Patch,412,tech049,Updated TLS certificates.
3182,1,2024-10-08 03:46:57,Patch,339,tech022,Database service restarted after crash.
3183,2,2025-02-26 11:02:48,Patch,158,tech006,Database service restarted after crash.
3184,3,2024-03-03 19:18:59,Upgrade,166,tech034,Database service restarted after crash.
3185,0,2025-06-29 16:41:02,Upgrade,311,tech001,Database service restarted after crash.
3186,1,2024-09-05 02:14:02,Network,219,tech006,Server rebooted successfully.
3187,2,2025-04-11 21:52:25,Security,237,tech007,Checked disk health; replaced failing disk.
3188,0,2024-01-28 03:51:45,Upgrade,419,tech023,Updated TLS certificates.
3189,1,2025-06-15 16:33:53,Upgrade,196,tech045,Checked disk health; replaced failing disk.
3190,2,2024-11-14 23:36:15,Security,83,tech004,Adjusted firewall rules.
3191,0,2024-12-18 15:52:50,Upgrade,242,tech015,Performed kernel update and rebooted.
3192,1,2025-01-27 20:28:07,Security,346,tech024,Adjusted firewall rules.
3193,2,2024-04-05 18:27:38,Security,137,tech047,Performed kernel update and rebooted.
3194,3,2024-03-26 19:28:41,Upgrade,328,tech024,Adjusted firewall rules.
3195,0,2025-05-06 02:39:47,Security,355,tech044,Performed kernel update and rebooted.
3196,1,2024-05-24 15:15:22,Patch,291,tech045,Adjusted firewall rules.
3197,2,2025-07-08 07:36:34,Incident,187,tech033,Performed kernel update and rebooted.
3198,3,2024-12-28 14:06:17,Incident,369,tech021,Server rebooted successfully.
3199,4,2025-08-02 17:16:28,Patch,133,tech035,Performed kernel update and rebooted.
3200,0,2024-10-22 09:57:22,Security,298,tech001,Server rebooted successfully.
3201,1,2025-08-02 20:54:06,Incident,22,tech010,Database service restarted after crash.
3202,2,2025-08-05 15:53:49,Patch,49,tech008,Performed kernel update and rebooted.
3203,0,2025-01-05 12:06:19,Upgrade,64,tech035,Database service restarted after crash.
3204,1,2025-03-03 00:20:08,Incident,257,tech011,Checked disk health; replaced failing disk.
3205,2,2025-05-21 17:59:56,Upgrade,209,tech019,Applied security patch and verified.
3206,3,2024-03-05 14:37:31,Security,261,tech009,Adjusted firewall rules.
3207,0,2024-10-09 09:38:04,Upgrade,274,tech026,Applied security patch and verified.
3208,0,2024-10-03 21:39:41,Incident,73,tech034,Checked disk health; replaced failing disk.
3209,1,2024-11-03 18:44:54,Upgrade,174,tech010,Server rebooted successfully.
3210,2,2024-04-17 15:58:34,Patch,71,tech009,Server rebooted successfully.
3211,0,2024-11-15 04:41:31,Security,338,tech007,Server rebooted successfully.
3212,1,2025-07-07 19:42:36,Security,103,tech007,Server rebooted successfully.
3213,2,2024-05-20 09:52:57,Incident,317,tech020,Database service restarted after crash.
3214,3,2024-12-17 15:46:05,Upgrade,272,tech021,Adjusted firewall rules.
3215,4,2025-01-07 08:17:23,Network,24,tech034,Replaced faulty NIC and tested connectivity.
3216,0,2025-05-16 18:48:03,Upgrade,106,tech016,Updated TLS certificates.
3217,1,2024-09-02 13:54:33,Security,310,tech039,Performed kernel update and rebooted.
3218,2,2025-07-22 10:57:29,Patch,416,tech043,Database service restarted after crash.
3219,0,2025-06-23 12:39:25,Incident,207,tech045,Checked disk health; replaced failing disk.
3220,1,2024-02-02 22:49:13,Security,241,tech028,Server rebooted successfully.
3221,2,2024-03-23 03:27:44,Patch,321,tech008,Database service restarted after crash.
3222,3,2025-05-08 00:05:37,Upgrade,217,tech038,Applied security patch and verified.
3223,4,2024-04-14 12:20:07,Security,127,tech028,Updated TLS certificates.
3224,5,2025-06-30 06:21:49,Network,53,tech024,Updated TLS certificates.
3225,0,2025-03-10 09:42:05,Patch,230,tech021,Replaced faulty NIC and tested connectivity.
3226,1,2024-12-19 11:29:52,Security,381,tech044,Replaced faulty NIC and tested connectivity.
3227,2,2025-03-28 22:39:39,Security,284,tech050,Checked disk health; replaced failing disk.
3228,0,2025-07-07 23:53:29,Security,229,tech029,Adjusted firewall rules.
3229,1,2024-05-28 17:32:48,Upgrade,255,tech029,Performed kernel update and rebooted.
3230,2,2025-04-08 17:11:13,Security,306,tech014,Performed kernel update and rebooted.
3231,0,2024-11-18 15:36:34,Upgrade,275,tech035,Adjusted firewall rules.
3232,1,2025-03-28 23:39:19,Patch,344,tech002,Applied security patch and verified.
3233,2,2024-01-02 04:14:50,Incident,329,tech033,Performed kernel update and rebooted.
3234,0,2025-07-23 19:04:22,Upgrade,362,tech017,Replaced faulty NIC and tested connectivity.
3235,1,2024-04-29 03:13:09,Network,53,tech016,Performed kernel update and rebooted.
3236,2,2024-06-16 03:30:33,Security,382,tech027,Applied security patch and verified.
3237,3,2025-06-30 07:39:42,Patch,38,tech033,Updated TLS certificates.
3238,4,2025-07-07 06:27:22,Network,357,tech015,Applied security patch and verified.
3239,5,2024-08-30 13:16:38,Security,17,tech005,Server rebooted successfully.
3240,0,2024-11-17 09:13:54,Security,39,tech046,Applied security patch and verified.
3241,1,2024-10-15 20:01:36,Patch,154,tech001,Applied security patch and verified.
3242,2,2025-06-08 07:01:25,Security,420,tech006,Adjusted firewall rules.
3243,3,2024-11-11 00:01:42,Upgrade,79,tech031,Checked disk health; replaced failing disk.
3244,0,2024-04-03 10:26:03,Incident,369,tech028,Server rebooted successfully.
3245,1,2024-09-25 10:11:40,Upgrade,190,tech045,Database service restarted after crash.
3246,2,2025-07-04 04:45:11,Upgrade,348,tech008,Performed kernel update and rebooted.
3247,0,2024-10-06 03:43:24,Upgrade,106,tech029,Server rebooted successfully.
3248,1,2024-12-17 06:56:28,Incident,136,tech034,Database service restarted after crash.
3249,2,2024-10-15 05:44:54,Patch,148,tech014,Server rebooted successfully.
3250,3,2025-05-21 08:16:51,Patch,256,tech039,Database service restarted after crash.
3251,4,2025-08-12 03:43:23,Patch,89,tech005,Applied security patch and verified.
3252,5,2024-08-21 13:11:13,Security,222,tech024,Performed kernel update and rebooted.
3253,0,2025-03-27 05:02:15,Network,383,tech044,Performed kernel update and rebooted.
3254,1,2025-02-21 11:49:25,Security,82,tech005,Database service restarted after crash.
3255,2,2025-07-30 14:03:25,Upgrade,420,tech005,Updated TLS certificates.
3256,3,2025-06-01 06:51:59,Network,44,tech025,Adjusted firewall rules.
3257,0,2024-05-11 02:42:02,Upgrade,69,tech016,Adjusted firewall rules.
3258,1,2025-07-31 19:44:09,Incident,46,tech028,Replaced faulty NIC and tested connectivity.
3259,2,2024-05-14 00:19:11,Patch,235,tech039,Checked disk health; replaced failing disk.
3260,3,2024-07-01 13:03:31,Incident,207,tech001,Checked disk health; replaced failing disk.
3261,0,2024-08-15 14:35:19,Incident,292,tech035,Performed kernel update and rebooted.
3262,1,2024-05-22 07:50:28,Patch,338,tech046,Adjusted firewall rules.
3263,0,2024-12-15 08:28:41,Security,377,tech043,Replaced faulty NIC and tested connectivity.
3264,1,2024-11-04 01:14:52,Upgrade,409,tech034,Updated TLS certificates.
3265,2,2024-07-13 09:30:44,Incident,27,tech048,Server rebooted successfully.
3266,3,2024-08-09 17:23:57,Patch,407,tech014,Checked disk health; replaced failing disk.
3267,4,2025-01-19 09:58:09,Upgrade,305,tech033,Checked disk health; replaced failing disk.
3268,0,2025-07-19 19:16:08,Incident,112,tech023,Server rebooted successfully.
3269,1,2025-01-03 21:01:47,Incident,60,tech017,Applied security patch and verified.
3270,2,2024-11-10 19:32:07,Upgrade,343,tech048,Adjusted firewall rules.
3271,3,2024-01-11 13:33:03,Patch,381,tech014,Replaced faulty NIC and tested connectivity.
3272,4,2025-01-26 23:35:36,Upgrade,187,tech003,Server rebooted successfully.
3273,5,2024-04-24 06:26:23,Incident,310,tech032,Database service restarted after crash.
3274,6,2024-09-07 18:37:46,Network,128,tech007,Checked disk health; replaced failing disk.
3275,0,2025-03-29 23:43:52,Incident,148,tech018,Updated TLS certificates.
3276,1,2024-09-25 05:38:18,Security,5,tech001,Database service restarted after crash.
3277,2,2024-09-29 09:04:35,Incident,163,tech045,Adjusted firewall rules.
3278,3,2024-01-26 16:51:29,Upgrade,304,tech033,Database service restarted after crash.
3279,4,2025-08-26 23:54:50,Upgrade,41,tech034,Checked disk health; replaced failing disk.
3280,5,2024-03-01 13:16:28,Incident,32,tech044,Updated TLS certificates.
3281,0,2025-04-16 20:02:11,Security,164,tech045,Replaced faulty NIC and tested connectivity.
3282,0,2024-01-26 01:31:15,Patch,142,tech022,Adjusted firewall rules.
3283,1,2024-05-23 15:17:34,Incident,70,tech042,Adjusted firewall rules.
3284,2,2025-08-10 22:45:27,Network,199,tech027,Updated TLS certificates.
3285,3,2025-07-03 01:16:09,Upgrade,65,tech039,Applied security patch and verified.
3286,4,2025-04-02 22:44:16,Incident,228,tech032,Server rebooted successfully.
3287,5,2025-09-30 03:04:28,Network,204,tech042,Applied security patch and verified.
3288,0,2024-11-09 05:34:28,Upgrade,254,tech047,Checked disk health; replaced failing disk.
3289,1,2024-03-05 22:15:47,Incident,394,tech019,Adjusted firewall rules.
3290,0,2025-09-22 22:14:36,Incident,191,tech030,Server rebooted successfully.
3291,1,2024-09-12 02:26:17,Network,6,tech032,Adjusted firewall rules.
3292,2,2025-03-21 20:56:24,Patch,326,tech044,Database service restarted after crash.
3293,3,2024-04-04 02:54:59,Patch,144,tech006,Checked disk health; replaced failing disk.
3294,0,2024-03-10 07:54:48,Network,229,tech026,Updated TLS certificates.
3295,1,2024-07-17 19:55:43,Incident,46,tech005,Replaced faulty NIC and tested connectivity.
3296,2,2024-11-02 08:28:30,Network,158,tech003,Updated TLS certificates.
3297,3,2024-02-13 17:32:45,Incident,24,tech017,Server rebooted successfully.
3298,4,2024-03-31 05:55:28,Patch,34,tech035,Adjusted firewall rules.
3299,0,2024-01-27 01:40:32,Network,409,tech016,Replaced faulty NIC and tested connectivity.
3300,1,2024-05-06 22:07:50,Upgrade,378,tech012,Checked disk health; replaced failing disk.
3301,2,2025-09-27 16:16:03,Patch,123,tech046,Replaced faulty NIC and tested connectivity.
3302,3,2025-05-05 08:31:07,Patch,417,tech002,Checked disk health; replaced failing disk.
3303,4,2025-05-02 21:22:46,Upgrade,95,tech039,Adjusted firewall rules.
3304,5,2025-09-15 18:57:14,Incident,68,tech034,Adjusted firewall rules.
3305,6,2025-01-16 12:36:50,Patch,136,tech045,Applied security patch and verified.
3306,7,2024-07-05 16:05:42,Patch,377,tech028,Adjusted firewall rules.
3307,0,2024-11-08 09:43:43,Incident,418,tech037,Replaced faulty NIC and tested connectivity.
3308,1,2025-09-01 04:51:59,Security,199,tech008,Updated TLS certificates.
3309,2,2024-05-12 10:13:37,Incident,327,tech031,Adjusted firewall rules.
3310,0,2024-02-24 18:49:46,Upgrade,414,tech033,Server rebooted successfully.
3311,0,2025-03-01 06:38:35,Security,14,tech011,Checked disk health; replaced failing disk.
3312,1,2024-08-29 15:35:48,Upgrade,274,tech032,Updated TLS certificates.
3313,2,2024-12-17 03:46:10,Network,64,tech026,Updated TLS certificates.
3314,3,2025-05-09 13:02:40,Network,232,tech011,Database service restarted after crash.
3315,4,2024-06-20 03:20:00,Security,256,tech029,Replaced faulty NIC and tested connectivity.
3316,5,2025-09-08 00:23:58,Network,182,tech026,Applied security patch and verified.
3317,0,2024-11-25 03:53:39,Incident,7,tech019,Server rebooted successfully.
3318,1,2025-01-02 13:21:27,Network,134,tech021,Performed kernel update and rebooted.
3319,0,2024-07-11 20:52:12,Patch,221,tech034,Adjusted firewall rules.
3320,1,2025-09-11 07:20:31,Upgrade,12,tech030,Updated TLS certificates.
3321,2,2024-08-14 23:05:56,Upgrade,365,tech023,Database service restarted after crash.
3322,0,2024-02-03 14:56:54,Incident,33,tech042,Database service restarted after crash.
3323,1,2025-05-12 23:01:46,Incident,202,tech039,Checked disk health; replaced failing disk.
3324,2,2025-01-21 08:57:53,Network,147,tech033,Checked disk health; replaced failing disk.
3325,3,2025-04-27 17:53:46,Incident,386,tech002,Server rebooted successfully.
3326,4,2024-10-13 02:05:38,Upgrade,249,tech041,Server rebooted successfully.
3327,0,2024-02-13 06:13:12,Patch,178,tech048,Adjusted firewall rules.
3328,1,2024-11-15 01:32:54,Upgrade,162,tech038,Updated TLS certificates.
3329,2,2025-01-26 16:57:01,Incident,419,tech037,Server rebooted successfully.
3330,0,2024-09-14 07:00:02,Upgrade,405,tech013,Adjusted firewall rules.
3331,1,2024-02-07 07:59:50,Upgrade,324,tech001,Checked disk health; replaced failing disk.
3332,2,2024-12-25 03:47:46,Upgrade,149,tech020,Checked disk health; replaced failing disk.
3333,3,2024-03-02 23:14:14,Security,134,tech006,Applied security patch and verified.
3334,4,2024-08-10 08:44:11,Patch,233,tech038,Adjusted firewall rules.
3335,5,2024-06-18 12:00:32,Network,190,tech004,Updated TLS certificates.
3336,0,2025-08-08 00:37:09,Network,295,tech040,Database service restarted after crash.
3337,1,2024-11-01 15:31:40,Patch,347,tech033,Adjusted firewall rules.
3338,0,2024-08-06 17:57:43,Network,168,tech036,Replaced faulty NIC and tested connectivity.
3339,1,2025-02-14 21:22:39,Patch,57,tech031,Updated TLS certificates.
3340,2,2025-06-28 10:51:15,Security,331,tech027,Server rebooted successfully.
3341,3,2025-03-10 00:46:45,Patch,97,tech018,Adjusted firewall rules.
3342,0,2024-05-19 14:08:34,Incident,157,tech005,Server rebooted successfully.
3343,1,2024-06-13 16:24:58,Network,53,tech009,Adjusted firewall rules.
3344,2,2025-01-05 11:41:13,Network,187,tech018,Checked disk health; replaced failing disk.
3345,0,2024-07-21 11:52:37,Security,326,tech023,Database service restarted after crash.
3346,0,2024-01-14 16:19:24,Network,203,tech044,Database service restarted after crash.
3347,1,2024-10-01 13:04:24,Patch,135,tech042,Applied security patch and verified.
3348,2,2025-03-19 06:05:29,Security,31,tech008,Applied security patch and verified.
3349,3,2024-06-29 06:43:16,Incident,229,tech019,Checked disk health; replaced failing disk.
3350,4,2025-08-13 16:43:53,Network,69,tech026,Adjusted firewall rules.
3351,5,2025-02-21 07:34:13,Upgrade,134,tech047,Performed kernel update and rebooted.
3352,6,2025-09-30 14:39:29,Security,324,tech015,Performed kernel update and rebooted.
3353,7,2025-07-25 00:53:01,Patch,58,tech023,Replaced faulty NIC and tested connectivity.
3354,0,2024-10-09 04:21:11,Upgrade,213,tech019,Adjusted firewall rules.
3355,1,2025-02-26 02:13:07,Security,144,tech028,Updated TLS certificates.
3356,2,2024-03-07 17:14:42,Incident,333,tech026,Replaced faulty NIC and tested connectivity.
3357,3,2025-08-01 07:02:48,Network,376,tech014,Performed kernel update and rebooted.
3358,0,2025-08-22 04:46:07,Network,21,tech022,Adjusted firewall rules.
3359,1,2024-08-25 00:38:45,Upgrade,250,tech022,Adjusted firewall rules.
3360,0,2024-01-30 04:28:09,Incident,41,tech043,Performed kernel update and rebooted.
3361,1,2024-04-22 06:11:00,Incident,277,tech034,Applied security patch and verified.
3362,2,2024-04-16 22:41:15,Patch,241,tech050,Applied security patch and verified.
3363,0,2025-08-13 13:03:54,Incident,121,tech044,Performed kernel update and rebooted.
3364,1,2024-01-02 07:16:27,Patch,69,tech028,Performed kernel update and rebooted.
3365,2,2024-08-22 09:23:31,Network,120,tech046,Database service restarted after crash.
3366,3,2024-08-03 01:23:28,Incident,291,tech036,Applied security patch and verified.
3367,0,2024-04-30 22:40:41,Network,347,tech023,Performed kernel update and rebooted.
3368,0,2024-06-25 01:07:24,Security,268,tech043,Server rebooted successfully.
3369,1,2024-04-01 06:30:05,Security,212,tech031,Adjusted firewall rules.
3370,0,2025-06-30 08:16:46,Network,315,tech038,Database service restarted after crash.
3371,1,2024-08-20 09:13:38,Upgrade,106,tech021,Updated TLS certificates.
3372,0,2024-11-01 13:14:08,Upgrade,346,tech015,Database service restarted after crash.
3373,1,2025-05-18 02:50:35,Security,159,tech050,Database service restarted after crash.
3374,2,2024-07-22 04:30:33,Network,105,tech002,Applied security patch and verified.
3375,0,2024-10-30 13:38:02,Patch,91,tech037,Updated TLS certificates.
3376,1,2024-05-20 17:09:36,Incident,56,tech033,Database service restarted after crash.
3377,0,2025-01-21 09:12:30,Patch,419,tech022,Updated TLS certificates.
3378,0,2024-09-25 07:22:39,Incident,200,tech041,Applied security patch and verified.
3379,0,2024-10-15 00:13:28,Upgrade,109,tech019,Performed kernel update and rebooted.
3380,1,2025-08-09 02:39:27,Patch,183,tech004,Updated TLS certificates.
3381,2,2025-05-19 10:14:13,Incident,68,tech026,Updated TLS certificates.
3382,3,2024-11-11 06:25:00,Upgrade,287,tech044,Server rebooted successfully.
3383,4,2024-07-22 13:37:23,Upgrade,357,tech043,Checked disk health; replaced failing disk.
3384,0,2025-04-01 02:06:16,Upgrade,114,tech034,Database service restarted after crash.
3385,1,2024-04-17 03:13:01,Network,380,tech010,Updated TLS certificates.
3386,2,2024-04-30 01:19:16,Security,176,tech049,Performed kernel update and rebooted.
3387,0,2024-03-26 20:43:41,Upgrade,290,tech027,Performed kernel update and rebooted.
3388,1,2024-04-19 03:11:40,Incident,199,tech038,Checked disk health; replaced failing disk.
3389,2,2024-07-30 21:43:37,Patch,360,tech011,Replaced faulty NIC and tested connectivity.
3390,0,2025-08-24 08:24:27,Security,360,tech007,Adjusted firewall rules.
3391,1,2024-01-29 08:38:41,Patch,403,tech036,Adjusted firewall rules.
3392,0,2025-05-15 11:45:45,Network,240,tech009,Adjusted firewall rules.
3393,1,2024-07-21 23:31:11,Upgrade,120,tech024,Replaced faulty NIC and tested connectivity.
3394,2,2025-09-27 21:16:23,Upgrade,229,tech006,Server rebooted successfully.
3395,3,2025-09-03 18:26:36,Incident,350,tech021,Checked disk health; replaced failing disk.
3396,4,2025-01-20 23:20:38,Upgrade,287,tech029,Applied security patch and verified.
3397,0,2025-07-05 08:23:50,Upgrade,391,tech017,Server rebooted successfully.
3398,1,2024-01-02 16:37:49,Network,342,tech001,Performed kernel update and rebooted.
3399,2,2025-08-16 12:00:32,Upgrade,407,tech040,Performed kernel update and rebooted.
3400,3,2025-09-09 11:20:58,Network,248,tech001,Adjusted firewall rules.
3401,0,2024-01-08 21:31:10,Incident,246,tech018,Checked disk health; replaced failing disk.
3402,1,2025-06-17 04:17:14,Security,293,tech044,Performed kernel update and rebooted.
3403,2,2025-05-29 09:31:02,Patch,160,tech047,Updated TLS certificates.
3404,0,2024-03-16 14:35:54,Patch,190,tech016,Applied security patch and verified.
3405,1,2025-06-01 09:14:38,Upgrade,308,tech003,Adjusted firewall rules.
3406,0,2025-07-23 17:41:46,Patch,360,tech025,Server rebooted successfully.
3407,1,2025-08-07 22:49:23,Upgrade,237,tech038,Checked disk health; replaced failing disk.
3408,2,2024-11-06 08:29:05,Network,357,tech045,Adjusted firewall rules.
3409,3,2024-03-29 10:49:47,Security,221,tech006,Adjusted firewall rules.
3410,4,2024-05-29 12:00:51,Upgrade,73,tech034,Performed kernel update and rebooted.
3411,0,2025-07-04 01:44:01,Incident,169,tech006,Checked disk health; replaced failing disk.
3412,1,2024-10-04 23:46:52,Upgrade,32,tech024,Server rebooted successfully.
3413,2,2025-05-01 15:33:46,Security,55,tech039,Server rebooted successfully.
3414,0,2024-04-24 15:19:58,Security,381,tech038,Server rebooted successfully.
3415,1,2025-06-07 19:28:08,Network,269,tech009,Database service restarted after crash.
3416,2,2024-12-03 11:24:18,Security,212,tech033,Applied security patch and verified.
3417,3,2025-06-23 01:29:46,Security,54,tech002,Updated TLS certificates.
3418,0,2024-02-24 13:42:57,Network,153,tech024,Server rebooted successfully.
3419,0,2025-08-07 12:51:40,Security,393,tech003,Adjusted firewall rules.
3420,0,2025-03-16 18:18:41,Patch,252,tech042,Server rebooted successfully.
3421,1,2024-09-17 07:51:52,Upgrade,181,tech024,Applied security patch and verified.
3422,2,2024-02-26 20:30:36,Network,288,tech049,Replaced faulty NIC and tested connectivity.
3423,0,2024-10-26 15:34:27,Upgrade,36,tech037,Applied security patch and verified.
3424,0,2024-10-12 14:03:22,Incident,334,tech008,Database service restarted after crash.
3425,0,2024-09-14 06:13:34,Patch,34,tech015,Server rebooted successfully.
3426,1,2025-01-23 05:17:24,Patch,328,tech001,Replaced faulty NIC and tested connectivity.
3427,0,2024-08-02 08:08:50,Patch,194,tech020,Replaced faulty NIC and tested connectivity.
3428,0,2024-04-29 18:50:34,Patch,22,tech005,Checked disk health; replaced failing disk.
3429,1,2024-03-13 23:43:52,Upgrade,235,tech021,Checked disk health; replaced failing disk.
3430,2,2024-10-28 09:48:44,Security,230,tech035,Replaced faulty NIC and tested connectivity.
3431,0,2024-04-30 21:30:34,Network,14,tech014,Server rebooted successfully.
3432,1,2024-04-25 07:18:22,Patch,234,tech003,Replaced faulty NIC and tested connectivity.
3433,2,2024-07-18 21:06:45,Upgrade,361,tech042,Replaced faulty NIC and tested connectivity.
3434,3,2025-09-17 23:14:42,Upgrade,376,tech014,Applied security patch and verified.
3435,4,2025-05-06 04:07:31,Security,142,tech013,Checked disk health; replaced failing disk.
3436,5,2025-08-30 00:23:42,Security,390,tech040,Applied security patch and verified.
3437,0,2024-05-24 01:01:38,Incident,146,tech005,Checked disk health; replaced failing disk.
3438,1,2024-04-16 19:54:33,Security,308,tech023,Updated TLS certificates.
3439,2,2025-07-15 10:49:34,Patch,248,tech002,Updated TLS certificates.
3440,3,2025-01-10 16:28:27,Network,335,tech001,Server rebooted successfully.
3441,0,2024-08-01 16:03:51,Upgrade,374,tech009,Replaced faulty NIC and tested connectivity.
3442,1,2024-07-30 17:05:14,Security,233,tech033,Server rebooted successfully.
3443,2,2025-07-23 01:16:50,Patch,269,tech016,Database service restarted after crash.
3444,3,2024-10-08 03:19:42,Patch,252,tech025,Server rebooted successfully.
3445,0,2024-06-08 12:31:45,Network,366,tech016,Applied security patch and verified.
3446,0,2025-09-05 06:02:25,Incident,206,tech044,Updated TLS certificates.
3447,1,2024-09-26 09:40:36,Upgrade,380,tech023,Performed kernel update and rebooted.
3448,2,2025-09-27 06:08:44,Incident,319,tech029,Adjusted firewall rules.
3449,3,2025-05-14 19:41:29,Patch,391,tech021,Performed kernel update and rebooted.
3450,4,2024-05-18 22:32:04,Upgrade,53,tech041,Replaced faulty NIC and tested connectivity.
3451,5,2024-05-10 12:15:08,Patch,224,tech012,Applied security patch and verified.
3452,0,2024-09-23 07:06:54,Incident,162,tech043,Updated TLS certificates.
3453,1,2024-12-25 13:41:27,Upgrade,58,tech006,Database service restarted after crash.
3454,2,2025-07-11 18:34:49,Security,196,tech035,Adjusted firewall rules.
3455,3,2024-05-24 03:32:34,Network,149,tech030,Checked disk health; replaced failing disk.
3456,0,2024-07-03 15:09:52,Network,326,tech005,Checked disk health; replaced failing disk.
3457,1,2024-04-23 20:33:03,Network,232,tech030,Server rebooted successfully.
3458,2,2024-10-25 20:19:23,Incident,158,tech032,Performed kernel update and rebooted.
3459,3,2025-05-29 13:33:53,Upgrade,107,tech043,Adjusted firewall rules.
3460,0,2024-05-12 19:50:02,Upgrade,315,tech043,Replaced faulty NIC and tested connectivity.
3461,1,2024-04-12 04:31:00,Network,114,tech008,Checked disk health; replaced failing disk.
3462,2,2024-02-24 13:27:41,Patch,16,tech006,Checked disk health; replaced failing disk.
3463,3,2025-06-08 14:56:30,Upgrade,313,tech023,Checked disk health; replaced failing disk.
3464,4,2025-03-24 04:05:31,Network,149,tech001,Performed kernel update and rebooted.
3465,5,2025-03-07 08:41:19,Network,376,tech037,Applied security patch and verified.
3466,6,2024-04-19 09:11:38,Patch,382,tech043,Checked disk health; replaced failing disk.
3467,7,2024-01-23 15:24:11,Security,205,tech039,Adjusted firewall rules.
3468,0,2024-06-30 06:26:08,Security,236,tech005,Checked disk health; replaced failing disk.
3469,1,2025-03-08 18:46:46,Security,341,tech024,Applied security patch and verified.
3470,2,2025-05-10 08:48:12,Patch,298,tech041,Performed kernel update and rebooted.
3471,0,2025-01-10 17:12:33,Security,22,tech013,Replaced faulty NIC and tested connectivity.
3472,1,2024-05-28 19:13:21,Upgrade,97,tech002,Database service restarted after crash.
3473,2,2024-11-28 03:50:44,Patch,256,tech048,Server rebooted successfully.
3474,0,2024-03-14 00:20:25,Network,135,tech033,Replaced faulty NIC and tested connectivity.
3475,1,2025-06-17 10:52:14,Patch,83,tech015,Database service restarted after crash.
3476,2,2025-08-06 05:56:02,Network,24,tech003,Replaced faulty NIC and tested connectivity.
3477,0,2025-01-22 07:11:25,Security,268,tech014,Replaced faulty NIC and tested connectivity.
3478,1,2024-06-04 21:17:22,Upgrade,269,tech041,Updated TLS certificates.
3479,0,2025-06-26 09:31:26,Upgrade,105,tech032,Performed kernel update and rebooted.
3480,1,2025-02-03 03:25:49,Upgrade,383,tech002,Adjusted firewall rules.
3481,2,2024-08-21 09:23:27,Security,271,tech003,Performed kernel update and rebooted.
3482,3,2024-12-24 00:45:24,Network,311,tech008,Database service restarted after crash.
3483,0,2025-09-16 16:15:53,Upgrade,32,tech008,Checked disk health; replaced failing disk.
3484,1,2024-07-14 15:27:37,Network,398,tech008,Performed kernel update and rebooted.
3485,2,2024-07-02 10:03:24,Security,267,tech016,Server rebooted successfully.
3486,3,2025-09-18 15:05:14,Patch,327,tech016,Server rebooted successfully.
3487,0,2025-05-30 10:01:52,Upgrade,266,tech001,Applied security patch and verified.
3488,1,2024-04-09 04:14:06,Upgrade,25,tech013,Adjusted firewall rules.
3489,2,2025-03-27 02:24:43,Patch,64,tech044,Applied security patch and verified.
3490,0,2024-06-16 22:33:22,Security,275,tech034,Database service restarted after crash.
3491,1,2024-05-25 09:55:27,Incident,316,tech028,Database service restarted after crash.
3492,2,2025-07-29 07:25:57,Network,210,tech020,Applied security patch and verified.
3493,0,2024-07-04 17:02:02,Incident,140,tech026,Checked disk health; replaced failing disk.
3494,1,2025-01-06 14:58:17,Network,95,tech015,Applied security patch and verified.
3495,2,2024-12-15 07:00:28,Security,69,tech010,Performed kernel update and rebooted.
3496,3,2024-09-12 12:32:38,Network,79,tech036,Server rebooted successfully.
3497,0,2024-05-01 21:41:18,Incident,16,tech026,Updated TLS certificates.
3498,1,2025-07-22 13:13:58,Security,259,tech022,Performed kernel update and rebooted.
3499,2,2025-02-28 09:32:44,Security,163,tech043,Updated TLS certificates.
3500,0,2024-10-29 04:54:09,Patch,199,tech014,Checked disk health; replaced failing disk.
3501,1,2024-08-10 04:44:36,Network,253,tech004,Server rebooted successfully.
3502,2,2024-09-06 23:59:12,Upgrade,127,tech023,Replaced faulty NIC and tested connectivity.
3503,3,2024-11-30 03:30:31,Incident,182,tech029,Applied security patch and verified.
3504,0,2024-02-28 02:29:05,Upgrade,80,tech013,Server rebooted successfully.
3505,1,2024-04-05 23:37:32,Upgrade,219,tech026,Adjusted firewall rules.
3506,0,2024-02-06 07:42:13,Upgrade,381,tech031,Server rebooted successfully.
3507,1,2024-03-07 15:36:55,Patch,383,tech048,Updated TLS certificates.
3508,2,2024-05-09 21:52:45,Network,186,tech009,Replaced faulty NIC and tested connectivity.
3509,0,2024-08-29 03:35:12,Incident,294,tech013,Replaced faulty NIC and tested connectivity.
3510,1,2025-04-02 07:06:22,Incident,54,tech036,Replaced faulty NIC and tested connectivity.
3511,2,2025-06-30 01:55:51,Network,314,tech007,Server rebooted successfully.
3512,3,2025-09-24 12:27:48,Patch,18,tech010,Adjusted firewall rules.
3513,0,2025-09-24 16:25:18,Upgrade,210,tech005,Applied security patch and verified.
3514,1,2025-07-09 10:37:32,Network,189,tech043,Database service restarted after crash.
3515,2,2024-06-11 18:36:17,Security,172,tech036,Applied security patch and verified.
3516,3,2024-04-21 23:29:17,Upgrade,419,tech025,Database service restarted after crash.
3517,4,2024-09-17 22:06:32,Incident,89,tech020,Replaced faulty NIC and tested connectivity.
3518,0,2024-05-28 13:34:04,Security,218,tech029,Server rebooted successfully.
3519,1,2024-09-18 06:56:32,Network,331,tech012,Replaced faulty NIC and tested connectivity.
3520,2,2024-08-23 09:27:58,Upgrade,275,tech011,Adjusted firewall rules.
3521,3,2024-02-07 15:25:13,Upgrade,103,tech013,Replaced faulty NIC and tested connectivity.
3522,4,2024-11-06 02:22:30,Patch,106,tech037,Replaced faulty NIC and tested connectivity.
3523,5,2024-05-10 17:23:21,Patch,177,tech040,Database service restarted after crash.
3524,6,2024-04-30 11:33:06,Security,17,tech025,Replaced faulty NIC and tested connectivity.
3525,7,2024-11-12 04:09:08,Security,204,tech027,Checked disk health; replaced failing disk.
3526,0,2025-07-24 01:48:07,Network,135,tech004,Adjusted firewall rules.
3527,0,2024-06-20 01:21:07,Upgrade,334,tech014,Performed kernel update and rebooted.
3528,1,2024-05-18 03:11:36,Patch,330,tech008,Replaced faulty NIC and tested connectivity.
3529,2,2025-07-08 12:37:23,Upgrade,83,tech030,Applied security patch and verified.
3530,0,2024-10-03 06:27:39,Incident,124,tech002,Performed kernel update and rebooted.
3531,0,2025-03-18 16:24:52,Patch,389,tech020,Replaced faulty NIC and tested connectivity.
3532,1,2024-11-12 21:35:11,Incident,351,tech042,Checked disk health; replaced failing disk.
3533,0,2024-11-28 10:29:32,Upgrade,351,tech030,Applied security patch and verified.
3534,1,2025-07-12 04:31:19,Network,256,tech031,Adjusted firewall rules.
3535,2,2024-03-10 10:51:48,Network,177,tech038,Applied security patch and verified.
3536,3,2025-08-04 09:32:15,Security,328,tech042,Updated TLS certificates.
3537,0,2024-09-01 16:11:03,Security,153,tech040,Server rebooted successfully.
3538,1,2024-08-02 03:16:24,Upgrade,319,tech050,Database service restarted after crash.
3539,2,2025-04-20 07:31:30,Patch,54,tech034,Server rebooted successfully.
3540,3,2024-08-17 23:35:06,Incident,227,tech030,Updated TLS certificates.
3541,4,2024-03-03 15:19:28,Patch,260,tech007,Performed kernel update and rebooted.
3542,0,2024-08-21 10:54:06,Network,382,tech020,Performed kernel update and rebooted.
3543,1,2025-05-01 00:09:00,Upgrade,122,tech012,Updated TLS certificates.
3544,0,2024-08-08 20:55:03,Incident,114,tech014,Checked disk health; replaced failing disk.
3545,1,2024-09-08 03:26:59,Upgrade,283,tech048,Server rebooted successfully.
3546,2,2025-08-07 02:36:30,Network,292,tech007,Performed kernel update and rebooted.
3547,3,2025-08-08 05:08:31,Incident,277,tech027,Performed kernel update and rebooted.
3548,4,2025-03-20 13:19:08,Incident,46,tech020,Updated TLS certificates.
3549,0,2025-05-05 23:12:01,Incident,21,tech008,Updated TLS certificates.
3550,0,2025-05-18 11:45:15,Network,320,tech012,Database service restarted after crash.
3551,1,2025-08-30 22:46:04,Upgrade,95,tech006,Performed kernel update and rebooted.
3552,2,2024-04-19 14:32:26,Upgrade,54,tech035,Checked disk health; replaced failing disk.
3553,0,2025-05-04 05:46:03,Security,137,tech008,Checked disk health; replaced failing disk.
3554,1,2024-03-01 14:51:33,Upgrade,145,tech047,Applied security patch and verified.
3555,2,2025-01-29 02:38:06,Patch,47,tech049,Performed kernel update and rebooted.
3556,0,2024-04-18 20:42:38,Patch,118,tech014,Updated TLS certificates.
3557,1,2025-03-10 19:47:37,Incident,325,tech018,Updated TLS certificates.
3558,2,2025-09-30 07:32:06,Patch,133,tech015,Applied security patch and verified.
3559,3,2025-02-07 07:54:32,Incident,272,tech048,Performed kernel update and rebooted.
3560,0,2025-07-27 05:40:09,Incident,226,tech001,Database service restarted after crash.
3561,0,2024-04-02 21:23:08,Upgrade,392,tech003,Server rebooted successfully.
3562,1,2024-12-27 22:20:31,Upgrade,325,tech041,Performed kernel update and rebooted.
3563,2,2025-01-27 19:34:47,Upgrade,315,tech030,Replaced faulty NIC and tested connectivity.
3564,3,2024-12-16 17:25:55,Upgrade,419,tech012,Checked disk health; replaced failing disk.
3565,4,2024-06-10 11:49:26,Incident,94,tech046,Performed kernel update and rebooted.
3566,5,2024-02-08 08:57:13,Network,217,tech036,Database service restarted after crash.
3567,6,2024-10-28 08:07:31,Network,185,tech001,Applied security patch and verified.
3568,0,2024-08-27 05:09:29,Security,149,tech031,Server rebooted successfully.
3569,1,2024-02-18 09:57:30,Incident,39,tech023,Performed kernel update and rebooted.
3570,2,2025-03-28 08:55:19,Network,400,tech036,Server rebooted successfully.
3571,0,2024-12-01 22:46:56,Security,76,tech045,Applied security patch and verified.
3572,1,2024-11-04 03:29:06,Upgrade,71,tech036,Checked disk health; replaced failing disk.
3573,2,2024-05-27 08:54:50,Patch,418,tech021,Adjusted firewall rules.
3574,0,2025-06-07 09:11:38,Network,51,tech042,Applied security patch and verified.
3575,1,2025-05-26 10:32:10,Patch,67,tech033,Updated TLS certificates.
3576,0,2025-03-31 14:15:48,Upgrade,186,tech023,Server rebooted successfully.
3577,0,2024-06-01 23:46:55,Security,337,tech025,Server rebooted successfully.
3578,1,2025-07-12 02:09:38,Network,241,tech023,Checked disk health; replaced failing disk.
3579,2,2024-04-09 12:54:28,Upgrade,313,tech035,Performed kernel update and rebooted.
3580,0,2024-07-18 17:34:23,Network,142,tech047,Server rebooted successfully.
3581,1,2025-06-29 10:19:09,Patch,212,tech021,Replaced faulty NIC and tested connectivity.
3582,0,2025-03-11 05:54:59,Patch,159,tech011,Updated TLS certificates.
3583,1,2024-09-27 10:25:49,Security,122,tech049,Adjusted firewall rules.
3584,2,2025-06-10 16:52:13,Security,270,tech046,Adjusted firewall rules.
3585,3,2024-03-25 21:45:35,Security,190,tech023,Adjusted firewall rules.
3586,0,2025-05-05 10:59:30,Security,123,tech005,Updated TLS certificates.
3587,1,2024-11-24 11:04:27,Patch,336,tech047,Adjusted firewall rules.
3588,2,2025-02-01 08:45:49,Patch,92,tech004,Checked disk health; replaced failing disk.
3589,0,2024-11-30 05:41:36,Security,407,tech006,Server rebooted successfully.
3590,1,2025-08-12 04:07:01,Upgrade,130,tech027,Database service restarted after crash.
3591,2,2024-11-22 19:20:55,Incident,297,tech007,Adjusted firewall rules.
3592,0,2024-03-28 17:04:05,Patch,300,tech050,Checked disk health; replaced failing disk.
3593,1,2024-10-10 12:09:20,Security,388,tech003,Performed kernel update and rebooted.
3594,2,2024-06-28 23:22:04,Patch,418,tech016,Server rebooted successfully.
3595,0,2025-07-14 22:14:21,Patch,63,tech001,Server rebooted successfully.
3596,1,2024-01-28 05:33:50,Security,98,tech004,Server rebooted successfully.
3597,0,2025-04-07 06:41:14,Incident,102,tech048,Server rebooted successfully.
3598,0,2024-10-25 11:40:43,Network,86,tech035,Database service restarted after crash.
3599,1,2024-08-25 15:42:17,Incident,417,tech016,Replaced faulty NIC and tested connectivity.
3600,2,2025-09-09 18:23:05,Incident,254,tech037,Applied security patch and verified.
3601,3,2025-08-29 21:21:10,Security,252,tech026,Database service restarted after crash.
3602,4,2025-06-23 15:23:32,Security,290,tech012,Adjusted firewall rules.
3603,0,2025-06-02 15:47:03,Patch,195,tech005,Replaced faulty NIC and tested connectivity.
3604,1,2024-10-14 01:51:09,Security,92,tech046,Database service restarted after crash.
3605,2,2025-09-29 08:29:44,Incident,180,tech012,Replaced faulty NIC and tested connectivity.
3606,3,2025-01-03 09:22:36,Incident,130,tech021,Applied security patch and verified.
3607,4,2024-04-23 17:36:17,Security,394,tech047,Updated TLS certificates.
3608,5,2025-08-19 03:13:14,Incident,187,tech043,Adjusted firewall rules.
3609,0,2025-07-31 00:54:07,Patch,93,tech015,Replaced faulty NIC and tested connectivity.
3610,1,2024-01-30 20:22:38,Security,401,tech021,Replaced faulty NIC and tested connectivity.
3611,2,2025-09-02 13:16:31,Network,303,tech039,Replaced faulty NIC and tested connectivity.
3612,0,2024-10-06 14:40:16,Network,48,tech008,Applied security patch and verified.
3613,1,2025-03-29 22:14:59,Network,222,tech044,Replaced faulty NIC and tested connectivity.
3614,0,2024-07-09 16:58:24,Network,101,tech029,Adjusted firewall rules.
3615,1,2024-12-11 02:00:06,Network,156,tech025,Adjusted firewall rules.
3616,2,2025-02-22 15:29:51,Upgrade,63,tech045,Applied security patch and verified.
3617,3,2024-04-24 22:40:53,Upgrade,99,tech009,Replaced faulty NIC and tested connectivity.
3618,0,2024-07-30 15:11:02,Incident,283,tech020,Updated TLS certificates.
3619,1,2025-08-08 23:32:30,Network,251,tech047,Server rebooted successfully.
3620,2,2025-06-09 20:58:44,Network,342,tech023,Checked disk health; replaced failing disk.
3621,3,2025-02-01 17:48:05,Network,160,tech044,Replaced faulty NIC and tested connectivity.
3622,0,2024-09-12 16:22:41,Network,19,tech019,Adjusted firewall rules.
3623,0,2025-01-08 08:26:53,Incident,273,tech007,Replaced faulty NIC and tested connectivity.
3624,1,2024-12-13 22:40:17,Security,191,tech016,Adjusted firewall rules.
3625,0,2024-05-14 21:10:08,Security,159,tech025,Performed kernel update and rebooted.
3626,1,2025-08-22 05:35:44,Security,190,tech028,Applied security patch and verified.
3627,0,2025-05-07 15:08:58,Incident,32,tech006,Database service restarted after crash.
3628,1,2024-12-12 22:33:46,Upgrade,143,tech046,Adjusted firewall rules.
3629,2,2024-08-23 00:04:15,Upgrade,207,tech024,Checked disk health; replaced failing disk.
3630,0,2024-08-15 04:24:24,Patch,34,tech036,Updated TLS certificates.
3631,0,2025-03-18 12:22:11,Incident,174,tech004,Database service restarted after crash.
3632,1,2025-02-14 21:43:47,Security,42,tech016,Applied security patch and verified.
3633,2,2024-03-20 11:35:20,Incident,372,tech015,Adjusted firewall rules.
3634,0,2024-07-07 14:51:51,Network,419,tech048,Checked disk health; replaced failing disk.
3635,1,2024-01-09 08:37:32,Patch,191,tech039,Server rebooted successfully.
3636,2,2025-03-30 15:13:09,Security,167,tech015,Adjusted firewall rules.
3637,3,2025-07-04 19:57:08,Security,155,tech003,Adjusted firewall rules.
3638,4,2025-01-23 10:33:23,Security,128,tech050,Database service restarted after crash.
3639,0,2025-03-20 19:17:31,Upgrade,330,tech022,Adjusted firewall rules.
3640,0,2024-05-13 02:09:35,Network,306,tech039,Replaced faulty NIC and tested connectivity.
3641,1,2025-03-22 18:15:28,Network,392,tech007,Applied security patch and verified.
3642,2,2025-08-30 07:16:07,Security,214,tech037,Adjusted firewall rules.
3643,0,2025-04-18 19:39:56,Security,331,tech022,Applied security patch and verified.
3644,1,2025-07-26 05:55:31,Upgrade,25,tech041,Performed kernel update and rebooted.
3645,2,2025-04-10 10:16:05,Network,49,tech039,Applied security patch and verified.
3646,3,2024-02-11 11:41:19,Network,35,tech018,Updated TLS certificates.
3647,0,2025-05-04 09:10:58,Incident,413,tech028,Database service restarted after crash.
3648,1,2025-06-18 23:35:56,Incident,77,tech018,Updated TLS certificates.
3649,2,2024-07-02 00:10:13,Patch,70,tech029,Updated TLS certificates.
3650,0,2024-03-10 12:23:30,Security,226,tech021,Adjusted firewall rules.
3651,1,2025-02-22 23:33:05,Incident,220,tech035,Checked disk health; replaced failing disk.
3652,2,2024-01-05 13:52:47,Network,235,tech034,Database service restarted after crash.
3653,3,2024-07-11 01:09:39,Incident,45,tech018,Database service restarted after crash.
3654,0,2024-08-05 22:55:41,Network,280,tech001,Adjusted firewall rules.
3655,1,2025-02-23 22:35:36,Upgrade,52,tech036,Replaced faulty NIC and tested connectivity.
3656,2,2024-10-20 12:42:03,Security,12,tech009,Applied security patch and verified.
3657,0,2024-08-08 00:41:12,Patch,139,tech038,Performed kernel update and rebooted.
3658,1,2025-04-14 13:37:05,Upgrade,410,tech047,Replaced faulty NIC and tested connectivity.
3659,0,2024-12-20 02:58:51,Network,226,tech010,Performed kernel update and rebooted.
3660,1,2025-08-21 12:17:34,Patch,395,tech020,Database service restarted after crash.
3661,2,2024-10-24 01:23:22,Patch,142,tech024,Database service restarted after crash.
3662,0,2025-04-14 14:54:17,Network,197,tech017,Replaced faulty NIC and tested connectivity.
3663,1,2025-08-10 12:37:02,Security,74,tech029,Replaced faulty NIC and tested connectivity.
3664,2,2024-09-24 19:35:30,Incident,375,tech032,Updated TLS certificates.
3665,3,2024-09-12 12:08:48,Upgrade,183,tech029,Performed kernel update and rebooted.
3666,4,2024-07-15 13:11:23,Upgrade,321,tech040,Database service restarted after crash.
3667,5,2025-06-15 12:35:18,Patch,268,tech036,Server rebooted successfully.
3668,6,2024-11-06 19:46:25,Network,413,tech021,Server rebooted successfully.
3669,0,2024-01-14 08:54:00,Network,296,tech028,Database service restarted after crash.
3670,1,2024-06-12 11:39:30,Patch,193,tech015,Applied security patch and verified.
3671,2,2024-10-10 15:39:24,Incident,412,tech021,Performed kernel update and rebooted.
3672,0,2024-12-31 17:27:26,Upgrade,152,tech024,Replaced faulty NIC and tested connectivity.
3673,0,2025-05-27 22:15:43,Patch,167,tech018,Updated TLS certificates.
3674,1,2025-03-06 02:10:19,Security,394,tech017,Performed kernel update and rebooted.
3675,2,2025-09-22 06:24:43,Incident,258,tech029,Updated TLS certificates.
3676,0,2025-08-23 08:49:45,Network,273,tech015,Applied security patch and verified.
3677,1,2025-02-20 05:19:45,Upgrade,345,tech013,Applied security patch and verified.
3678,0,2025-03-05 07:05:02,Patch,105,tech023,Replaced faulty NIC and tested connectivity.
3679,1,2024-07-08 11:41:19,Patch,389,tech038,Checked disk health; replaced failing disk.
3680,2,2025-04-12 23:41:05,Security,317,tech032,Checked disk health; replaced failing disk.
3681,3,2024-03-14 12:58:04,Upgrade,131,tech021,Server rebooted successfully.
3682,4,2024-10-15 16:30:35,Security,395,tech039,Performed kernel update and rebooted.
3683,0,2024-04-19 04:01:55,Security,399,tech039,Performed kernel update and rebooted.
3684,1,2025-03-20 14:29:39,Upgrade,247,tech009,Updated TLS certificates.
3685,2,2024-06-09 04:26:18,Upgrade,110,tech007,Database service restarted after crash.
3686,3,2025-07-13 17:41:36,Security,78,tech048,Checked disk health; replaced failing disk.
3687,0,2024-10-29 23:44:53,Patch,268,tech041,Updated TLS certificates.
3688,1,2025-09-10 12:56:36,Security,110,tech025,Adjusted firewall rules.
3689,2,2025-07-14 12:19:09,Upgrade,190,tech035,Performed kernel update and rebooted.
3690,0,2025-08-23 17:00:29,Patch,404,tech030,Performed kernel update and rebooted.
3691,1,2024-10-28 03:44:32,Security,54,tech012,Performed kernel update and rebooted.
3692,0,2025-07-30 11:07:49,Upgrade,202,tech050,Database service restarted after crash.
3693,1,2025-01-15 21:11:23,Upgrade,92,tech027,Updated TLS certificates.
3694,2,2024-02-17 01:05:08,Upgrade,302,tech037,Server rebooted successfully.
3695,0,2024-01-14 00:36:11,Patch,369,tech002,Replaced faulty NIC and tested connectivity.
3696,1,2025-09-03 00:23:22,Patch,266,tech003,Applied security patch and verified.
3697,2,2025-01-20 23:20:15,Network,335,tech042,Performed kernel update and rebooted.
3698,0,2024-02-10 13:47:43,Upgrade,149,tech039,Applied security patch and verified.
3699,1,2025-01-21 00:00:48,Incident,332,tech008,Performed kernel update and rebooted.
3700,2,2025-08-09 01:10:25,Security,260,tech030,Adjusted firewall rules.
3701,3,2024-10-05 15:17:57,Incident,419,tech027,Replaced faulty NIC and tested connectivity.
3702,4,2024-07-16 11:25:44,Network,279,tech018,Replaced faulty NIC and tested connectivity.
3703,5,2024-01-15 05:20:13,Security,25,tech020,Database service restarted after crash.
3704,0,2025-07-14 15:10:05,Incident,44,tech005,Database service restarted after crash.
3705,1,2024-09-27 00:52:28,Network,279,tech044,Checked disk health; replaced failing disk.
3706,2,2024-02-14 06:35:41,Incident,270,tech034,Server rebooted successfully.
3707,0,2025-02-15 17:10:53,Patch,109,tech022,Replaced faulty NIC and tested connectivity.
3708,1,2024-05-26 04:55:39,Network,315,tech006,Applied security patch and verified.
3709,2,2025-06-04 18:08:08,Security,378,tech028,Updated TLS certificates.
3710,3,2024-12-23 22:11:57,Upgrade,341,tech009,Updated TLS certificates.
3711,4,2025-05-09 01:15:52,Security,176,tech023,Checked disk health; replaced failing disk.
3712,0,2025-06-15 13:08:05,Security,193,tech003,Checked disk health; replaced failing disk.
3713,1,2025-09-16 21:40:19,Upgrade,71,tech048,Checked disk health; replaced failing disk.
3714,2,2024-03-16 01:39:19,Network,32,tech026,Replaced faulty NIC and tested connectivity.
3715,0,2024-11-16 04:47:21,Patch,268,tech046,Server rebooted successfully.
3716,1,2024-05-06 09:48:06,Incident,320,tech013,Checked disk health; replaced failing disk.
3717,2,2025-09-11 13:28:09,Upgrade,404,tech040,Adjusted firewall rules.
3718,3,2025-06-16 08:17:15,Patch,14,tech011,Replaced faulty NIC and tested connectivity.
3719,0,2025-08-08 19:46:09,Patch,350,tech016,Server rebooted successfully.
3720,0,2024-03-10 12:39:51,Network,345,tech023,Replaced faulty NIC and tested connectivity.
3721,0,2024-04-22 00:51:10,Upgrade,367,tech010,Checked disk health; replaced failing disk.
3722,1,2024-11-02 05:27:22,Patch,359,tech004,Server rebooted successfully.
3723,2,2024-11-02 21:36:56,Patch,196,tech005,Database service restarted after crash.
3724,0,2024-03-14 08:25:40,Security,120,tech038,Checked disk health; replaced failing disk.
3725,1,2024-12-05 07:28:57,Security,225,tech024,Adjusted firewall rules.
3726,2,2024-01-27 16:43:57,Security,90,tech016,Adjusted firewall rules.
3727,3,2025-08-10 12:31:51,Upgrade,39,tech021,Server rebooted successfully.
3728,4,2025-01-06 19:22:10,Incident,321,tech028,Checked disk health; replaced failing disk.
3729,0,2024-07-06 03:05:59,Upgrade,98,tech031,Adjusted firewall rules.
3730,1,2024-09-25 22:26:20,Upgrade,226,tech045,Replaced faulty NIC and tested connectivity.
3731,2,2024-10-27 06:11:41,Patch,225,tech002,Applied security patch and verified.
3732,0,2025-07-28 13:25:49,Security,164,tech009,Replaced faulty NIC and tested connectivity.
3733,1,2024-03-19 07:52:31,Network,106,tech026,Replaced faulty NIC and tested connectivity.
3734,2,2025-09-24 12:26:32,Patch,337,tech004,Replaced faulty NIC and tested connectivity.
3735,3,2024-08-13 00:37:44,Security,305,tech011,Checked disk health; replaced failing disk.
3736,0,2025-04-16 09:56:37,Security,303,tech025,Server rebooted successfully.
3737,1,2024-08-29 04:53:24,Network,361,tech008,Applied security patch and verified.
3738,2,2025-05-27 04:33:28,Network,149,tech028,Performed kernel update and rebooted.
3739,3,2024-05-24 12:08:07,Network,88,tech041,Adjusted firewall rules.
3740,0,2025-08-19 01:06:32,Incident,67,tech019,Applied security patch and verified.
3741,1,2025-05-04 01:37:22,Network,270,tech033,Performed kernel update and rebooted.
3742,2,2024-12-22 07:28:07,Security,144,tech025,Applied security patch and verified.
3743,3,2025-03-16 13:29:55,Security,298,tech050,Updated TLS certificates.
3744,0,2024-03-01 19:40:41,Security,338,tech007,Performed kernel update and rebooted.
3745,1,2024-02-16 06:30:20,Security,155,tech017,Checked disk health; replaced failing disk.
3746,2,2024-05-25 11:03:19,Incident,197,tech032,Server rebooted successfully.
3747,3,2025-06-30 00:28:40,Security,325,tech045,Server rebooted successfully.
3748,4,2024-11-19 12:24:27,Upgrade,122,tech010,Checked disk health; replaced failing disk.
3749,5,2025-03-12 03:08:13,Upgrade,190,tech025,Updated TLS certificates.
3750,0,2025-05-31 12:58:27,Upgrade,91,tech022,Database service restarted after crash.
3751,1,2025-01-27 07:20:19,Patch,31,tech046,Adjusted firewall rules.
3752,2,2024-08-03 10:14:58,Upgrade,38,tech006,Replaced faulty NIC and tested connectivity.
3753,0,2025-01-02 19:21:02,Upgrade,107,tech038,Adjusted firewall rules.
3754,1,2025-09-27 09:47:12,Network,131,tech016,Checked disk health; replaced failing disk.
3755,2,2025-06-05 15:18:06,Upgrade,224,tech013,Replaced faulty NIC and tested connectivity.
3756,3,2025-05-15 15:28:11,Incident,67,tech040,Server rebooted successfully.
3757,4,2024-12-11 15:17:39,Patch,10,tech050,Checked disk health; replaced failing disk.
3758,0,2024-04-27 04:35:53,Upgrade,320,tech015,Database service restarted after crash.
3759,1,2025-09-15 00:10:35,Security,275,tech027,Server rebooted successfully.
3760,2,2024-05-29 13:17:36,Upgrade,407,tech007,Server rebooted successfully.
3761,0,2025-05-17 14:44:37,Network,261,tech008,Applied security patch and verified.
3762,1,2025-08-07 21:55:43,Patch,159,tech015,Applied security patch and verified.
3763,2,2024-07-05 00:30:24,Network,413,tech025,Checked disk health; replaced failing disk.
3764,3,2024-02-18 17:15:04,Patch,333,tech046,Replaced faulty NIC and tested connectivity.
3765,4,2024-09-27 08:32:36,Incident,109,tech011,Database service restarted after crash.
3766,5,2024-10-11 03:27:55,Upgrade,202,tech030,Checked disk health; replaced failing disk.
3767,0,2024-08-11 13:34:10,Incident,75,tech011,Applied security patch and verified.
3768,1,2025-05-14 18:38:06,Patch,315,tech050,Updated TLS certificates.
3769,2,2024-06-13 19:14:18,Upgrade,120,tech004,Performed kernel update and rebooted.
3770,3,2025-03-05 14:51:36,Upgrade,82,tech005,Adjusted firewall rules.
3771,4,2025-02-06 09:00:53,Upgrade,196,tech011,Database service restarted after crash.
3772,0,2024-06-07 19:47:45,Incident,215,tech002,Checked disk health; replaced failing disk.
3773,0,2024-03-02 19:14:30,Upgrade,398,tech049,Checked disk health; replaced failing disk.
3774,1,2024-02-02 03:56:05,Security,151,tech045,Checked disk health; replaced failing disk.
3775,2,2024-05-10 02:25:38,Incident,43,tech049,Applied security patch and verified.
3776,0,2024-10-23 02:30:25,Upgrade,77,tech045,Updated TLS certificates.
3777,1,2024-08-13 14:00:53,Security,226,tech012,Applied security patch and verified.
3778,2,2024-01-18 12:24:18,Patch,167,tech005,Replaced faulty NIC and tested connectivity.
3779,3,2024-03-23 14:37:03,Network,276,tech003,Checked disk health; replaced failing disk.
3780,0,2024-03-01 02:17:43,Upgrade,113,tech003,Database service restarted after crash.
3781,1,2025-04-13 12:46:14,Upgrade,332,tech026,Updated TLS certificates.
3782,2,2024-12-03 00:30:26,Patch,262,tech040,Checked disk health; replaced failing disk.
3783,3,2025-01-29 12:13:38,Security,36,tech016,Database service restarted after crash.
3784,0,2025-04-20 23:15:13,Patch,387,tech026,Checked disk health; replaced failing disk.
3785,1,2024-03-13 14:28:20,Network,290,tech007,Server rebooted successfully.
3786,2,2024-06-18 13:19:39,Incident,31,tech041,Server rebooted successfully.
3787,0,2024-06-25 17:20:04,Upgrade,67,tech004,Server rebooted successfully.
3788,1,2025-07-20 00:10:30,Patch,320,tech018,Replaced faulty NIC and tested connectivity.
3789,2,2025-06-11 14:34:47,Incident,348,tech012,Adjusted firewall rules.
3790,0,2024-06-22 06:25:06,Security,111,tech032,Replaced faulty NIC and tested connectivity.
3791,1,2024-12-24 19:15:08,Incident,302,tech046,Checked disk health; replaced failing disk.
3792,2,2024-03-02 17:03:55,Incident,15,tech007,Applied security patch and verified.
3793,0,2025-08-13 06:12:53,Patch,11,tech010,Adjusted firewall rules.
3794,1,2024-01-07 18:16:40,Network,312,tech044,Replaced faulty NIC and tested connectivity.
3795,0,2025-01-25 13:01:12,Security,55,tech046,Performed kernel update and rebooted.
3796,1,2025-08-08 00:54:52,Network,45,tech024,Replaced faulty NIC and tested connectivity.
3797,0,2025-04-03 01:59:20,Upgrade,381,tech015,Server rebooted successfully.
3798,1,2024-12-04 06:58:26,Upgrade,148,tech050,Updated TLS certificates.
3799,2,2025-03-28 16:06:31,Network,58,tech039,Replaced faulty NIC and tested connectivity.
3800,3,2024-08-17 03:51:44,Incident,266,tech048,Checked disk health; replaced failing disk.
3801,4,2024-12-03 09:23:54,Security,408,tech006,Checked disk health; replaced failing disk.
3802,0,2024-05-16 07:00:58,Patch,371,tech037,Performed kernel update and rebooted.
3803,0,2025-09-17 17:46:55,Patch,257,tech039,Server rebooted successfully.
3804,1,2024-08-01 05:22:27,Patch,16,tech038,Updated TLS certificates.
3805,2,2025-04-16 11:13:56,Patch,196,tech049,Checked disk health; replaced failing disk.
3806,0,2024-10-29 04:12:27,Upgrade,136,tech050,Replaced faulty NIC and tested connectivity.
3807,1,2024-06-02 23:25:44,Network,336,tech013,Performed kernel update and rebooted.
3808,2,2024-07-27 22:18:45,Security,93,tech036,Updated TLS certificates.
3809,3,2025-01-22 18:02:30,Network,320,tech010,Adjusted firewall rules.
3810,4,2025-07-27 10:20:54,Security,342,tech025,Performed kernel update and rebooted.
3811,5,2024-02-04 21:26:45,Upgrade,188,tech046,Server rebooted successfully.
3812,0,2025-05-16 20:27:28,Upgrade,252,tech001,Updated TLS certificates.
3813,1,2024-04-29 21:09:12,Patch,237,tech030,Updated TLS certificates.
3814,2,2025-03-11 01:06:19,Incident,212,tech050,Replaced faulty NIC and tested connectivity.
3815,3,2024-08-05 19:16:19,Security,335,tech050,Updated TLS certificates.
3816,0,2024-11-13 15:17:02,Incident,7,tech040,Adjusted firewall rules.
3817,1,2025-03-20 06:23:23,Security,281,tech032,Performed kernel update and rebooted.
3818,0,2024-08-16 09:55:20,Upgrade,119,tech024,Checked disk health; replaced failing disk.
3819,1,2024-10-05 00:02:14,Patch,138,tech012,Performed kernel update and rebooted.
3820,0,2025-04-21 18:10:50,Security,363,tech050,Adjusted firewall rules.
3821,1,2024-08-07 04:56:34,Security,47,tech014,Performed kernel update and rebooted.
3822,2,2025-04-21 20:21:22,Network,245,tech015,Performed kernel update and rebooted.
3823,0,2025-07-18 06:45:16,Patch,389,tech040,Applied security patch and verified.
3824,0,2024-05-23 17:34:55,Network,335,tech006,Applied security patch and verified.
3825,1,2025-01-15 07:44:55,Network,309,tech012,Adjusted firewall rules.
3826,2,2025-07-06 04:35:52,Network,42,tech050,Server rebooted successfully.
3827,0,2024-07-10 04:26:29,Upgrade,241,tech039,Updated TLS certificates.
3828,1,2024-12-05 17:09:03,Security,325,tech048,Performed kernel update and rebooted.
3829,2,2024-06-13 10:20:03,Incident,38,tech025,Checked disk health; replaced failing disk.
3830,0,2025-01-21 23:40:58,Security,99,tech030,Applied security patch and verified.
3831,1,2025-05-02 05:43:42,Patch,278,tech023,Checked disk health; replaced failing disk.
3832,0,2024-11-07 16:28:39,Patch,303,tech010,Checked disk health; replaced failing disk.
3833,1,2024-06-01 05:26:03,Upgrade,109,tech040,Checked disk health; replaced failing disk.
3834,2,2025-09-03 16:13:02,Patch,286,tech046,Applied security patch and verified.
3835,0,2024-10-11 18:42:07,Network,375,tech048,Replaced faulty NIC and tested connectivity.
3836,1,2024-03-27 11:36:51,Patch,20,tech039,Replaced faulty NIC and tested connectivity.
3837,2,2024-09-03 13:07:47,Network,351,tech003,Performed kernel update and rebooted.
3838,3,2025-05-24 13:19:17,Incident,126,tech003,Applied security patch and verified.
3839,4,2024-10-18 11:49:54,Network,302,tech017,Applied security patch and verified.
3840,0,2024-06-01 12:55:44,Network,260,tech050,Performed kernel update and rebooted.
3841,1,2024-08-15 12:05:13,Network,192,tech003,Applied security patch and verified.
3842,2,2024-05-03 14:19:28,Upgrade,181,tech015,Checked disk health; replaced failing disk.
3843,0,2024-12-05 09:29:02,Network,88,tech032,Performed kernel update and rebooted.
3844,0,2024-08-24 22:58:49,Security,53,tech033,Performed kernel update and rebooted.
3845,1,2024-09-18 00:14:08,Incident,129,tech050,Updated TLS certificates.
3846,2,2025-05-16 15:18:44,Security,196,tech010,Applied security patch and verified.
3847,3,2024-10-30 23:29:41,Incident,264,tech040,Server rebooted successfully.
3848,0,2024-08-13 08:18:30,Upgrade,169,tech002,Database service restarted after crash.
3849,1,2024-07-19 20:09:33,Incident,244,tech027,Performed kernel update and rebooted.
3850,0,2025-09-28 17:29:31,Upgrade,332,tech028,Updated TLS certificates.
3851,1,2025-08-06 13:07:23,Upgrade,288,tech050,Replaced faulty NIC and tested connectivity.
3852,2,2024-06-14 10:16:42,Upgrade,279,tech037,Updated TLS certificates.
3853,3,2025-02-14 23:23:30,Patch,225,tech002,Adjusted firewall rules.
3854,4,2024-09-14 23:09:44,Incident,201,tech026,Updated TLS certificates.
3855,0,2025-07-20 13:15:23,Network,281,tech045,Applied security patch and verified.
3856,0,2024-10-11 05:44:40,Security,158,tech012,Performed kernel update and rebooted.
3857,1,2024-02-14 03:10:25,Incident,270,tech048,Performed kernel update and rebooted.
3858,2,2025-02-06 04:26:38,Patch,96,tech048,Checked disk health; replaced failing disk.
3859,3,2024-08-26 15:11:13,Patch,29,tech017,Performed kernel update and rebooted.
3860,4,2024-06-17 00:06:05,Security,285,tech013,Replaced faulty NIC and tested connectivity.
3861,5,2025-07-12 11:47:29,Upgrade,218,tech032,Updated TLS certificates.
3862,6,2025-06-28 23:48:26,Incident,252,tech021,Replaced faulty NIC and tested connectivity.
3863,0,2025-03-22 14:29:19,Security,381,tech044,Checked disk health; replaced failing disk.
3864,1,2025-07-21 05:41:56,Upgrade,317,tech028,Performed kernel update and rebooted.
3865,2,2024-01-11 07:08:54,Network,62,tech017,Adjusted firewall rules.
3866,0,2024-11-24 06:34:20,Incident,305,tech037,Checked disk health; replaced failing disk.
3867,1,2024-04-10 21:29:51,Security,186,tech036,Server rebooted successfully.
3868,2,2024-02-04 17:39:49,Incident,202,tech033,Checked disk health; replaced failing disk.
3869,3,2024-06-19 22:43:49,Upgrade,273,tech035,Replaced faulty NIC and tested connectivity.
3870,0,2024-04-22 15:33:12,Upgrade,223,tech014,Server rebooted successfully.
3871,0,2024-10-19 17:00:23,Security,169,tech016,Replaced faulty NIC and tested connectivity.
3872,1,2024-02-16 17:34:47,Network,11,tech043,Replaced faulty NIC and tested connectivity.
3873,2,2024-12-27 12:03:50,Patch,176,tech034,Updated TLS certificates.
3874,0,2024-05-05 07:52:51,Network,147,tech031,Performed kernel update and rebooted.
3875,1,2024-09-06 07:30:43,Incident,191,tech041,Adjusted firewall rules.
3876,2,2025-09-06 12:26:10,Patch,55,tech036,Applied security patch and verified.
3877,3,2025-01-04 01:58:36,Upgrade,337,tech044,Performed kernel update and rebooted.
3878,0,2024-08-22 10:03:58,Network,254,tech043,Performed kernel update and rebooted.
3879,0,2025-06-18 14:10:12,Incident,318,tech025,Performed kernel update and rebooted.
3880,0,2024-10-26 11:41:58,Patch,183,tech012,Server rebooted successfully.
3881,1,2024-04-09 04:22:37,Incident,210,tech044,Applied security patch and verified.
3882,2,2024-08-01 16:16:38,Incident,76,tech046,Performed kernel update and rebooted.
3883,0,2025-07-12 07:33:01,Patch,399,tech022,Applied security patch and verified.
3884,1,2024-07-16 10:17:37,Patch,75,tech036,Adjusted firewall rules.
3885,0,2025-07-08 10:35:53,Network,154,tech028,Applied security patch and verified.
3886,1,2025-08-12 17:31:12,Security,188,tech011,Performed kernel update and rebooted.
3887,0,2024-10-22 16:49:47,Patch,411,tech029,Checked disk health; replaced failing disk.
3888,1,2024-02-29 23:53:43,Security,139,tech023,Replaced faulty NIC and tested connectivity.
3889,2,2024-02-05 04:43:41,Upgrade,13,tech048,Checked disk health; replaced failing disk.
3890,0,2025-04-24 20:34:32,Security,66,tech029,Updated TLS certificates.
3891,1,2024-05-28 23:01:45,Patch,251,tech012,Applied security patch and verified.
3892,2,2025-08-22 00:57:21,Upgrade,142,tech024,Replaced faulty NIC and tested connectivity.
3893,3,2025-08-18 20:52:13,Security,343,tech001,Performed kernel update and rebooted.
3894,4,2024-09-24 02:50:02,Incident,257,tech016,Performed kernel update and rebooted.
3895,0,2024-08-06 10:02:10,Security,84,tech029,Performed kernel update and rebooted.
3896,0,2025-09-23 02:17:26,Security,166,tech036,Server rebooted successfully.
3897,1,2025-07-22 21:38:48,Incident,198,tech026,Database service restarted after crash.
3898,2,2025-06-15 08:48:35,Patch,165,tech043,Checked disk health; replaced failing disk.
3899,3,2025-06-29 18:07:03,Security,237,tech027,Server rebooted successfully.
3900,4,2025-08-07 13:15:07,Incident,88,tech022,Replaced faulty NIC and tested connectivity.
3901,5,2024-09-01 08:49:02,Upgrade,193,tech003,Adjusted firewall rules.
3902,6,2025-02-16 02:19:01,Upgrade,283,tech005,Performed kernel update and rebooted.
3903,7,2025-04-26 13:57:02,Incident,334,tech024,Replaced faulty NIC and tested connectivity.
3904,0,2025-08-16 23:05:16,Incident,370,tech050,Adjusted firewall rules.
3905,1,2025-08-03 16:00:18,Network,328,tech040,Database service restarted after crash.
3906,2,2024-05-24 19:16:13,Incident,251,tech015,Database service restarted after crash.
3907,3,2025-06-05 11:41:51,Security,134,tech004,Server rebooted successfully.
3908,4,2024-03-21 14:12:56,Network,296,tech025,Checked disk health; replaced failing disk.
3909,0,2025-07-21 01:52:36,Patch,103,tech038,Updated TLS certificates.
3910,1,2025-08-05 16:27:45,Network,315,tech044,Checked disk health; replaced failing disk.
3911,2,2024-03-26 08:13:49,Patch,299,tech048,Updated TLS certificates.
3912,3,2025-09-11 00:30:06,Security,330,tech019,Replaced faulty NIC and tested connectivity.
3913,0,2024-06-28 13:21:13,Incident,77,tech016,Checked disk health; replaced failing disk.
3914,1,2024-12-31 05:52:33,Patch,349,tech046,Applied security patch and verified.
3915,2,2024-09-28 04:48:04,Security,37,tech045,Updated TLS certificates.
3916,0,2025-04-19 12:22:35,Network,311,tech031,Adjusted firewall rules.
3917,1,2025-06-27 01:50:17,Patch,165,tech017,Updated TLS certificates.
3918,2,2024-03-19 11:17:42,Upgrade,136,tech041,Updated TLS certificates.
3919,0,2024-10-05 06:40:21,Incident,186,tech028,Performed kernel update and rebooted.
3920,1,2024-12-21 06:42:08,Upgrade,185,tech033,Applied security patch and verified.
3921,0,2024-07-11 03:08:43,Incident,166,tech044,Performed kernel update and rebooted.
3922,1,2025-01-12 09:58:51,Upgrade,71,tech029,Server rebooted successfully.
3923,2,2024-04-07 04:25:55,Patch,181,tech037,Replaced faulty NIC and tested connectivity.
3924,3,2025-06-12 00:36:31,Patch,174,tech049,Adjusted firewall rules.
3925,4,2024-11-07 08:46:43,Upgrade,321,tech003,Applied security patch and verified.
3926,0,2024-01-02 02:04:15,Patch,166,tech014,Checked disk health; replaced failing disk.
3927,1,2024-09-13 00:07:21,Network,251,tech024,Updated TLS certificates.
3928,0,2024-02-02 21:01:32,Incident,191,tech009,Performed kernel update and rebooted.
3929,1,2025-06-10 04:50:23,Upgrade,260,tech031,Adjusted firewall rules.
3930,0,2025-09-28 06:35:18,Incident,148,tech008,Performed kernel update and rebooted.
3931,1,2024-06-07 07:09:36,Incident,123,tech024,Applied security patch and verified.
3932,0,2024-10-31 04:15:56,Upgrade,410,tech033,Updated TLS certificates.
3933,0,2025-01-29 18:23:35,Network,261,tech028,Server rebooted successfully.
3934,1,2025-03-02 06:08:27,Network,335,tech003,Database service restarted after crash.
3935,0,2024-08-01 05:08:44,Network,307,tech024,Updated TLS certificates.
3936,1,2024-11-06 07:54:25,Network,414,tech033,Applied security patch and verified.
3937,2,2024-07-22 11:13:53,Incident,344,tech033,Database service restarted after crash.
3938,3,2025-03-30 19:26:43,Network,246,tech048,Applied security patch and verified.
3939,4,2024-03-04 22:17:47,Patch,33,tech003,Adjusted firewall rules.
3940,5,2024-07-26 10:42:33,Security,299,tech036,Performed kernel update and rebooted.
3941,0,2024-04-17 15:34:13,Security,18,tech011,Server rebooted successfully.
3942,1,2024-04-25 16:16:23,Network,353,tech001,Server rebooted successfully.
3943,2,2024-06-28 07:54:23,Network,242,tech020,Adjusted firewall rules.
3944,0,2025-09-09 16:29:48,Upgrade,145,tech038,Checked disk health; replaced failing disk.
3945,1,2024-01-26 09:58:31,Upgrade,291,tech020,Database service restarted after crash.
3946,2,2024-08-17 00:14:45,Incident,389,tech041,Replaced faulty NIC and tested connectivity.
3947,0,2024-03-21 00:52:20,Security,76,tech031,Updated TLS certificates.
3948,0,2024-11-11 11:32:32,Incident,391,tech024,Performed kernel update and rebooted.
3949,1,2025-01-31 04:40:00,Incident,290,tech035,Server rebooted successfully.
3950,2,2024-01-24 03:30:20,Incident,103,tech011,Applied security patch and verified.
3951,3,2024-11-06 15:24:18,Incident,128,tech024,Checked disk health; replaced failing disk.
3952,4,2024-11-18 11:57:22,Incident,53,tech020,Server rebooted successfully.
3953,0,2025-07-19 07:27:36,Upgrade,316,tech002,Checked disk health; replaced failing disk.
3954,1,2024-06-15 06:12:04,Upgrade,112,tech020,Server rebooted successfully.
3955,0,2025-04-11 13:21:25,Incident,198,tech049,Applied security patch and verified.
3956,0,2025-05-25 23:57:12,Patch,88,tech034,Updated TLS certificates.
3957,1,2024-07-16 09:36:25,Incident,402,tech017,Server rebooted successfully.
3958,2,2025-08-01 05:13:49,Patch,169,tech010,Adjusted firewall rules.
3959,3,2024-06-28 16:25:55,Security,24,tech028,Updated TLS certificates.
3960,4,2025-03-17 03:20:10,Security,196,tech031,Adjusted firewall rules.
3961,0,2024-02-01 04:28:09,Network,191,tech040,Performed kernel update and rebooted.
3962,1,2024-02-02 23:25:38,Patch,279,tech021,Performed kernel update and rebooted.
3963,2,2024-01-14 09:28:40,Network,9,tech034,Performed kernel update and rebooted.
3964,0,2024-05-16 13:32:11,Security,99,tech035,Updated TLS certificates.
3965,1,2024-04-21 03:22:57,Network,345,tech034,Database service restarted after crash.
3966,0,2025-04-25 16:47:36,Upgrade,229,tech033,Database service restarted after crash.
3967,1,2025-01-12 02:22:51,Incident,151,tech015,Performed kernel update and rebooted.
3968,2,2025-02-26 14:42:50,Patch,337,tech040,Replaced faulty NIC and tested connectivity.
3969,3,2025-07-01 16:03:37,Upgrade,113,tech049,Performed kernel update and rebooted.
3970,4,2024-07-09 17:48:18,Patch,388,tech010,Database service restarted after crash.
3971,5,2024-09-19 23:13:06,Network,304,tech006,Updated TLS certificates.
3972,0,2025-07-08 09:01:31,Security,160,tech019,Applied security patch and verified.
3973,1,2025-02-26 00:20:54,Incident,140,tech030,Applied security patch and verified.
3974,0,2024-07-06 21:54:44,Upgrade,315,tech002,Checked disk health; replaced failing disk.
3975,1,2025-02-21 13:32:10,Upgrade,33,tech010,Database service restarted after crash.
3976,0,2025-05-05 04:06:38,Incident,112,tech036,Adjusted firewall rules.
3977,0,2024-08-14 01:19:13,Security,225,tech015,Replaced faulty NIC and tested connectivity.
3978,1,2025-07-21 20:38:35,Network,277,tech009,Performed kernel update and rebooted.
3979,2,2024-11-16 22:27:27,Network,136,tech034,Replaced faulty NIC and tested connectivity.
3980,3,2024-08-10 23:14:55,Incident,301,tech037,Adjusted firewall rules.
3981,4,2024-04-17 03:05:46,Security,346,tech022,Checked disk health; replaced failing disk.
3982,0,2025-08-05 14:38:24,Incident,394,tech016,Updated TLS certificates.
3983,1,2024-09-06 14:46:04,Patch,235,tech044,Performed kernel update and rebooted.
3984,2,2025-01-29 22:39:02,Security,18,tech049,Replaced faulty NIC and tested connectivity.
3985,3,2025-01-22 17:56:43,Network,166,tech036,Checked disk health; replaced failing disk.
3986,0,2025-04-21 19:03:40,Network,130,tech037,Adjusted firewall rules.
3987,1,2024-06-20 03:05:04,Security,271,tech037,Server rebooted successfully.
3988,0,2025-01-11 21:31:09,Network,129,tech048,Server rebooted successfully.
3989,1,2024-09-15 10:13:28,Incident,57,tech035,Updated TLS certificates.
3990,2,2024-03-30 15:15:19,Security,124,tech017,Applied security patch and verified.
3991,0,2024-03-22 11:41:56,Upgrade,113,tech011,Checked disk health; replaced failing disk.
3992,1,2024-06-29 07:55:06,Incident,315,tech042,Adjusted firewall rules.
3993,0,2024-08-14 12:28:00,Security,34,tech029,Applied security patch and verified.
3994,1,2025-04-19 20:30:07,Security,189,tech048,Performed kernel update and rebooted.
3995,2,2025-07-23 21:01:28,Upgrade,293,tech021,Adjusted firewall rules.
3996,0,2024-03-27 20:59:05,Network,299,tech031,Checked disk health; replaced failing disk.
3997,1,2025-06-14 21:03:24,Upgrade,295,tech044,Database service restarted after crash.
3998,2,2025-03-10 20:10:48,Upgrade,322,tech038,Server rebooted successfully.
3999,3,2025-05-19 17:43:03,Upgrade,336,tech040,Adjusted firewall rules.
4000,4,2024-03-06 10:29:20,Upgrade,14,tech026,Performed kernel update and rebooted.
4001,0,2025-06-17 23:55:43,Security,40,tech017,Database service restarted after crash.
4002,0,2025-04-12 01:13:57,Incident,417,tech050,Server rebooted successfully.
4003,0,2024-05-29 05:15:45,Incident,71,tech038,Database service restarted after crash.
4004,1,2025-01-17 08:44:31,Incident,243,tech005,Applied security patch and verified.
4005,2,2024-07-23 08:30:23,Incident,276,tech020,Server rebooted successfully.
4006,0,2024-08-31 09:23:41,Network,391,tech039,Checked disk health; replaced failing disk.
4007,1,2024-06-10 01:11:56,Security,208,tech044,Updated TLS certificates.
4008,2,2025-09-30 17:24:11,Incident,159,tech016,Checked disk health; replaced failing disk.
4009,0,2025-03-10 21:27:01,Security,251,tech037,Checked disk health; replaced failing disk.
4010,0,2024-10-11 13:31:25,Upgrade,251,tech028,Database service restarted after crash.
4011,1,2024-03-15 10:08:34,Patch,279,tech049,Replaced faulty NIC and tested connectivity.
4012,2,2025-06-24 20:48:39,Network,365,tech030,Checked disk health; replaced failing disk.
4013,3,2025-03-02 08:53:40,Network,319,tech039,Adjusted firewall rules.
4014,4,2024-02-25 15:05:26,Patch,282,tech039,Replaced faulty NIC and tested connectivity.
4015,0,2024-09-04 19:06:22,Upgrade,75,tech015,Database service restarted after crash.
4016,1,2024-05-13 05:57:29,Incident,236,tech036,Updated TLS certificates.
4017,0,2024-04-29 15:44:09,Upgrade,157,tech048,Performed kernel update and rebooted.
4018,1,2024-06-04 21:35:51,Security,124,tech018,Replaced faulty NIC and tested connectivity.
4019,2,2025-05-19 01:35:31,Security,125,tech019,Replaced faulty NIC and tested connectivity.
4020,3,2024-10-28 02:45:54,Incident,237,tech035,Adjusted firewall rules.
4021,0,2025-09-22 14:33:26,Upgrade,321,tech020,Performed kernel update and rebooted.
4022,1,2024-07-07 14:12:49,Network,339,tech016,Server rebooted successfully.
4023,2,2025-08-15 08:28:06,Network,404,tech011,Performed kernel update and rebooted.
4024,3,2024-08-15 21:07:21,Upgrade,338,tech050,Updated TLS certificates.
4025,0,2025-08-27 00:03:31,Patch,355,tech017,Database service restarted after crash.
4026,1,2024-10-07 16:45:58,Security,402,tech035,Replaced faulty NIC and tested connectivity.
4027,2,2024-08-31 00:07:09,Security,277,tech024,Updated TLS certificates.
4028,0,2024-11-22 04:31:33,Upgrade,222,tech009,Server rebooted successfully.
4029,1,2024-01-06 23:13:02,Upgrade,36,tech044,Updated TLS certificates.
4030,0,2025-09-17 07:38:55,Security,63,tech002,Server rebooted successfully.
4031,1,2025-07-03 06:14:38,Network,376,tech047,Replaced faulty NIC and tested connectivity.
4032,2,2024-09-15 11:28:18,Security,85,tech037,Applied security patch and verified.
4033,3,2025-01-17 23:23:48,Patch,38,tech045,Database service restarted after crash.
4034,4,2025-09-07 23:54:31,Patch,283,tech017,Adjusted firewall rules.
4035,5,2024-11-20 22:43:21,Network,213,tech039,Applied security patch and verified.
4036,0,2024-09-17 17:34:35,Security,306,tech034,Checked disk health; replaced failing disk.
4037,0,2025-06-05 11:10:50,Security,178,tech045,Database service restarted after crash.
4038,0,2024-04-09 00:58:11,Security,195,tech026,Database service restarted after crash.
4039,1,2025-02-23 14:11:05,Security,140,tech007,Adjusted firewall rules.
4040,0,2025-09-24 14:44:41,Incident,211,tech011,Replaced faulty NIC and tested connectivity.
4041,1,2024-03-28 21:03:41,Incident,402,tech008,Replaced faulty NIC and tested connectivity.
4042,0,2024-12-05 05:47:37,Incident,148,tech007,Adjusted firewall rules.
4043,1,2025-02-14 06:38:56,Network,378,tech025,Server rebooted successfully.
4044,2,2024-03-28 23:46:32,Security,266,tech023,Database service restarted after crash.
4045,0,2025-02-02 10:14:52,Incident,115,tech016,Replaced faulty NIC and tested connectivity.
4046,1,2025-06-25 07:23:49,Security,217,tech026,Database service restarted after crash.
4047,2,2024-02-06 01:39:22,Upgrade,223,tech047,Updated TLS certificates.
4048,3,2025-09-17 07:00:39,Patch,174,tech011,Checked disk health; replaced failing disk.
4049,0,2025-03-13 11:00:25,Network,372,tech013,Database service restarted after crash.
4050,1,2024-09-18 02:56:52,Network,383,tech006,Updated TLS certificates.
4051,0,2025-04-10 02:18:42,Upgrade,155,tech021,Database service restarted after crash.
4052,1,2025-04-09 06:32:40,Network,177,tech022,Checked disk health; replaced failing disk.
4053,2,2024-04-29 23:25:52,Patch,362,tech034,Applied security patch and verified.
4054,3,2025-04-21 10:54:44,Security,62,tech007,Updated TLS certificates.
4055,4,2025-01-19 11:39:49,Security,42,tech041,Checked disk health; replaced failing disk.
4056,0,2025-09-20 14:07:16,Incident,409,tech007,Adjusted firewall rules.
4057,1,2024-04-08 03:57:36,Incident,18,tech043,Adjusted firewall rules.
4058,0,2024-06-10 14:30:26,Patch,292,tech006,Database service restarted after crash.
4059,1,2024-04-15 21:06:53,Security,90,tech049,Adjusted firewall rules.
4060,2,2025-05-28 20:02:27,Upgrade,129,tech007,Applied security patch and verified.
4061,3,2025-04-24 00:52:34,Upgrade,75,tech047,Performed kernel update and rebooted.
4062,0,2025-04-15 02:20:46,Patch,33,tech015,Server rebooted successfully.
4063,1,2024-03-06 00:46:01,Incident,304,tech020,Updated TLS certificates.
4064,2,2024-05-05 18:46:17,Upgrade,139,tech015,Replaced faulty NIC and tested connectivity.
4065,3,2024-10-08 14:39:00,Patch,378,tech050,Performed kernel update and rebooted.
4066,0,2025-09-13 08:36:22,Patch,333,tech012,Replaced faulty NIC and tested connectivity.
4067,0,2025-07-10 18:21:22,Incident,305,tech016,Performed kernel update and rebooted.
4068,1,2025-03-25 20:35:18,Incident,111,tech032,Updated TLS certificates.
4069,2,2024-06-28 14:30:56,Patch,242,tech017,Server rebooted successfully.
4070,3,2024-12-05 12:51:28,Incident,290,tech005,Updated TLS certificates.
4071,0,2024-12-08 15:52:17,Incident,357,tech034,Performed kernel update and rebooted.
4072,1,2024-12-30 02:54:29,Network,119,tech020,Server rebooted successfully.
4073,2,2024-11-03 20:02:23,Upgrade,12,tech046,Server rebooted successfully.
4074,3,2025-01-24 19:39:32,Network,227,tech026,Applied security patch and verified.
4075,4,2024-07-25 09:53:40,Network,415,tech029,Applied security patch and verified.
4076,0,2025-04-24 01:37:35,Patch,129,tech045,Server rebooted successfully.
4077,1,2024-04-18 11:09:09,Upgrade,53,tech009,Database service restarted after crash.
4078,2,2024-02-04 02:00:44,Incident,35,tech033,Checked disk health; replaced failing disk.
4079,0,2025-05-24 22:56:53,Network,171,tech048,Adjusted firewall rules.
4080,1,2025-06-10 07:06:18,Upgrade,275,tech027,Replaced faulty NIC and tested connectivity.
4081,2,2024-01-26 20:28:53,Incident,335,tech023,Updated TLS certificates.
4082,3,2025-09-02 23:25:17,Security,41,tech013,Applied security patch and verified.
4083,4,2024-07-19 13:51:17,Network,153,tech010,Applied security patch and verified.
4084,0,2025-01-18 08:22:07,Patch,219,tech008,Replaced faulty NIC and tested connectivity.
4085,1,2024-02-17 09:25:52,Patch,45,tech035,Database service restarted after crash.
4086,0,2024-11-03 12:04:34,Security,180,tech048,Applied security patch and verified.
4087,1,2024-09-06 20:09:58,Upgrade,29,tech004,Checked disk health; replaced failing disk.
4088,2,2024-07-06 09:40:26,Incident,353,tech010,Database service restarted after crash.
4089,3,2024-11-01 00:10:12,Upgrade,384,tech021,Database service restarted after crash.
4090,0,2025-08-21 14:36:20,Upgrade,248,tech016,Performed kernel update and rebooted.
4091,1,2025-05-23 07:41:10,Incident,179,tech047,Replaced faulty NIC and tested connectivity.
4092,2,2024-10-05 13:08:16,Patch,108,tech006,Checked disk health; replaced failing disk.
4093,0,2025-06-28 18:01:08,Incident,25,tech027,Adjusted firewall rules.
4094,0,2025-07-26 11:32:47,Network,396,tech045,Replaced faulty NIC and tested connectivity.
4095,1,2025-07-12 23:53:39,Patch,75,tech029,Database service restarted after crash.
4096,0,2024-01-25 04:53:23,Security,87,tech048,Applied security patch and verified.
4097,1,2024-12-21 03:45:36,Security,17,tech048,Database service restarted after crash.
4098,2,2024-07-11 10:55:00,Incident,125,tech030,Replaced faulty NIC and tested connectivity.
4099,3,2024-11-25 15:48:35,Network,71,tech022,Updated TLS certificates.
4100,4,2024-04-22 15:01:38,Network,207,tech037,Applied security patch and verified.
4101,5,2025-06-05 03:47:18,Patch,373,tech009,Adjusted firewall rules.
4102,6,2025-06-11 23:03:34,Network,145,tech002,Checked disk health; replaced failing disk.
4103,0,2025-06-05 06:26:42,Patch,408,tech015,Replaced faulty NIC and tested connectivity.
4104,1,2025-03-24 11:54:24,Upgrade,395,tech012,Server rebooted successfully.
4105,2,2024-11-23 13:33:47,Incident,351,tech034,Replaced faulty NIC and tested connectivity.
4106,0,2024-01-07 09:26:29,Upgrade,359,tech050,Checked disk health; replaced failing disk.
4107,0,2025-01-01 19:07:25,Network,309,tech010,Performed kernel update and rebooted.
4108,1,2025-05-12 02:05:06,Patch,137,tech042,Checked disk health; replaced failing disk.
4109,2,2024-01-11 01:51:59,Patch,295,tech002,Performed kernel update and rebooted.
4110,3,2024-03-31 15:55:50,Network,341,tech021,Applied security patch and verified.
4111,0,2024-03-22 01:01:41,Incident,311,tech012,Adjusted firewall rules.
4112,1,2024-11-10 11:01:00,Security,417,tech039,Checked disk health; replaced failing disk.
4113,2,2024-04-08 05:39:33,Incident,122,tech009,Database service restarted after crash.
4114,3,2025-04-14 14:51:17,Patch,266,tech034,Server rebooted successfully.
4115,0,2024-06-15 00:38:49,Network,252,tech023,Adjusted firewall rules.
4116,1,2025-01-10 19:29:55,Security,44,tech039,Replaced faulty NIC and tested connectivity.
4117,2,2025-05-23 05:02:40,Patch,176,tech002,Replaced faulty NIC and tested connectivity.
4118,3,2025-06-25 23:40:41,Security,76,tech033,Server rebooted successfully.
4119,0,2024-01-21 06:25:37,Patch,229,tech008,Updated TLS certificates.
4120,1,2025-01-22 05:56:44,Upgrade,93,tech007,Database service restarted after crash.
4121,2,2025-01-11 22:02:29,Incident,223,tech017,Database service restarted after crash.
4122,0,2024-10-08 17:12:21,Incident,62,tech004,Server rebooted successfully.
4123,0,2024-06-09 20:26:20,Incident,414,tech014,Database service restarted after crash.
4124,1,2024-07-02 22:58:25,Upgrade,387,tech018,Database service restarted after crash.
4125,2,2024-04-07 18:00:15,Patch,130,tech018,Updated TLS certificates.
4126,3,2024-01-19 01:46:05,Incident,418,tech004,Checked disk health; replaced failing disk.
4127,4,2024-10-07 21:23:13,Security,25,tech018,Replaced faulty NIC and tested connectivity.
4128,0,2025-05-25 14:34:41,Upgrade,328,tech005,Applied security patch and verified.
4129,1,2025-08-13 17:35:06,Upgrade,53,tech012,Checked disk health; replaced failing disk.
4130,2,2024-05-06 03:58:48,Incident,313,tech025,Adjusted firewall rules.
4131,3,2024-02-03 12:28:48,Upgrade,98,tech019,Checked disk health; replaced failing disk.
4132,0,2024-05-02 05:39:34,Security,59,tech018,Checked disk health; replaced failing disk.
4133,1,2024-01-21 18:57:00,Security,136,tech010,Updated TLS certificates.
4134,0,2025-04-09 09:35:34,Upgrade,359,tech001,Server rebooted successfully.
4135,1,2025-09-27 15:10:22,Upgrade,129,tech033,Server rebooted successfully.
4136,2,2024-04-08 05:40:26,Security,146,tech029,Applied security patch and verified.
4137,3,2024-09-06 00:43:18,Patch,33,tech036,Updated TLS certificates.
4138,0,2024-01-08 17:58:48,Network,381,tech019,Updated TLS certificates.
4139,1,2024-09-23 12:10:55,Patch,146,tech031,Performed kernel update and rebooted.
4140,2,2024-06-30 05:53:07,Upgrade,164,tech010,Updated TLS certificates.
4141,3,2024-04-13 20:22:30,Network,268,tech045,Performed kernel update and rebooted.
4142,4,2024-09-14 02:09:26,Upgrade,72,tech037,Database service restarted after crash.
4143,5,2025-01-13 15:54:07,Upgrade,219,tech031,Updated TLS certificates.
4144,6,2024-11-15 07:42:41,Network,417,tech010,Performed kernel update and rebooted.
4145,7,2024-09-11 18:19:40,Security,60,tech009,Performed kernel update and rebooted.
4146,8,2025-06-11 16:15:20,Network,14,tech037,Checked disk health; replaced failing disk.
4147,0,2024-12-16 03:55:41,Network,354,tech017,Replaced faulty NIC and tested connectivity.
4148,1,2024-09-24 01:53:35,Network,314,tech046,Performed kernel update and rebooted.
4149,2,2024-07-08 13:21:03,Incident,251,tech025,Updated TLS certificates.
4150,0,2024-03-05 08:56:13,Security,89,tech011,Database service restarted after crash.
4151,1,2024-09-28 04:13:11,Network,215,tech042,Server rebooted successfully.
4152,2,2024-10-12 18:15:02,Network,175,tech017,Performed kernel update and rebooted.
4153,0,2024-01-25 11:20:21,Upgrade,213,tech016,Server rebooted successfully.
4154,1,2025-06-22 07:42:47,Network,41,tech049,Applied security patch and verified.
4155,2,2025-05-13 12:01:22,Patch,82,tech041,Database service restarted after crash.
4156,3,2024-06-28 11:08:37,Network,383,tech034,Replaced faulty NIC and tested connectivity.
4157,0,2025-07-10 01:35:51,Incident,416,tech030,Updated TLS certificates.
4158,1,2025-03-14 23:45:38,Incident,322,tech016,Adjusted firewall rules.
4159,0,2024-06-19 08:37:34,Patch,413,tech030,Applied security patch and verified.
4160,0,2025-05-29 06:16:37,Network,54,tech022,Server rebooted successfully.
4161,1,2024-12-29 07:52:27,Patch,99,tech013,Updated TLS certificates.
4162,2,2024-01-27 00:44:34,Incident,198,tech045,Server rebooted successfully.
4163,0,2024-06-22 21:12:22,Upgrade,318,tech025,Updated TLS certificates.
4164,1,2024-08-08 17:01:44,Security,147,tech019,Applied security patch and verified.
4165,2,2025-06-23 13:23:41,Network,175,tech043,Checked disk health; replaced failing disk.
4166,0,2025-06-22 18:36:26,Patch,335,tech014,Performed kernel update and rebooted.
4167,1,2024-03-22 05:45:23,Upgrade,151,tech002,Database service restarted after crash.
4168,0,2024-03-27 01:29:36,Upgrade,21,tech008,Database service restarted after crash.
4169,1,2025-03-25 11:26:53,Security,98,tech033,Server rebooted successfully.
4170,2,2025-03-30 04:07:58,Security,401,tech038,Database service restarted after crash.
4171,3,2024-11-22 10:57:04,Patch,291,tech027,Checked disk health; replaced failing disk.
4172,0,2024-08-03 01:17:55,Patch,6,tech026,Adjusted firewall rules.
4173,1,2024-03-10 20:37:50,Upgrade,96,tech039,Performed kernel update and rebooted.
4174,2,2024-06-18 04:16:03,Patch,160,tech043,Replaced faulty NIC and tested connectivity.
4175,3,2024-08-19 06:43:07,Patch,349,tech005,Applied security patch and verified.
4176,4,2025-04-18 00:19:51,Security,265,tech007,Adjusted firewall rules.
4177,5,2024-05-05 12:59:28,Incident,293,tech008,Replaced faulty NIC and tested connectivity.
4178,0,2025-07-24 05:00:59,Patch,159,tech049,Server rebooted successfully.
4179,1,2025-03-25 21:32:03,Patch,20,tech026,Applied security patch and verified.
4180,2,2024-02-26 04:28:21,Network,78,tech022,Updated TLS certificates.
4181,3,2024-05-08 02:12:00,Patch,30,tech032,Database service restarted after crash.
4182,4,2025-06-12 13:48:26,Patch,388,tech041,Adjusted firewall rules.
4183,0,2025-05-10 14:10:13,Incident,413,tech043,Database service restarted after crash.
4184,1,2025-04-29 18:01:25,Patch,329,tech036,Checked disk health; replaced failing disk.
4185,2,2024-06-20 06:23:50,Security,104,tech030,Replaced faulty NIC and tested connectivity.
4186,3,2024-12-07 19:46:47,Patch,77,tech033,Updated TLS certificates.
4187,0,2025-05-25 22:52:35,Incident,59,tech046,Updated TLS certificates.
4188,1,2024-04-06 10:29:31,Security,363,tech016,Performed kernel update and rebooted.
4189,0,2024-02-21 11:10:28,Network,86,tech013,Replaced faulty NIC and tested connectivity.
4190,1,2024-04-09 16:32:37,Patch,80,tech030,Server rebooted successfully.
4191,2,2025-09-25 21:40:53,Security,94,tech006,Performed kernel update and rebooted.
4192,0,2024-06-09 08:52:58,Network,418,tech029,Checked disk health; replaced failing disk.
4193,1,2024-05-22 18:22:25,Patch,208,tech015,Updated TLS certificates.
4194,2,2024-07-20 01:14:44,Network,90,tech024,Applied security patch and verified.
4195,0,2024-02-10 03:14:25,Security,288,tech029,Server rebooted successfully.
4196,1,2025-03-01 09:06:37,Patch,89,tech006,Updated TLS certificates.
4197,0,2024-03-15 07:54:50,Patch,128,tech019,Updated TLS certificates.
4198,1,2024-05-15 20:31:58,Upgrade,129,tech050,Applied security patch and verified.
4199,0,2025-07-14 19:35:56,Patch,323,tech014,Updated TLS certificates.
4200,1,2024-04-05 12:22:07,Incident,158,tech027,Replaced faulty NIC and tested connectivity.
4201,2,2024-02-21 20:55:02,Network,182,tech043,Server rebooted successfully.
4202,0,2025-02-14 04:15:31,Security,276,tech031,Checked disk health; replaced failing disk.
4203,1,2025-02-06 22:19:26,Upgrade,386,tech015,Database service restarted after crash.
4204,2,2024-04-21 22:13:17,Upgrade,270,tech020,Replaced faulty NIC and tested connectivity.
4205,3,2025-09-08 05:14:29,Network,46,tech009,Performed kernel update and rebooted.
4206,0,2025-09-07 04:41:16,Incident,121,tech016,Replaced faulty NIC and tested connectivity.
4207,1,2025-04-11 02:39:58,Patch,164,tech041,Updated TLS certificates.
4208,0,2024-09-26 20:16:38,Security,106,tech042,Applied security patch and verified.
4209,0,2024-06-22 07:45:24,Patch,333,tech006,Database service restarted after crash.
4210,1,2024-05-26 01:02:00,Upgrade,43,tech042,Replaced faulty NIC and tested connectivity.
4211,0,2025-01-02 11:27:13,Patch,214,tech015,Replaced faulty NIC and tested connectivity.
4212,1,2024-03-14 04:07:30,Network,358,tech012,Replaced faulty NIC and tested connectivity.
4213,2,2024-06-22 02:01:18,Incident,334,tech003,Server rebooted successfully.
4214,0,2024-05-02 00:28:05,Upgrade,71,tech032,Updated TLS certificates.
4215,1,2025-03-15 21:37:23,Upgrade,385,tech035,Checked disk health; replaced failing disk.
4216,0,2025-05-11 18:51:43,Upgrade,273,tech022,Updated TLS certificates.
4217,1,2024-10-07 06:17:10,Upgrade,115,tech030,Adjusted firewall rules.
4218,2,2024-05-31 21:40:31,Incident,35,tech006,Database service restarted after crash.
4219,3,2024-11-06 19:41:34,Upgrade,158,tech034,Applied security patch and verified.
4220,0,2024-05-30 17:35:34,Incident,157,tech023,Updated TLS certificates.
4221,1,2025-01-03 08:07:25,Patch,126,tech004,Checked disk health; replaced failing disk.
4222,2,2024-11-03 01:52:55,Security,202,tech007,Server rebooted successfully.
4223,3,2024-01-11 09:38:56,Upgrade,321,tech038,Applied security patch and verified.
4224,0,2024-07-22 09:56:57,Security,224,tech020,Server rebooted successfully.
4225,1,2025-02-12 21:25:23,Patch,247,tech038,Updated TLS certificates.
4226,2,2025-01-07 06:28:41,Network,314,tech001,Updated TLS certificates.
4227,3,2024-04-19 14:39:14,Patch,376,tech028,Server rebooted successfully.
4228,0,2024-09-14 20:29:16,Upgrade,297,tech032,Performed kernel update and rebooted.
4229,1,2025-04-30 09:50:49,Security,137,tech036,Adjusted firewall rules.
4230,2,2024-06-27 08:27:15,Incident,411,tech017,Updated TLS certificates.
4231,3,2025-01-29 05:07:05,Incident,385,tech005,Database service restarted after crash.
4232,0,2025-08-16 17:14:24,Security,174,tech042,Applied security patch and verified.
4233,1,2024-02-28 21:22:43,Network,30,tech026,Adjusted firewall rules.
4234,0,2024-05-25 14:32:01,Upgrade,393,tech016,Server rebooted successfully.
4235,1,2024-12-18 22:37:59,Network,244,tech018,Database service restarted after crash.
4236,2,2025-02-06 04:48:41,Patch,342,tech010,Checked disk health; replaced failing disk.
4237,0,2025-04-03 08:02:38,Upgrade,277,tech019,Updated TLS certificates.
4238,1,2024-06-13 06:51:24,Upgrade,191,tech041,Database service restarted after crash.
4239,2,2025-07-01 04:17:09,Patch,115,tech002,Updated TLS certificates.
4240,0,2024-02-27 19:24:48,Network,314,tech026,Updated TLS certificates.
4241,0,2025-07-10 15:40:59,Upgrade,57,tech012,Checked disk health; replaced failing disk.
4242,1,2025-01-10 15:05:28,Security,317,tech044,Performed kernel update and rebooted.
4243,2,2025-01-12 07:09:01,Upgrade,243,tech011,Checked disk health; replaced failing disk.
4244,3,2025-04-11 21:45:07,Incident,407,tech008,Database service restarted after crash.
4245,0,2024-08-10 02:08:15,Network,247,tech001,Replaced faulty NIC and tested connectivity.
4246,1,2024-12-22 14:37:11,Patch,78,tech043,Database service restarted after crash.
4247,0,2024-02-24 03:04:14,Upgrade,139,tech007,Replaced faulty NIC and tested connectivity.
4248,1,2025-05-05 03:19:51,Security,297,tech013,Server rebooted successfully.
4249,0,2024-05-04 06:48:17,Incident,278,tech007,Updated TLS certificates.
4250,1,2024-04-04 05:34:52,Upgrade,352,tech028,Server rebooted successfully.
4251,0,2024-05-03 02:31:25,Incident,340,tech011,Updated TLS certificates.
4252,1,2025-08-18 13:03:06,Patch,311,tech034,Replaced faulty NIC and tested connectivity.
4253,2,2025-08-06 18:03:09,Security,254,tech009,Updated TLS certificates.
4254,3,2024-05-20 11:26:06,Security,83,tech006,Applied security patch and verified.
4255,4,2025-03-28 10:25:04,Incident,416,tech037,Database service restarted after crash.
4256,5,2024-09-16 12:39:16,Incident,33,tech018,Replaced faulty NIC and tested connectivity.
4257,6,2024-01-11 12:07:57,Security,329,tech044,Applied security patch and verified.
4258,7,2025-04-14 11:06:05,Incident,244,tech017,Checked disk health; replaced failing disk.
4259,0,2024-10-31 06:50:58,Patch,297,tech032,Applied security patch and verified.
4260,1,2025-08-24 18:55:03,Incident,204,tech016,Database service restarted after crash.
4261,2,2024-08-10 06:48:15,Security,226,tech018,Adjusted firewall rules.
4262,0,2025-07-07 11:29:38,Security,63,tech024,Replaced faulty NIC and tested connectivity.
4263,1,2024-07-14 16:20:05,Upgrade,233,tech026,Adjusted firewall rules.
4264,0,2024-10-13 19:13:59,Security,131,tech011,Performed kernel update and rebooted.
4265,1,2025-05-22 21:35:12,Security,123,tech008,Checked disk health; replaced failing disk.
4266,2,2025-05-24 22:05:59,Upgrade,326,tech020,Performed kernel update and rebooted.
4267,0,2025-06-27 22:15:54,Network,397,tech038,Replaced faulty NIC and tested connectivity.
4268,1,2024-09-17 15:14:12,Network,161,tech045,Updated TLS certificates.
4269,0,2025-05-07 19:56:17,Patch,46,tech050,Database service restarted after crash.
4270,1,2024-07-29 22:12:44,Incident,14,tech045,Checked disk health; replaced failing disk.
4271,2,2024-09-12 16:03:51,Patch,372,tech040,Applied security patch and verified.
4272,0,2024-08-01 20:39:36,Network,89,tech041,Replaced faulty NIC and tested connectivity.
4273,1,2025-03-05 19:59:14,Upgrade,27,tech019,Server rebooted successfully.
4274,0,2024-06-21 14:11:54,Network,411,tech032,Adjusted firewall rules.
4275,1,2025-06-06 23:14:00,Incident,46,tech049,Checked disk health; replaced failing disk.
4276,2,2024-02-26 10:46:36,Patch,51,tech013,Updated TLS certificates.
4277,3,2024-07-24 08:38:14,Security,131,tech038,Applied security patch and verified.
4278,0,2024-07-30 09:35:06,Upgrade,164,tech004,Applied security patch and verified.
4279,0,2025-03-21 02:19:57,Upgrade,328,tech047,Checked disk health; replaced failing disk.
4280,1,2024-05-10 10:49:29,Patch,277,tech018,Server rebooted successfully.
4281,0,2024-03-17 16:09:32,Patch,117,tech048,Updated TLS certificates.
4282,1,2025-02-01 02:12:39,Upgrade,10,tech047,Applied security patch and verified.
4283,0,2024-02-28 11:18:42,Network,107,tech029,Checked disk health; replaced failing disk.
4284,1,2024-11-16 18:40:20,Incident,387,tech004,Adjusted firewall rules.
4285,2,2025-07-17 08:41:41,Patch,193,tech013,Replaced faulty NIC and tested connectivity.
4286,0,2024-05-01 12:29:50,Incident,21,tech029,Performed kernel update and rebooted.
4287,1,2025-09-21 11:26:23,Incident,69,tech001,Replaced faulty NIC and tested connectivity.
4288,2,2025-01-01 14:48:11,Patch,95,tech013,Checked disk health; replaced failing disk.
4289,3,2025-08-10 15:37:59,Network,412,tech022,Updated TLS certificates.
4290,0,2024-02-08 14:47:53,Upgrade,126,tech034,Database service restarted after crash.
4291,1,2024-05-17 17:18:24,Upgrade,191,tech036,Updated TLS certificates.
4292,2,2024-05-01 16:44:38,Security,253,tech025,Database service restarted after crash.
4293,0,2025-04-02 10:07:59,Incident,371,tech030,Server rebooted successfully.
4294,1,2024-07-25 08:29:51,Incident,144,tech011,Server rebooted successfully.
4295,0,2024-07-07 03:46:39,Patch,5,tech006,Replaced faulty NIC and tested connectivity.
4296,1,2024-10-15 19:56:24,Security,284,tech035,Server rebooted successfully.
4297,2,2025-07-20 22:00:03,Network,192,tech017,Applied security patch and verified.
4298,0,2024-04-25 13:19:49,Patch,128,tech039,Server rebooted successfully.
4299,1,2024-08-11 12:56:29,Incident,107,tech036,Server rebooted successfully.
4300,2,2025-08-13 21:36:19,Security,288,tech025,Server rebooted successfully.
4301,3,2024-05-11 23:53:44,Security,360,tech018,Server rebooted successfully.
4302,0,2025-03-15 13:58:57,Patch,339,tech047,Performed kernel update and rebooted.
4303,1,2024-11-04 09:38:37,Upgrade,11,tech010,Replaced faulty NIC and tested connectivity.
4304,2,2024-02-04 10:20:28,Network,254,tech022,Checked disk health; replaced failing disk.
4305,3,2024-03-14 06:02:00,Security,320,tech039,Checked disk health; replaced failing disk.
4306,4,2025-02-03 04:18:01,Upgrade,393,tech032,Applied security patch and verified.
4307,0,2025-08-23 12:56:46,Upgrade,383,tech002,Adjusted firewall rules.
4308,1,2024-06-13 10:41:07,Upgrade,312,tech033,Applied security patch and verified.
4309,2,2024-11-19 04:47:06,Incident,111,tech005,Checked disk health; replaced failing disk.
4310,0,2025-05-25 00:31:23,Network,384,tech024,Updated TLS certificates.
4311,1,2025-05-06 01:51:44,Incident,374,tech020,Server rebooted successfully.
4312,2,2025-08-05 06:01:00,Network,234,tech009,Performed kernel update and rebooted.
4313,0,2025-03-01 10:37:44,Patch,114,tech001,Server rebooted successfully.
4314,1,2024-04-20 22:06:34,Network,158,tech011,Database service restarted after crash.
4315,2,2024-01-22 15:07:20,Upgrade,400,tech006,Checked disk health; replaced failing disk.
4316,3,2024-01-29 17:22:58,Network,61,tech044,Database service restarted after crash.
4317,4,2024-03-31 10:44:14,Incident,142,tech039,Applied security patch and verified.
4318,0,2024-05-27 06:16:11,Network,180,tech035,Server rebooted successfully.
4319,1,2024-12-04 13:34:27,Patch,320,tech045,Updated TLS certificates.
4320,0,2024-10-13 11:57:52,Patch,26,tech016,Server rebooted successfully.
4321,1,2025-03-13 23:31:35,Upgrade,251,tech025,Database service restarted after crash.
4322,0,2025-02-23 16:29:17,Network,73,tech010,Replaced faulty NIC and tested connectivity.
4323,1,2025-09-05 01:35:30,Patch,167,tech017,Updated TLS certificates.
4324,2,2024-01-17 20:51:38,Security,245,tech047,Replaced faulty NIC and tested connectivity.
4325,3,2025-04-30 23:17:07,Upgrade,229,tech015,Applied security patch and verified.
4326,4,2024-08-15 17:00:11,Incident,8,tech022,Database service restarted after crash.
4327,5,2024-11-23 23:10:48,Network,354,tech042,Performed kernel update and rebooted.
4328,0,2025-04-10 07:22:23,Network,263,tech037,Adjusted firewall rules.
4329,1,2024-04-18 12:35:04,Incident,160,tech007,Replaced faulty NIC and tested connectivity.
4330,2,2024-08-22 22:40:57,Patch,222,tech020,Performed kernel update and rebooted.
4331,3,2024-10-15 18:18:11,Patch,71,tech031,Database service restarted after crash.
4332,0,2024-02-25 20:30:27,Security,364,tech045,Database service restarted after crash.
4333,0,2025-06-06 20:37:32,Upgrade,222,tech001,Adjusted firewall rules.
4334,1,2024-08-16 21:26:11,Patch,376,tech019,Applied security patch and verified.
4335,2,2025-04-10 05:43:33,Upgrade,252,tech011,Server rebooted successfully.
4336,3,2025-02-05 09:09:31,Patch,219,tech017,Replaced faulty NIC and tested connectivity.
4337,4,2024-07-29 07:35:11,Patch,207,tech021,Updated TLS certificates.
4338,5,2025-05-22 22:32:12,Patch,137,tech008,Applied security patch and verified.
4339,0,2025-08-20 16:27:54,Upgrade,325,tech036,Applied security patch and verified.
4340,1,2024-01-31 20:14:54,Network,73,tech034,Replaced faulty NIC and tested connectivity.
4341,0,2024-02-29 22:40:51,Patch,307,tech036,Server rebooted successfully.
4342,1,2024-07-26 16:40:19,Incident,372,tech003,Server rebooted successfully.
4343,2,2025-04-30 00:04:27,Security,239,tech043,Checked disk health; replaced failing disk.
4344,3,2025-09-23 09:00:09,Upgrade,235,tech015,Checked disk health; replaced failing disk.
4345,0,2024-03-07 20:14:46,Upgrade,156,tech006,Applied security patch and verified.
4346,1,2024-01-08 06:08:42,Incident,316,tech020,Replaced faulty NIC and tested connectivity.
4347,2,2025-06-15 18:34:03,Network,323,tech011,Replaced faulty NIC and tested connectivity.
4348,0,2025-06-04 16:39:23,Patch,191,tech039,Database service restarted after crash.
4349,1,2024-07-23 18:24:29,Network,103,tech004,Replaced faulty NIC and tested connectivity.
4350,2,2025-09-19 04:17:44,Security,21,tech043,Updated TLS certificates.
4351,0,2025-02-28 16:43:35,Patch,361,tech033,Updated TLS certificates.
4352,1,2024-05-16 19:37:02,Network,247,tech009,Replaced faulty NIC and tested connectivity.
4353,2,2024-08-12 20:06:31,Incident,239,tech048,Performed kernel update and rebooted.
4354,0,2025-04-29 01:53:41,Incident,309,tech015,Adjusted firewall rules.
4355,1,2025-07-24 22:23:08,Network,250,tech035,Performed kernel update and rebooted.
4356,2,2025-07-04 15:27:09,Incident,255,tech037,Checked disk health; replaced failing disk.
4357,3,2024-04-06 13:13:59,Network,355,tech028,Server rebooted successfully.
4358,0,2025-07-14 05:50:15,Security,322,tech043,Adjusted firewall rules.
4359,1,2024-06-05 04:55:15,Security,177,tech042,Updated TLS certificates.
4360,2,2025-07-07 15:43:54,Network,254,tech017,Updated TLS certificates.
4361,3,2025-01-10 02:51:32,Security,217,tech018,Checked disk health; replaced failing disk.
4362,0,2024-09-08 07:06:03,Upgrade,150,tech022,Performed kernel update and rebooted.
4363,1,2024-11-24 20:26:26,Patch,384,tech021,Checked disk health; replaced failing disk.
4364,2,2025-02-03 04:48:56,Patch,102,tech003,Updated TLS certificates.
4365,0,2024-05-25 23:58:08,Patch,253,tech007,Replaced faulty NIC and tested connectivity.
4366,1,2025-08-07 19:49:37,Network,38,tech050,Adjusted firewall rules.
4367,2,2025-09-18 11:23:45,Incident,137,tech048,Checked disk health; replaced failing disk.
4368,3,2024-02-23 04:07:49,Upgrade,34,tech008,Server rebooted successfully.
4369,0,2025-05-06 20:40:36,Network,168,tech046,Performed kernel update and rebooted.
4370,1,2025-07-29 08:21:31,Security,14,tech034,Adjusted firewall rules.
4371,2,2025-02-02 00:04:43,Incident,264,tech047,Checked disk health; replaced failing disk.
4372,0,2025-03-26 21:07:06,Upgrade,266,tech041,Updated TLS certificates.
4373,1,2025-05-09 23:10:20,Network,232,tech006,Database service restarted after crash.
4374,2,2025-07-29 23:02:31,Network,277,tech027,Server rebooted successfully.
4375,3,2024-09-25 07:55:25,Network,376,tech045,Updated TLS certificates.
4376,4,2024-06-04 20:13:51,Network,390,tech005,Applied security patch and verified.
4377,5,2024-08-25 09:12:55,Security,288,tech024,Adjusted firewall rules.
4378,6,2024-02-26 01:54:11,Patch,258,tech016,Applied security patch and verified.
4379,0,2024-09-17 11:06:41,Security,361,tech013,Performed kernel update and rebooted.
4380,0,2024-09-10 03:01:37,Network,15,tech034,Replaced faulty NIC and tested connectivity.
4381,1,2024-02-15 16:46:50,Security,296,tech014,Performed kernel update and rebooted.
4382,0,2025-05-06 07:09:38,Incident,384,tech026,Adjusted firewall rules.
4383,0,2024-12-26 06:02:13,Incident,100,tech018,Updated TLS certificates.
4384,1,2024-08-23 18:33:26,Upgrade,339,tech002,Adjusted firewall rules.
4385,0,2025-04-14 19:01:04,Upgrade,364,tech018,Performed kernel update and rebooted.
4386,1,2024-09-11 09:21:48,Security,261,tech030,Adjusted firewall rules.
4387,2,2024-03-27 05:46:31,Upgrade,260,tech031,Server rebooted successfully.
4388,3,2024-10-06 14:16:20,Security,329,tech045,Updated TLS certificates.
4389,4,2025-05-30 02:17:18,Upgrade,271,tech012,Updated TLS certificates.
4390,5,2024-03-22 17:36:54,Network,205,tech019,Server rebooted successfully.
4391,0,2024-06-24 11:35:16,Network,251,tech043,Server rebooted successfully.
4392,1,2025-09-27 12:36:12,Patch,11,tech038,Database service restarted after crash.
4393,2,2025-04-12 20:29:37,Security,314,tech049,Applied security patch and verified.
4394,0,2024-09-03 18:32:26,Network,323,tech012,Server rebooted successfully.
4395,1,2025-08-01 04:12:34,Incident,403,tech028,Replaced faulty NIC and tested connectivity.
4396,2,2025-02-03 11:51:23,Upgrade,234,tech049,Database service restarted after crash.
4397,3,2024-04-03 22:00:00,Upgrade,38,tech007,Applied security patch and verified.
4398,4,2025-08-01 00:46:11,Security,32,tech050,Server rebooted successfully.
4399,5,2025-09-18 01:01:34,Patch,182,tech049,Updated TLS certificates.
4400,6,2024-12-20 00:51:55,Upgrade,104,tech048,Replaced faulty NIC and tested connectivity.
4401,0,2024-09-21 15:54:20,Upgrade,344,tech001,Replaced faulty NIC and tested connectivity.
4402,1,2024-03-17 03:03:11,Patch,148,tech028,Server rebooted successfully.
4403,2,2024-06-14 05:04:51,Incident,148,tech015,Applied security patch and verified.
4404,3,2024-05-27 19:13:27,Incident,241,tech025,Applied security patch and verified.
4405,4,2025-09-13 03:19:01,Patch,331,tech005,Server rebooted successfully.
4406,5,2024-06-18 21:46:22,Security,248,tech004,Database service restarted after crash.
4407,0,2024-09-05 05:54:39,Patch,384,tech034,Checked disk health; replaced failing disk.
4408,1,2024-12-24 21:04:34,Security,77,tech011,Server rebooted successfully.
4409,2,2024-06-24 07:45:11,Security,257,tech046,Replaced faulty NIC and tested connectivity.
4410,0,2024-06-04 06:53:09,Incident,163,tech005,Database service restarted after crash.
4411,1,2024-08-22 11:48:44,Upgrade,241,tech004,Performed kernel update and rebooted.
4412,2,2025-09-26 15:13:20,Incident,304,tech034,Database service restarted after crash.
4413,0,2025-03-08 21:02:44,Incident,314,tech020,Applied security patch and verified.
4414,1,2025-05-06 04:05:46,Security,382,tech013,Updated TLS certificates.
4415,0,2024-10-15 00:32:10,Incident,403,tech008,Replaced faulty NIC and tested connectivity.
4416,1,2024-07-17 16:31:22,Incident,343,tech016,Server rebooted successfully.
4417,0,2024-04-15 23:50:53,Incident,174,tech023,Server rebooted successfully.
4418,1,2024-06-10 02:13:49,Security,398,tech031,Updated TLS certificates.
4419,2,2025-05-23 22:57:39,Security,36,tech048,Updated TLS certificates.
4420,3,2024-01-25 03:33:43,Security,284,tech031,Server rebooted successfully.
4421,0,2025-01-06 03:43:12,Security,168,tech036,Replaced faulty NIC and tested connectivity.
4422,1,2025-09-06 12:53:42,Upgrade,373,tech003,Database service restarted after crash.
4423,2,2024-04-10 03:44:07,Network,161,tech019,Replaced faulty NIC and tested connectivity.
4424,3,2025-09-25 14:17:14,Upgrade,222,tech028,Checked disk health; replaced failing disk.
4425,0,2025-06-05 05:07:41,Security,15,tech046,Server rebooted successfully.
4426,1,2025-02-02 21:35:03,Incident,214,tech046,Adjusted firewall rules.
4427,0,2025-09-13 18:43:55,Network,49,tech022,Server rebooted successfully.
4428,1,2024-03-30 13:24:51,Upgrade,196,tech025,Checked disk health; replaced failing disk.
4429,2,2025-06-06 11:14:03,Patch,319,tech032,Performed kernel update and rebooted.
4430,0,2024-02-01 00:55:46,Network,371,tech019,Performed kernel update and rebooted.
4431,0,2024-11-01 21:37:49,Incident,155,tech001,Performed kernel update and rebooted.
4432,1,2024-10-17 18:00:27,Patch,21,tech021,Updated TLS certificates.
4433,2,2024-12-12 08:30:34,Incident,116,tech011,Updated TLS certificates.
4434,0,2024-10-03 19:09:56,Incident,35,tech029,Performed kernel update and rebooted.
4435,1,2024-05-28 03:28:36,Upgrade,329,tech007,Adjusted firewall rules.
4436,0,2025-02-08 12:50:20,Incident,323,tech017,Replaced faulty NIC and tested connectivity.
4437,1,2025-06-27 06:40:50,Security,361,tech001,Checked disk health; replaced failing disk.
4438,0,2025-02-17 00:44:33,Upgrade,382,tech025,Applied security patch and verified.
4439,1,2024-05-28 11:43:06,Network,361,tech044,Server rebooted successfully.
4440,0,2024-01-15 14:10:56,Patch,270,tech009,Database service restarted after crash.
4441,1,2025-04-21 18:53:41,Upgrade,19,tech016,Adjusted firewall rules.
4442,2,2024-01-29 23:51:51,Network,25,tech035,Server rebooted successfully.
4443,3,2025-06-09 22:24:58,Patch,240,tech010,Performed kernel update and rebooted.
4444,0,2025-04-07 15:58:20,Upgrade,253,tech022,Server rebooted successfully.
4445,1,2024-01-30 05:11:12,Incident,72,tech017,Replaced faulty NIC and tested connectivity.
4446,2,2025-06-18 21:35:27,Network,46,tech038,Adjusted firewall rules.
4447,3,2025-01-14 20:10:06,Upgrade,39,tech047,Database service restarted after crash.
4448,0,2024-11-09 05:02:51,Incident,101,tech044,Replaced faulty NIC and tested connectivity.
4449,1,2025-02-03 01:04:10,Security,314,tech015,Adjusted firewall rules.
4450,2,2024-03-11 01:08:39,Patch,149,tech010,Applied security patch and verified.
4451,0,2025-08-15 15:09:16,Upgrade,69,tech015,Database service restarted after crash.
4452,1,2024-12-18 03:15:20,Incident,156,tech006,Performed kernel update and rebooted.
4453,0,2025-05-04 12:59:21,Patch,357,tech002,Applied security patch and verified.
4454,1,2025-06-28 14:17:03,Patch,411,tech017,Checked disk health; replaced failing disk.
4455,0,2024-10-04 11:16:36,Upgrade,417,tech038,Performed kernel update and rebooted.
4456,1,2025-07-02 19:00:01,Network,27,tech023,Replaced faulty NIC and tested connectivity.
4457,2,2024-11-25 06:55:30,Network,25,tech026,Checked disk health; replaced failing disk.
4458,3,2024-03-21 04:57:52,Security,378,tech046,Replaced faulty NIC and tested connectivity.
4459,0,2025-01-09 16:02:03,Network,78,tech028,Server rebooted successfully.
4460,1,2025-03-06 08:33:30,Network,300,tech028,Performed kernel update and rebooted.
4461,2,2024-06-06 19:22:46,Incident,316,tech045,Checked disk health; replaced failing disk.
4462,3,2024-06-21 23:30:37,Security,184,tech022,Database service restarted after crash.
4463,0,2025-05-30 11:03:04,Network,246,tech028,Database service restarted after crash.
4464,1,2024-04-08 04:19:35,Security,77,tech012,Updated TLS certificates.
4465,2,2024-10-03 19:47:22,Network,265,tech037,Updated TLS certificates.
4466,0,2025-02-11 19:59:24,Patch,210,tech025,Checked disk health; replaced failing disk.
4467,1,2024-08-15 21:42:37,Security,50,tech017,Adjusted firewall rules.
4468,2,2024-09-20 13:49:01,Incident,149,tech011,Server rebooted successfully.
4469,3,2025-01-17 23:56:07,Upgrade,333,tech009,Updated TLS certificates.
4470,4,2024-06-13 15:32:33,Patch,166,tech010,Updated TLS certificates.
4471,0,2024-02-27 15:24:53,Incident,110,tech033,Updated TLS certificates.
4472,1,2024-05-16 00:00:12,Network,44,tech010,Database service restarted after crash.
4473,2,2024-10-18 03:35:12,Incident,321,tech035,Replaced faulty NIC and tested connectivity.
4474,0,2024-06-03 18:24:37,Security,305,tech005,Performed kernel update and rebooted.
4475,1,2024-06-03 18:05:10,Security,337,tech031,Server rebooted successfully.
4476,0,2024-08-20 21:33:09,Network,312,tech019,Server rebooted successfully.
4477,1,2025-05-15 00:13:21,Security,385,tech033,Server rebooted successfully.
4478,0,2025-01-07 21:06:56,Upgrade,226,tech035,Checked disk health; replaced failing disk.
4479,1,2025-02-13 02:48:05,Patch,134,tech002,Server rebooted successfully.
4480,2,2024-02-04 05:44:16,Security,98,tech041,Server rebooted successfully.
4481,3,2025-08-17 08:29:18,Network,92,tech021,Checked disk health; replaced failing disk.
4482,4,2024-02-18 23:47:40,Security,85,tech039,Server rebooted successfully.
4483,0,2024-06-29 00:52:35,Security,155,tech028,Server rebooted successfully.
4484,1,2024-07-16 05:16:35,Upgrade,32,tech031,Checked disk health; replaced failing disk.
4485,2,2024-07-19 17:13:13,Patch,246,tech046,Server rebooted successfully.
4486,3,2025-09-24 06:18:10,Network,91,tech044,Applied security patch and verified.
4487,4,2025-04-18 00:54:03,Upgrade,168,tech040,Performed kernel update and rebooted.
4488,0,2025-01-06 20:14:23,Upgrade,34,tech013,Adjusted firewall rules.
4489,1,2024-02-02 10:08:54,Patch,250,tech009,Database service restarted after crash.
4490,2,2024-11-20 11:50:36,Upgrade,271,tech026,Performed kernel update and rebooted.
4491,3,2024-04-14 06:18:13,Upgrade,276,tech007,Database service restarted after crash.
4492,0,2024-06-21 14:56:31,Upgrade,342,tech043,Server rebooted successfully.
4493,1,2024-11-27 15:57:16,Upgrade,111,tech018,Checked disk health; replaced failing disk.
4494,2,2024-08-31 14:05:59,Network,117,tech040,Replaced faulty NIC and tested connectivity.
4495,0,2024-08-13 09:13:48,Upgrade,56,tech049,Applied security patch and verified.
4496,1,2024-04-06 13:50:31,Network,352,tech036,Database service restarted after crash.
4497,2,2024-11-03 05:31:03,Network,208,tech006,Applied security patch and verified.
4498,3,2024-11-20 00:56:04,Incident,363,tech038,Updated TLS certificates.
4499,4,2024-10-05 03:24:49,Upgrade,365,tech005,Checked disk health; replaced failing disk.
4500,0,2024-06-28 17:56:34,Patch,139,tech017,Database service restarted after crash.
4501,0,2024-01-21 01:26:00,Network,384,tech011,Replaced faulty NIC and tested connectivity.
4502,1,2025-09-15 01:47:27,Incident,13,tech029,Performed kernel update and rebooted.
4503,2,2025-06-23 09:51:15,Network,24,tech010,Performed kernel update and rebooted.
4504,3,2024-12-12 07:56:32,Incident,284,tech006,Applied security patch and verified.
4505,4,2024-06-12 16:47:09,Upgrade,321,tech011,Server rebooted successfully.
4506,0,2024-12-31 22:43:46,Network,397,tech046,Applied security patch and verified.
4507,1,2024-10-12 02:31:37,Incident,261,tech045,Server rebooted successfully.
4508,2,2025-01-26 05:15:12,Network,72,tech034,Performed kernel update and rebooted.
4509,0,2025-02-23 02:36:51,Upgrade,354,tech027,Checked disk health; replaced failing disk.
4510,1,2025-03-12 15:38:32,Upgrade,415,tech014,Adjusted firewall rules.
4511,2,2025-01-05 03:37:35,Patch,246,tech006,Adjusted firewall rules.
4512,0,2024-10-27 16:38:33,Incident,219,tech003,Updated TLS certificates.
4513,1,2025-01-03 07:56:18,Patch,70,tech005,Applied security patch and verified.
4514,2,2024-12-02 11:42:11,Upgrade,345,tech017,Adjusted firewall rules.
4515,0,2025-03-04 12:33:34,Security,270,tech002,Server rebooted successfully.
4516,1,2024-03-06 17:13:34,Security,59,tech006,Updated TLS certificates.
4517,2,2024-12-26 05:56:53,Incident,95,tech034,Database service restarted after crash.
4518,3,2025-04-29 15:28:28,Upgrade,64,tech038,Database service restarted after crash.
4519,4,2024-03-23 14:12:12,Incident,62,tech019,Adjusted firewall rules.
4520,5,2024-08-05 00:44:20,Network,349,tech009,Server rebooted successfully.
4521,0,2025-06-24 21:42:36,Patch,139,tech028,Adjusted firewall rules.
4522,1,2024-01-09 20:00:27,Network,311,tech040,Adjusted firewall rules.
4523,2,2025-07-25 04:38:57,Incident,6,tech003,Server rebooted successfully.
4524,0,2025-09-24 20:06:01,Patch,48,tech007,Checked disk health; replaced failing disk.
4525,0,2024-07-21 18:01:43,Upgrade,374,tech010,Checked disk health; replaced failing disk.
4526,0,2025-07-11 19:35:20,Upgrade,51,tech010,Database service restarted after crash.
4527,1,2024-01-21 08:08:20,Incident,303,tech012,Performed kernel update and rebooted.
4528,2,2024-11-14 06:57:39,Network,186,tech021,Performed kernel update and rebooted.
4529,3,2025-06-23 23:28:21,Security,356,tech017,Updated TLS certificates.
4530,0,2025-04-01 11:19:41,Incident,38,tech037,Adjusted firewall rules.
4531,0,2024-10-10 05:02:35,Security,296,tech020,Applied security patch and verified.
4532,1,2025-06-22 10:32:11,Security,28,tech010,Performed kernel update and rebooted.
4533,2,2024-06-12 01:09:32,Upgrade,270,tech026,Adjusted firewall rules.
4534,3,2025-05-26 19:24:03,Incident,221,tech044,Performed kernel update and rebooted.
4535,4,2024-11-07 00:30:40,Patch,168,tech023,Adjusted firewall rules.
4536,0,2025-09-20 02:48:27,Security,227,tech017,Checked disk health; replaced failing disk.
4537,1,2025-09-30 08:17:51,Security,86,tech009,Server rebooted successfully.
4538,2,2025-09-01 02:22:52,Patch,73,tech009,Database service restarted after crash.
4539,0,2025-01-19 05:40:45,Incident,413,tech040,Performed kernel update and rebooted.
4540,1,2025-05-18 11:59:54,Network,385,tech010,Server rebooted successfully.
4541,2,2024-11-26 18:50:24,Patch,46,tech050,Adjusted firewall rules.
4542,3,2024-10-26 06:46:10,Patch,125,tech043,Updated TLS certificates.
4543,0,2025-08-03 04:14:19,Patch,295,tech032,Server rebooted successfully.
4544,1,2024-01-21 04:00:30,Upgrade,316,tech045,Replaced faulty NIC and tested connectivity.
4545,2,2024-09-22 20:53:32,Patch,68,tech048,Database service restarted after crash.
4546,0,2025-08-18 22:46:36,Security,377,tech036,Replaced faulty NIC and tested connectivity.
4547,1,2025-06-27 20:41:14,Security,94,tech031,Server rebooted successfully.
4548,0,2024-05-07 12:12:18,Patch,159,tech024,Server rebooted successfully.
4549,1,2024-08-31 15:25:19,Network,173,tech006,Adjusted firewall rules.
4550,0,2024-08-22 11:35:10,Patch,220,tech023,Adjusted firewall rules.
4551,1,2024-12-08 00:14:13,Patch,202,tech021,Updated TLS certificates.
4552,0,2024-03-23 12:35:58,Patch,222,tech006,Applied security patch and verified.
4553,1,2025-06-20 02:33:17,Security,328,tech031,Database service restarted after crash.
4554,2,2024-12-05 04:24:43,Upgrade,404,tech026,Updated TLS certificates.
4555,3,2025-06-07 00:32:54,Incident,269,tech004,Applied security patch and verified.
4556,0,2024-12-16 02:33:56,Security,172,tech048,Server rebooted successfully.
4557,1,2024-05-13 09:55:52,Network,224,tech029,Performed kernel update and rebooted.
4558,2,2024-04-29 22:15:01,Security,5,tech041,Adjusted firewall rules.
4559,0,2024-12-07 11:15:12,Upgrade,282,tech034,Database service restarted after crash.
4560,1,2024-01-02 12:54:08,Incident,123,tech037,Adjusted firewall rules.
4561,2,2024-08-15 20:00:01,Patch,397,tech011,Server rebooted successfully.
4562,3,2025-09-26 22:35:15,Patch,382,tech019,Server rebooted successfully.
4563,4,2025-02-12 09:59:57,Upgrade,166,tech036,Checked disk health; replaced failing disk.
4564,0,2025-06-10 06:31:35,Incident,347,tech042,Adjusted firewall rules.
4565,1,2024-07-12 09:19:24,Patch,103,tech020,Updated TLS certificates.
4566,2,2024-11-02 11:25:43,Security,68,tech006,Performed kernel update and rebooted.
4567,3,2024-12-09 13:48:53,Incident,406,tech041,Replaced faulty NIC and tested connectivity.
4568,4,2024-08-31 05:33:23,Incident,418,tech033,Database service restarted after crash.
4569,0,2024-05-22 03:07:10,Upgrade,297,tech010,Updated TLS certificates.
4570,1,2024-04-20 01:26:55,Network,323,tech044,Replaced faulty NIC and tested connectivity.
4571,2,2024-03-28 10:07:39,Network,255,tech049,Adjusted firewall rules.
4572,3,2025-07-26 11:17:31,Network,16,tech005,Applied security patch and verified.
4573,4,2025-02-21 13:07:59,Upgrade,309,tech020,Replaced faulty NIC and tested connectivity.
4574,5,2024-07-20 04:33:36,Upgrade,15,tech021,Applied security patch and verified.
4575,0,2024-07-27 17:37:33,Incident,192,tech049,Updated TLS certificates.
4576,1,2025-06-29 04:51:33,Upgrade,166,tech034,Adjusted firewall rules.
4577,2,2024-05-30 15:20:40,Network,269,tech014,Checked disk health; replaced failing disk.
4578,3,2025-07-08 05:53:11,Incident,350,tech044,Updated TLS certificates.
4579,4,2024-07-22 18:27:01,Patch,86,tech028,Adjusted firewall rules.
4580,5,2024-02-03 05:44:08,Network,314,tech021,Database service restarted after crash.
4581,6,2025-01-19 21:48:45,Incident,187,tech031,Database service restarted after crash.
4582,0,2024-06-17 01:45:00,Patch,326,tech047,Adjusted firewall rules.
4583,0,2024-01-12 11:00:23,Upgrade,340,tech013,Checked disk health; replaced failing disk.
4584,1,2025-07-10 12:25:20,Security,203,tech023,Database service restarted after crash.
4585,2,2025-09-21 06:52:18,Upgrade,76,tech016,Updated TLS certificates.
4586,0,2024-09-24 22:25:22,Patch,179,tech034,Checked disk health; replaced failing disk.
4587,1,2024-05-10 05:49:42,Incident,285,tech047,Checked disk health; replaced failing disk.
4588,2,2025-07-23 21:21:32,Network,234,tech017,Adjusted firewall rules.
4589,3,2025-09-16 18:02:42,Upgrade,363,tech009,Server rebooted successfully.
4590,4,2024-02-15 11:30:56,Incident,163,tech016,Database service restarted after crash.
4591,0,2024-11-09 06:17:47,Security,394,tech044,Replaced faulty NIC and tested connectivity.
4592,1,2025-02-06 03:47:59,Patch,147,tech038,Checked disk health; replaced failing disk.
4593,2,2024-06-02 22:31:29,Patch,175,tech032,Applied security patch and verified.
4594,0,2024-11-13 18:30:14,Upgrade,252,tech037,Updated TLS certificates.
4595,1,2024-08-19 00:41:46,Incident,7,tech029,Checked disk health; replaced failing disk.
4596,2,2025-02-14 02:06:34,Incident,273,tech048,Database service restarted after crash.
4597,0,2025-05-28 16:00:36,Upgrade,96,tech042,Checked disk health; replaced failing disk.
4598,1,2024-01-31 15:30:36,Patch,26,tech005,Performed kernel update and rebooted.
4599,2,2025-08-06 13:20:11,Security,273,tech009,Checked disk health; replaced failing disk.
4600,0,2025-03-01 14:53:18,Security,331,tech034,Server rebooted successfully.
4601,1,2024-01-01 23:44:18,Security,12,tech012,Updated TLS certificates.
4602,2,2024-08-29 06:10:26,Patch,277,tech049,Checked disk health; replaced failing disk.
4603,0,2025-07-12 05:43:54,Upgrade,210,tech032,Database service restarted after crash.
4604,1,2025-08-28 23:16:22,Patch,159,tech014,Applied security patch and verified.
4605,0,2025-06-18 22:52:53,Network,317,tech019,Performed kernel update and rebooted.
4606,1,2024-08-27 23:04:26,Patch,201,tech047,Adjusted firewall rules.
4607,2,2024-10-31 12:51:06,Network,378,tech045,Server rebooted successfully.
4608,3,2024-10-31 00:44:55,Network,375,tech006,Replaced faulty NIC and tested connectivity.
4609,0,2024-03-05 14:45:10,Network,275,tech029,Database service restarted after crash.
4610,1,2024-01-25 22:30:33,Patch,70,tech006,Server rebooted successfully.
4611,0,2024-03-07 23:02:14,Network,156,tech007,Database service restarted after crash.
4612,1,2025-04-13 19:53:04,Network,195,tech024,Adjusted firewall rules.
4613,2,2024-02-07 05:18:03,Upgrade,13,tech002,Replaced faulty NIC and tested connectivity.
4614,3,2025-08-21 00:20:22,Patch,118,tech013,Applied security patch and verified.
4615,0,2024-06-12 01:53:02,Patch,415,tech010,Applied security patch and verified.
4616,0,2024-07-09 11:06:04,Network,408,tech019,Performed kernel update and rebooted.
4617,1,2024-11-11 07:31:38,Incident,292,tech028,Adjusted firewall rules.
4618,0,2024-02-12 06:38:26,Incident,111,tech022,Applied security patch and verified.
4619,1,2024-06-24 14:24:22,Security,158,tech044,Replaced faulty NIC and tested connectivity.
4620,2,2024-12-02 18:41:11,Incident,352,tech036,Replaced faulty NIC and tested connectivity.
4621,3,2025-03-13 01:48:34,Upgrade,259,tech045,Updated TLS certificates.
4622,0,2025-05-30 01:27:17,Patch,388,tech031,Updated TLS certificates.
4623,1,2024-09-20 17:16:34,Patch,310,tech044,Server rebooted successfully.
4624,2,2025-01-16 01:16:12,Security,17,tech039,Adjusted firewall rules.
4625,0,2024-05-30 15:25:56,Security,122,tech008,Adjusted firewall rules.
4626,1,2024-05-06 13:34:43,Incident,169,tech030,Applied security patch and verified.
4627,2,2024-10-04 17:27:50,Upgrade,81,tech042,Updated TLS certificates.
4628,3,2024-04-24 01:35:56,Patch,27,tech028,Updated TLS certificates.
4629,0,2024-04-15 16:03:47,Network,22,tech027,Server rebooted successfully.
4630,1,2024-12-19 22:00:56,Upgrade,257,tech016,Applied security patch and verified.
4631,2,2024-07-22 06:46:04,Security,337,tech040,Performed kernel update and rebooted.
4632,3,2024-02-28 10:24:37,Incident,32,tech016,Applied security patch and verified.
4633,0,2024-02-13 22:00:40,Upgrade,118,tech048,Server rebooted successfully.
4634,0,2025-07-14 00:38:06,Patch,148,tech031,Replaced faulty NIC and tested connectivity.
4635,1,2025-03-12 09:23:52,Incident,279,tech008,Server rebooted successfully.
4636,0,2024-05-23 21:16:50,Security,200,tech050,Checked disk health; replaced failing disk.
4637,1,2025-02-15 19:39:40,Incident,8,tech037,Adjusted firewall rules.
4638,0,2024-01-10 06:39:41,Security,104,tech003,Replaced faulty NIC and tested connectivity.
4639,1,2025-08-15 00:35:40,Network,226,tech025,Applied security patch and verified.
4640,2,2025-07-07 17:41:36,Incident,225,tech004,Replaced faulty NIC and tested connectivity.
